2026-06-01T20:32:08.183+08:00 DEBUG 31280 --- [pfms] [restartedMain] org.hibernate.SQL                        : 
    insert 
    into
        expense
        (aia, allowancesForParents, breakfast, criticare, date, debt, dinner, eatingOut, entertainment, groceries, haircut, holiday, incomeTax, internet, lunch, medical, mobilePhone, mortgage, others, privateTransport, propertyTax, publicTransport, shopping, sports, tech, termProtector, utilities) 
    values
        (?, ?, ?, ?, ?, ?, ?, ?, ?, ?, ?, ?, ?, ?, ?, ?, ?, ?, ?, ?, ?, ?, ?, ?, ?, ?, ?)
2026-06-01T20:32:08.191+08:00 DEBUG 31280 --- [pfms] [restartedMain] o.s.orm.jpa.JpaTransactionManager        : Initiating transaction commit
2026-06-01T20:32:08.192+08:00 DEBUG 31280 --- [pfms] [restartedMain] o.s.orm.jpa.JpaTransactionManager        : Committing JPA transaction on EntityManager [SessionImpl(1423072231<open>)]
2026-06-01T20:32:08.193+08:00 DEBUG 31280 --- [pfms] [restartedMain] o.s.orm.jpa.JpaTransactionManager        : Closing JPA EntityManager after transaction
2026-06-01T20:32:08.193+08:00 DEBUG 31280 --- [pfms] [restartedMain] o.s.orm.jpa.JpaTransactionManager        : Creating new transaction with name [org.springframework.data.jpa.repository.support.SimpleJpaRepository.save]: PROPAGATION_REQUIRED,ISOLATION_DEFAULT
2026-06-01T20:32:08.193+08:00 DEBUG 31280 --- [pfms] [restartedMain] o.s.orm.jpa.JpaTransactionManager        : Opened new EntityManager [SessionImpl(676250672<open>)] for JPA transaction
2026-06-01T20:32:08.195+08:00 DEBUG 31280 --- [pfms] [restartedMain] o.s.orm.jpa.JpaTransactionManager        : Exposing JPA transaction as JDBC [org.springframework.orm.jpa.vendor.HibernateJpaDialect$HibernateConnectionHandle@74e573d9]
2026-06-01T20:32:08.195+08:00 DEBUG 31280 --- [pfms] [restartedMain] org.hibernate.SQL                        : 
    insert 
    into
        expense
        (aia, allowancesForParents, breakfast, criticare, date, debt, dinner, eatingOut, entertainment, groceries, haircut, holiday, incomeTax, internet, lunch, medical, mobilePhone, mortgage, others, privateTransport, propertyTax, publicTransport, shopping, sports, tech, termProtector, utilities) 
    values
        (?, ?, ?, ?, ?, ?, ?, ?, ?, ?, ?, ?, ?, ?, ?, ?, ?, ?, ?, ?, ?, ?, ?, ?, ?, ?, ?)
2026-06-01T20:32:08.197+08:00 DEBUG 31280 --- [pfms] [restartedMain] o.s.orm.jpa.JpaTransactionManager        : Initiating transaction commit
2026-06-01T20:32:08.197+08:00 DEBUG 31280 --- [pfms] [restartedMain] o.s.orm.jpa.JpaTransactionManager        : Committing JPA transaction on EntityManager [SessionImpl(676250672<open>)]
2026-06-01T20:32:08.197+08:00 DEBUG 31280 --- [pfms] [restartedMain] o.s.orm.jpa.JpaTransactionManager        : Closing JPA EntityManager after transaction
2026-06-01T20:32:08.198+08:00 DEBUG 31280 --- [pfms] [restartedMain] o.s.orm.jpa.JpaTransactionManager        : Creating new transaction with name [org.springframework.data.jpa.repository.support.SimpleJpaRepository.save]: PROPAGATION_REQUIRED,ISOLATION_DEFAULT
2026-06-01T20:32:08.198+08:00 DEBUG 31280 --- [pfms] [restartedMain] o.s.orm.jpa.JpaTransactionManager        : Opened new EntityManager [SessionImpl(1141048588<open>)] for JPA transaction
2026-06-01T20:32:08.198+08:00 DEBUG 31280 --- [pfms] [restartedMain] o.s.orm.jpa.JpaTransactionManager        : Exposing JPA transaction as JDBC [org.springframework.orm.jpa.vendor.HibernateJpaDialect$HibernateConnectionHandle@1b27ddee]
2026-06-01T20:32:08.198+08:00 DEBUG 31280 --- [pfms] [restartedMain] org.hibernate.SQL                        : 
    insert 
    into
        expense
        (aia, allowancesForParents, breakfast, criticare, date, debt, dinner, eatingOut, entertainment, groceries, haircut, holiday, incomeTax, internet, lunch, medical, mobilePhone, mortgage, others, privateTransport, propertyTax, publicTransport, shopping, sports, tech, termProtector, utilities) 
    values
        (?, ?, ?, ?, ?, ?, ?, ?, ?, ?, ?, ?, ?, ?, ?, ?, ?, ?, ?, ?, ?, ?, ?, ?, ?, ?, ?)
2026-06-01T20:32:08.199+08:00 DEBUG 31280 --- [pfms] [restartedMain] o.s.orm.jpa.JpaTransactionManager        : Initiating transaction commit
2026-06-01T20:32:08.199+08:00 DEBUG 31280 --- [pfms] [restartedMain] o.s.orm.jpa.JpaTransactionManager        : Committing JPA transaction on EntityManager [SessionImpl(1141048588<open>)]
2026-06-01T20:32:08.200+08:00 DEBUG 31280 --- [pfms] [restartedMain] o.s.orm.jpa.JpaTransactionManager        : Closing JPA EntityManager after transaction
2026-06-01T20:32:08.200+08:00 DEBUG 31280 --- [pfms] [restartedMain] o.s.orm.jpa.JpaTransactionManager        : Creating new transaction with name [org.springframework.data.jpa.repository.support.SimpleJpaRepository.save]: PROPAGATION_REQUIRED,ISOLATION_DEFAULT
2026-06-01T20:32:08.200+08:00 DEBUG 31280 --- [pfms] [restartedMain] o.s.orm.jpa.JpaTransactionManager        : Opened new EntityManager [SessionImpl(1413650091<open>)] for JPA transaction
2026-06-01T20:32:08.200+08:00 DEBUG 31280 --- [pfms] [restartedMain] o.s.orm.jpa.JpaTransactionManager        : Exposing JPA transaction as JDBC [org.springframework.orm.jpa.vendor.HibernateJpaDialect$HibernateConnectionHandle@712fe960]
2026-06-01T20:32:08.201+08:00 DEBUG 31280 --- [pfms] [restartedMain] org.hibernate.SQL                        : 
    insert 
    into
        expense
        (aia, allowancesForParents, breakfast, criticare, date, debt, dinner, eatingOut, entertainment, groceries, haircut, holiday, incomeTax, internet, lunch, medical, mobilePhone, mortgage, others, privateTransport, propertyTax, publicTransport, shopping, sports, tech, termProtector, utilities) 
    values
        (?, ?, ?, ?, ?, ?, ?, ?, ?, ?, ?, ?, ?, ?, ?, ?, ?, ?, ?, ?, ?, ?, ?, ?, ?, ?, ?)
2026-06-01T20:32:08.201+08:00 DEBUG 31280 --- [pfms] [restartedMain] o.s.orm.jpa.JpaTransactionManager        : Initiating transaction commit
2026-06-01T20:32:08.201+08:00 DEBUG 31280 --- [pfms] [restartedMain] o.s.orm.jpa.JpaTransactionManager        : Committing JPA transaction on EntityManager [SessionImpl(1413650091<open>)]
2026-06-01T20:32:08.202+08:00 DEBUG 31280 --- [pfms] [restartedMain] o.s.orm.jpa.JpaTransactionManager        : Closing JPA EntityManager after transaction
2026-06-01T20:32:08.202+08:00 DEBUG 31280 --- [pfms] [restartedMain] o.s.orm.jpa.JpaTransactionManager        : Creating new transaction with name [org.springframework.data.jpa.repository.support.SimpleJpaRepository.save]: PROPAGATION_REQUIRED,ISOLATION_DEFAULT
2026-06-01T20:32:08.203+08:00 DEBUG 31280 --- [pfms] [restartedMain] o.s.orm.jpa.JpaTransactionManager        : Opened new EntityManager [SessionImpl(1056424986<open>)] for JPA transaction
2026-06-01T20:32:08.203+08:00 DEBUG 31280 --- [pfms] [restartedMain] o.s.orm.jpa.JpaTransactionManager        : Exposing JPA transaction as JDBC [org.springframework.orm.jpa.vendor.HibernateJpaDialect$HibernateConnectionHandle@309d5e4d]
2026-06-01T20:32:08.203+08:00 DEBUG 31280 --- [pfms] [restartedMain] org.hibernate.SQL                        : 
    insert 
    into
        expense
        (aia, allowancesForParents, breakfast, criticare, date, debt, dinner, eatingOut, entertainment, groceries, haircut, holiday, incomeTax, internet, lunch, medical, mobilePhone, mortgage, others, privateTransport, propertyTax, publicTransport, shopping, sports, tech, termProtector, utilities) 
    values
        (?, ?, ?, ?, ?, ?, ?, ?, ?, ?, ?, ?, ?, ?, ?, ?, ?, ?, ?, ?, ?, ?, ?, ?, ?, ?, ?)
2026-06-01T20:32:08.205+08:00 DEBUG 31280 --- [pfms] [restartedMain] o.s.orm.jpa.JpaTransactionManager        : Initiating transaction commit
2026-06-01T20:32:08.205+08:00 DEBUG 31280 --- [pfms] [restartedMain] o.s.orm.jpa.JpaTransactionManager        : Committing JPA transaction on EntityManager [SessionImpl(1056424986<open>)]
2026-06-01T20:32:08.205+08:00 DEBUG 31280 --- [pfms] [restartedMain] o.s.orm.jpa.JpaTransactionManager        : Closing JPA EntityManager after transaction
2026-06-01T20:32:08.205+08:00 DEBUG 31280 --- [pfms] [restartedMain] o.s.orm.jpa.JpaTransactionManager        : Creating new transaction with name [org.springframework.data.jpa.repository.support.SimpleJpaRepository.save]: PROPAGATION_REQUIRED,ISOLATION_DEFAULT
2026-06-01T20:32:08.206+08:00 DEBUG 31280 --- [pfms] [restartedMain] o.s.orm.jpa.JpaTransactionManager        : Opened new EntityManager [SessionImpl(2115304882<open>)] for JPA transaction
2026-06-01T20:32:08.206+08:00 DEBUG 31280 --- [pfms] [restartedMain] o.s.orm.jpa.JpaTransactionManager        : Exposing JPA transaction as JDBC [org.springframework.orm.jpa.vendor.HibernateJpaDialect$HibernateConnectionHandle@2421bb0b]
2026-06-01T20:32:08.206+08:00 DEBUG 31280 --- [pfms] [restartedMain] org.hibernate.SQL                        : 
    insert 
    into
        expense
        (aia, allowancesForParents, breakfast, criticare, date, debt, dinner, eatingOut, entertainment, groceries, haircut, holiday, incomeTax, internet, lunch, medical, mobilePhone, mortgage, others, privateTransport, propertyTax, publicTransport, shopping, sports, tech, termProtector, utilities) 
    values
        (?, ?, ?, ?, ?, ?, ?, ?, ?, ?, ?, ?, ?, ?, ?, ?, ?, ?, ?, ?, ?, ?, ?, ?, ?, ?, ?)
2026-06-01T20:32:08.207+08:00 DEBUG 31280 --- [pfms] [restartedMain] o.s.orm.jpa.JpaTransactionManager        : Initiating transaction commit
2026-06-01T20:32:08.207+08:00 DEBUG 31280 --- [pfms] [restartedMain] o.s.orm.jpa.JpaTransactionManager        : Committing JPA transaction on EntityManager [SessionImpl(2115304882<open>)]
2026-06-01T20:32:08.207+08:00 DEBUG 31280 --- [pfms] [restartedMain] o.s.orm.jpa.JpaTransactionManager        : Closing JPA EntityManager after transaction
2026-06-01T20:32:08.209+08:00 DEBUG 31280 --- [pfms] [restartedMain] o.s.orm.jpa.JpaTransactionManager        : Creating new transaction with name [org.springframework.data.jpa.repository.support.SimpleJpaRepository.save]: PROPAGATION_REQUIRED,ISOLATION_DEFAULT
2026-06-01T20:32:08.209+08:00 DEBUG 31280 --- [pfms] [restartedMain] o.s.orm.jpa.JpaTransactionManager        : Opened new EntityManager [SessionImpl(1624012842<open>)] for JPA transaction
2026-06-01T20:32:08.209+08:00 DEBUG 31280 --- [pfms] [restartedMain] o.s.orm.jpa.JpaTransactionManager        : Exposing JPA transaction as JDBC [org.springframework.orm.jpa.vendor.HibernateJpaDialect$HibernateConnectionHandle@499c7edb]
2026-06-01T20:32:08.210+08:00 DEBUG 31280 --- [pfms] [restartedMain] org.hibernate.SQL                        : 
    insert 
    into
        expense
        (aia, allowancesForParents, breakfast, criticare, date, debt, dinner, eatingOut, entertainment, groceries, haircut, holiday, incomeTax, internet, lunch, medical, mobilePhone, mortgage, others, privateTransport, propertyTax, publicTransport, shopping, sports, tech, termProtector, utilities) 
    values
        (?, ?, ?, ?, ?, ?, ?, ?, ?, ?, ?, ?, ?, ?, ?, ?, ?, ?, ?, ?, ?, ?, ?, ?, ?, ?, ?)
2026-06-01T20:32:08.211+08:00 DEBUG 31280 --- [pfms] [restartedMain] o.s.orm.jpa.JpaTransactionManager        : Initiating transaction commit
2026-06-01T20:32:08.211+08:00 DEBUG 31280 --- [pfms] [restartedMain] o.s.orm.jpa.JpaTransactionManager        : Committing JPA transaction on EntityManager [SessionImpl(1624012842<open>)]
2026-06-01T20:32:08.212+08:00 DEBUG 31280 --- [pfms] [restartedMain] o.s.orm.jpa.JpaTransactionManager        : Closing JPA EntityManager after transaction
2026-06-01T20:32:08.212+08:00 DEBUG 31280 --- [pfms] [restartedMain] o.s.orm.jpa.JpaTransactionManager        : Creating new transaction with name [org.springframework.data.jpa.repository.support.SimpleJpaRepository.save]: PROPAGATION_REQUIRED,ISOLATION_DEFAULT
2026-06-01T20:32:08.212+08:00 DEBUG 31280 --- [pfms] [restartedMain] o.s.orm.jpa.JpaTransactionManager        : Opened new EntityManager [SessionImpl(1404164384<open>)] for JPA transaction
2026-06-01T20:32:08.212+08:00 DEBUG 31280 --- [pfms] [restartedMain] o.s.orm.jpa.JpaTransactionManager        : Exposing JPA transaction as JDBC [org.springframework.orm.jpa.vendor.HibernateJpaDialect$HibernateConnectionHandle@79711f2b]
2026-06-01T20:32:08.212+08:00 DEBUG 31280 --- [pfms] [restartedMain] org.hibernate.SQL                        : 
    insert 
    into
        expense
        (aia, allowancesForParents, breakfast, criticare, date, debt, dinner, eatingOut, entertainment, groceries, haircut, holiday, incomeTax, internet, lunch, medical, mobilePhone, mortgage, others, privateTransport, propertyTax, publicTransport, shopping, sports, tech, termProtector, utilities) 
    values
        (?, ?, ?, ?, ?, ?, ?, ?, ?, ?, ?, ?, ?, ?, ?, ?, ?, ?, ?, ?, ?, ?, ?, ?, ?, ?, ?)
2026-06-01T20:32:08.213+08:00 DEBUG 31280 --- [pfms] [restartedMain] o.s.orm.jpa.JpaTransactionManager        : Initiating transaction commit
2026-06-01T20:32:08.213+08:00 DEBUG 31280 --- [pfms] [restartedMain] o.s.orm.jpa.JpaTransactionManager        : Committing JPA transaction on EntityManager [SessionImpl(1404164384<open>)]
2026-06-01T20:32:08.213+08:00 DEBUG 31280 --- [pfms] [restartedMain] o.s.orm.jpa.JpaTransactionManager        : Closing JPA EntityManager after transaction
2026-06-01T20:32:08.214+08:00 DEBUG 31280 --- [pfms] [restartedMain] o.s.orm.jpa.JpaTransactionManager        : Creating new transaction with name [org.springframework.data.jpa.repository.support.SimpleJpaRepository.save]: PROPAGATION_REQUIRED,ISOLATION_DEFAULT
2026-06-01T20:32:08.214+08:00 DEBUG 31280 --- [pfms] [restartedMain] o.s.orm.jpa.JpaTransactionManager        : Opened new EntityManager [SessionImpl(507726321<open>)] for JPA transaction
2026-06-01T20:32:08.214+08:00 DEBUG 31280 --- [pfms] [restartedMain] o.s.orm.jpa.JpaTransactionManager        : Exposing JPA transaction as JDBC [org.springframework.orm.jpa.vendor.HibernateJpaDialect$HibernateConnectionHandle@6fba9555]
2026-06-01T20:32:08.214+08:00 DEBUG 31280 --- [pfms] [restartedMain] org.hibernate.SQL                        : 
    insert 
    into
        expense
        (aia, allowancesForParents, breakfast, criticare, date, debt, dinner, eatingOut, entertainment, groceries, haircut, holiday, incomeTax, internet, lunch, medical, mobilePhone, mortgage, others, privateTransport, propertyTax, publicTransport, shopping, sports, tech, termProtector, utilities) 
    values
        (?, ?, ?, ?, ?, ?, ?, ?, ?, ?, ?, ?, ?, ?, ?, ?, ?, ?, ?, ?, ?, ?, ?, ?, ?, ?, ?)
2026-06-01T20:32:08.215+08:00 DEBUG 31280 --- [pfms] [restartedMain] o.s.orm.jpa.JpaTransactionManager        : Initiating transaction commit
2026-06-01T20:32:08.215+08:00 DEBUG 31280 --- [pfms] [restartedMain] o.s.orm.jpa.JpaTransactionManager        : Committing JPA transaction on EntityManager [SessionImpl(507726321<open>)]
2026-06-01T20:32:08.216+08:00 DEBUG 31280 --- [pfms] [restartedMain] o.s.orm.jpa.JpaTransactionManager        : Closing JPA EntityManager after transaction
2026-06-01T20:32:08.216+08:00 DEBUG 31280 --- [pfms] [restartedMain] o.s.orm.jpa.JpaTransactionManager        : Creating new transaction with name [org.springframework.data.jpa.repository.support.SimpleJpaRepository.save]: PROPAGATION_REQUIRED,ISOLATION_DEFAULT
2026-06-01T20:32:08.217+08:00 DEBUG 31280 --- [pfms] [restartedMain] o.s.orm.jpa.JpaTransactionManager        : Opened new EntityManager [SessionImpl(1247368230<open>)] for JPA transaction
2026-06-01T20:32:08.217+08:00 DEBUG 31280 --- [pfms] [restartedMain] o.s.orm.jpa.JpaTransactionManager        : Exposing JPA transaction as JDBC [org.springframework.orm.jpa.vendor.HibernateJpaDialect$HibernateConnectionHandle@71727005]
2026-06-01T20:32:08.217+08:00 DEBUG 31280 --- [pfms] [restartedMain] org.hibernate.SQL                        : 
    insert 
    into
        expense
        (aia, allowancesForParents, breakfast, criticare, date, debt, dinner, eatingOut, entertainment, groceries, haircut, holiday, incomeTax, internet, lunch, medical, mobilePhone, mortgage, others, privateTransport, propertyTax, publicTransport, shopping, sports, tech, termProtector, utilities) 
    values
        (?, ?, ?, ?, ?, ?, ?, ?, ?, ?, ?, ?, ?, ?, ?, ?, ?, ?, ?, ?, ?, ?, ?, ?, ?, ?, ?)
2026-06-01T20:32:08.218+08:00 DEBUG 31280 --- [pfms] [restartedMain] o.s.orm.jpa.JpaTransactionManager        : Initiating transaction commit
2026-06-01T20:32:08.218+08:00 DEBUG 31280 --- [pfms] [restartedMain] o.s.orm.jpa.JpaTransactionManager        : Committing JPA transaction on EntityManager [SessionImpl(1247368230<open>)]
2026-06-01T20:32:08.219+08:00 DEBUG 31280 --- [pfms] [restartedMain] o.s.orm.jpa.JpaTransactionManager        : Closing JPA EntityManager after transaction
2026-06-01T20:32:08.219+08:00 DEBUG 31280 --- [pfms] [restartedMain] o.s.orm.jpa.JpaTransactionManager        : Creating new transaction with name [org.springframework.data.jpa.repository.support.SimpleJpaRepository.save]: PROPAGATION_REQUIRED,ISOLATION_DEFAULT
2026-06-01T20:32:08.219+08:00 DEBUG 31280 --- [pfms] [restartedMain] o.s.orm.jpa.JpaTransactionManager        : Opened new EntityManager [SessionImpl(150059541<open>)] for JPA transaction
2026-06-01T20:32:08.219+08:00 DEBUG 31280 --- [pfms] [restartedMain] o.s.orm.jpa.JpaTransactionManager        : Exposing JPA transaction as JDBC [org.springframework.orm.jpa.vendor.HibernateJpaDialect$HibernateConnectionHandle@6ae11156]
2026-06-01T20:32:08.219+08:00 DEBUG 31280 --- [pfms] [restartedMain] org.hibernate.SQL                        : 
    insert 
    into
        expense
        (aia, allowancesForParents, breakfast, criticare, date, debt, dinner, eatingOut, entertainment, groceries, haircut, holiday, incomeTax, internet, lunch, medical, mobilePhone, mortgage, others, privateTransport, propertyTax, publicTransport, shopping, sports, tech, termProtector, utilities) 
    values
        (?, ?, ?, ?, ?, ?, ?, ?, ?, ?, ?, ?, ?, ?, ?, ?, ?, ?, ?, ?, ?, ?, ?, ?, ?, ?, ?)
2026-06-01T20:32:08.219+08:00 DEBUG 31280 --- [pfms] [restartedMain] o.s.orm.jpa.JpaTransactionManager        : Initiating transaction commit
2026-06-01T20:32:08.222+08:00 DEBUG 31280 --- [pfms] [restartedMain] o.s.orm.jpa.JpaTransactionManager        : Committing JPA transaction on EntityManager [SessionImpl(150059541<open>)]
2026-06-01T20:32:08.222+08:00 DEBUG 31280 --- [pfms] [restartedMain] o.s.orm.jpa.JpaTransactionManager        : Closing JPA EntityManager after transaction
2026-06-01T20:32:08.222+08:00 DEBUG 31280 --- [pfms] [restartedMain] o.s.orm.jpa.JpaTransactionManager        : Creating new transaction with name [org.springframework.data.jpa.repository.support.SimpleJpaRepository.save]: PROPAGATION_REQUIRED,ISOLATION_DEFAULT
2026-06-01T20:32:08.223+08:00 DEBUG 31280 --- [pfms] [restartedMain] o.s.orm.jpa.JpaTransactionManager        : Opened new EntityManager [SessionImpl(71866122<open>)] for JPA transaction
2026-06-01T20:32:08.223+08:00 DEBUG 31280 --- [pfms] [restartedMain] o.s.orm.jpa.JpaTransactionManager        : Exposing JPA transaction as JDBC [org.springframework.orm.jpa.vendor.HibernateJpaDialect$HibernateConnectionHandle@66c14d74]
2026-06-01T20:32:08.224+08:00 DEBUG 31280 --- [pfms] [restartedMain] org.hibernate.SQL                        : 
    insert 
    into
        expense
        (aia, allowancesForParents, breakfast, criticare, date, debt, dinner, eatingOut, entertainment, groceries, haircut, holiday, incomeTax, internet, lunch, medical, mobilePhone, mortgage, others, privateTransport, propertyTax, publicTransport, shopping, sports, tech, termProtector, utilities) 
    values
        (?, ?, ?, ?, ?, ?, ?, ?, ?, ?, ?, ?, ?, ?, ?, ?, ?, ?, ?, ?, ?, ?, ?, ?, ?, ?, ?)
2026-06-01T20:32:08.225+08:00 DEBUG 31280 --- [pfms] [restartedMain] o.s.orm.jpa.JpaTransactionManager        : Initiating transaction commit
2026-06-01T20:32:08.225+08:00 DEBUG 31280 --- [pfms] [restartedMain] o.s.orm.jpa.JpaTransactionManager        : Committing JPA transaction on EntityManager [SessionImpl(71866122<open>)]
2026-06-01T20:32:08.225+08:00 DEBUG 31280 --- [pfms] [restartedMain] o.s.orm.jpa.JpaTransactionManager        : Closing JPA EntityManager after transaction
2026-06-01T20:32:08.226+08:00 DEBUG 31280 --- [pfms] [restartedMain] o.s.orm.jpa.JpaTransactionManager        : Creating new transaction with name [org.springframework.data.jpa.repository.support.SimpleJpaRepository.save]: PROPAGATION_REQUIRED,ISOLATION_DEFAULT
2026-06-01T20:32:08.226+08:00 DEBUG 31280 --- [pfms] [restartedMain] o.s.orm.jpa.JpaTransactionManager        : Opened new EntityManager [SessionImpl(1982977674<open>)] for JPA transaction
2026-06-01T20:32:08.226+08:00 DEBUG 31280 --- [pfms] [restartedMain] o.s.orm.jpa.JpaTransactionManager        : Exposing JPA transaction as JDBC [org.springframework.orm.jpa.vendor.HibernateJpaDialect$HibernateConnectionHandle@1af78fd5]
2026-06-01T20:32:08.226+08:00 DEBUG 31280 --- [pfms] [restartedMain] org.hibernate.SQL                        : 
    insert 
    into
        expense
        (aia, allowancesForParents, breakfast, criticare, date, debt, dinner, eatingOut, entertainment, groceries, haircut, holiday, incomeTax, internet, lunch, medical, mobilePhone, mortgage, others, privateTransport, propertyTax, publicTransport, shopping, sports, tech, termProtector, utilities) 
    values
        (?, ?, ?, ?, ?, ?, ?, ?, ?, ?, ?, ?, ?, ?, ?, ?, ?, ?, ?, ?, ?, ?, ?, ?, ?, ?, ?)
2026-06-01T20:32:08.227+08:00 DEBUG 31280 --- [pfms] [restartedMain] o.s.orm.jpa.JpaTransactionManager        : Initiating transaction commit
2026-06-01T20:32:08.227+08:00 DEBUG 31280 --- [pfms] [restartedMain] o.s.orm.jpa.JpaTransactionManager        : Committing JPA transaction on EntityManager [SessionImpl(1982977674<open>)]
2026-06-01T20:32:08.228+08:00 DEBUG 31280 --- [pfms] [restartedMain] o.s.orm.jpa.JpaTransactionManager        : Closing JPA EntityManager after transaction
2026-06-01T20:32:08.228+08:00 DEBUG 31280 --- [pfms] [restartedMain] o.s.orm.jpa.JpaTransactionManager        : Creating new transaction with name [org.springframework.data.jpa.repository.support.SimpleJpaRepository.save]: PROPAGATION_REQUIRED,ISOLATION_DEFAULT
2026-06-01T20:32:08.228+08:00 DEBUG 31280 --- [pfms] [restartedMain] o.s.orm.jpa.JpaTransactionManager        : Opened new EntityManager [SessionImpl(1234354189<open>)] for JPA transaction
2026-06-01T20:32:08.228+08:00 DEBUG 31280 --- [pfms] [restartedMain] o.s.orm.jpa.JpaTransactionManager        : Exposing JPA transaction as JDBC [org.springframework.orm.jpa.vendor.HibernateJpaDialect$HibernateConnectionHandle@6f3d77cd]
2026-06-01T20:32:08.228+08:00 DEBUG 31280 --- [pfms] [restartedMain] org.hibernate.SQL                        : 
    insert 
    into
        expense
        (aia, allowancesForParents, breakfast, criticare, date, debt, dinner, eatingOut, entertainment, groceries, haircut, holiday, incomeTax, internet, lunch, medical, mobilePhone, mortgage, others, privateTransport, propertyTax, publicTransport, shopping, sports, tech, termProtector, utilities) 
    values
        (?, ?, ?, ?, ?, ?, ?, ?, ?, ?, ?, ?, ?, ?, ?, ?, ?, ?, ?, ?, ?, ?, ?, ?, ?, ?, ?)
2026-06-01T20:32:08.229+08:00 DEBUG 31280 --- [pfms] [restartedMain] o.s.orm.jpa.JpaTransactionManager        : Initiating transaction commit
2026-06-01T20:32:08.229+08:00 DEBUG 31280 --- [pfms] [restartedMain] o.s.orm.jpa.JpaTransactionManager        : Committing JPA transaction on EntityManager [SessionImpl(1234354189<open>)]
2026-06-01T20:32:08.229+08:00 DEBUG 31280 --- [pfms] [restartedMain] o.s.orm.jpa.JpaTransactionManager        : Closing JPA EntityManager after transaction
2026-06-01T20:32:08.229+08:00 DEBUG 31280 --- [pfms] [restartedMain] o.s.orm.jpa.JpaTransactionManager        : Creating new transaction with name [org.springframework.data.jpa.repository.support.SimpleJpaRepository.save]: PROPAGATION_REQUIRED,ISOLATION_DEFAULT
2026-06-01T20:32:08.229+08:00 DEBUG 31280 --- [pfms] [restartedMain] o.s.orm.jpa.JpaTransactionManager        : Opened new EntityManager [SessionImpl(779127904<open>)] for JPA transaction
2026-06-01T20:32:08.229+08:00 DEBUG 31280 --- [pfms] [restartedMain] o.s.orm.jpa.JpaTransactionManager        : Exposing JPA transaction as JDBC [org.springframework.orm.jpa.vendor.HibernateJpaDialect$HibernateConnectionHandle@2af7057c]
2026-06-01T20:32:08.229+08:00 DEBUG 31280 --- [pfms] [restartedMain] org.hibernate.SQL                        : 
    insert 
    into
        expense
        (aia, allowancesForParents, breakfast, criticare, date, debt, dinner, eatingOut, entertainment, groceries, haircut, holiday, incomeTax, internet, lunch, medical, mobilePhone, mortgage, others, privateTransport, propertyTax, publicTransport, shopping, sports, tech, termProtector, utilities) 
    values
        (?, ?, ?, ?, ?, ?, ?, ?, ?, ?, ?, ?, ?, ?, ?, ?, ?, ?, ?, ?, ?, ?, ?, ?, ?, ?, ?)
2026-06-01T20:32:08.232+08:00 DEBUG 31280 --- [pfms] [restartedMain] o.s.orm.jpa.JpaTransactionManager        : Initiating transaction commit
2026-06-01T20:32:08.232+08:00 DEBUG 31280 --- [pfms] [restartedMain] o.s.orm.jpa.JpaTransactionManager        : Committing JPA transaction on EntityManager [SessionImpl(779127904<open>)]
2026-06-01T20:32:08.232+08:00 DEBUG 31280 --- [pfms] [restartedMain] o.s.orm.jpa.JpaTransactionManager        : Closing JPA EntityManager after transaction
2026-06-01T20:32:08.232+08:00 DEBUG 31280 --- [pfms] [restartedMain] o.s.orm.jpa.JpaTransactionManager        : Creating new transaction with name [org.springframework.data.jpa.repository.support.SimpleJpaRepository.save]: PROPAGATION_REQUIRED,ISOLATION_DEFAULT
2026-06-01T20:32:08.232+08:00 DEBUG 31280 --- [pfms] [restartedMain] o.s.orm.jpa.JpaTransactionManager        : Opened new EntityManager [SessionImpl(81865489<open>)] for JPA transaction
2026-06-01T20:32:08.232+08:00 DEBUG 31280 --- [pfms] [restartedMain] o.s.orm.jpa.JpaTransactionManager        : Exposing JPA transaction as JDBC [org.springframework.orm.jpa.vendor.HibernateJpaDialect$HibernateConnectionHandle@162f1214]
2026-06-01T20:32:08.232+08:00 DEBUG 31280 --- [pfms] [restartedMain] org.hibernate.SQL                        : 
    insert 
    into
        expense
        (aia, allowancesForParents, breakfast, criticare, date, debt, dinner, eatingOut, entertainment, groceries, haircut, holiday, incomeTax, internet, lunch, medical, mobilePhone, mortgage, others, privateTransport, propertyTax, publicTransport, shopping, sports, tech, termProtector, utilities) 
    values
        (?, ?, ?, ?, ?, ?, ?, ?, ?, ?, ?, ?, ?, ?, ?, ?, ?, ?, ?, ?, ?, ?, ?, ?, ?, ?, ?)
2026-06-01T20:32:08.232+08:00 DEBUG 31280 --- [pfms] [restartedMain] o.s.orm.jpa.JpaTransactionManager        : Initiating transaction commit
2026-06-01T20:32:08.232+08:00 DEBUG 31280 --- [pfms] [restartedMain] o.s.orm.jpa.JpaTransactionManager        : Committing JPA transaction on EntityManager [SessionImpl(81865489<open>)]
2026-06-01T20:32:08.235+08:00 DEBUG 31280 --- [pfms] [restartedMain] o.s.orm.jpa.JpaTransactionManager        : Closing JPA EntityManager after transaction
2026-06-01T20:32:08.235+08:00 DEBUG 31280 --- [pfms] [restartedMain] o.s.orm.jpa.JpaTransactionManager        : Creating new transaction with name [org.springframework.data.jpa.repository.support.SimpleJpaRepository.save]: PROPAGATION_REQUIRED,ISOLATION_DEFAULT
2026-06-01T20:32:08.235+08:00 DEBUG 31280 --- [pfms] [restartedMain] o.s.orm.jpa.JpaTransactionManager        : Opened new EntityManager [SessionImpl(829651253<open>)] for JPA transaction
2026-06-01T20:32:08.236+08:00 DEBUG 31280 --- [pfms] [restartedMain] o.s.orm.jpa.JpaTransactionManager        : Exposing JPA transaction as JDBC [org.springframework.orm.jpa.vendor.HibernateJpaDialect$HibernateConnectionHandle@5fa272bd]
2026-06-01T20:32:08.236+08:00 DEBUG 31280 --- [pfms] [restartedMain] org.hibernate.SQL                        : 
    insert 
    into
        expense
        (aia, allowancesForParents, breakfast, criticare, date, debt, dinner, eatingOut, entertainment, groceries, haircut, holiday, incomeTax, internet, lunch, medical, mobilePhone, mortgage, others, privateTransport, propertyTax, publicTransport, shopping, sports, tech, termProtector, utilities) 
    values
        (?, ?, ?, ?, ?, ?, ?, ?, ?, ?, ?, ?, ?, ?, ?, ?, ?, ?, ?, ?, ?, ?, ?, ?, ?, ?, ?)
2026-06-01T20:32:08.237+08:00 DEBUG 31280 --- [pfms] [restartedMain] o.s.orm.jpa.JpaTransactionManager        : Initiating transaction commit
2026-06-01T20:32:08.237+08:00 DEBUG 31280 --- [pfms] [restartedMain] o.s.orm.jpa.JpaTransactionManager        : Committing JPA transaction on EntityManager [SessionImpl(829651253<open>)]
2026-06-01T20:32:08.237+08:00 DEBUG 31280 --- [pfms] [restartedMain] o.s.orm.jpa.JpaTransactionManager        : Closing JPA EntityManager after transaction
2026-06-01T20:32:08.238+08:00 DEBUG 31280 --- [pfms] [restartedMain] o.s.orm.jpa.JpaTransactionManager        : Creating new transaction with name [org.springframework.data.jpa.repository.support.SimpleJpaRepository.save]: PROPAGATION_REQUIRED,ISOLATION_DEFAULT
2026-06-01T20:32:08.238+08:00 DEBUG 31280 --- [pfms] [restartedMain] o.s.orm.jpa.JpaTransactionManager        : Opened new EntityManager [SessionImpl(1214738579<open>)] for JPA transaction
2026-06-01T20:32:08.238+08:00 DEBUG 31280 --- [pfms] [restartedMain] o.s.orm.jpa.JpaTransactionManager        : Exposing JPA transaction as JDBC [org.springframework.orm.jpa.vendor.HibernateJpaDialect$HibernateConnectionHandle@41cc4b8]
2026-06-01T20:32:08.239+08:00 DEBUG 31280 --- [pfms] [restartedMain] org.hibernate.SQL                        : 
    insert 
    into
        expense
        (aia, allowancesForParents, breakfast, criticare, date, debt, dinner, eatingOut, entertainment, groceries, haircut, holiday, incomeTax, internet, lunch, medical, mobilePhone, mortgage, others, privateTransport, propertyTax, publicTransport, shopping, sports, tech, termProtector, utilities) 
    values
        (?, ?, ?, ?, ?, ?, ?, ?, ?, ?, ?, ?, ?, ?, ?, ?, ?, ?, ?, ?, ?, ?, ?, ?, ?, ?, ?)
2026-06-01T20:32:08.240+08:00 DEBUG 31280 --- [pfms] [restartedMain] o.s.orm.jpa.JpaTransactionManager        : Initiating transaction commit
2026-06-01T20:32:08.240+08:00 DEBUG 31280 --- [pfms] [restartedMain] o.s.orm.jpa.JpaTransactionManager        : Committing JPA transaction on EntityManager [SessionImpl(1214738579<open>)]
2026-06-01T20:32:08.242+08:00 DEBUG 31280 --- [pfms] [restartedMain] o.s.orm.jpa.JpaTransactionManager        : Closing JPA EntityManager after transaction
2026-06-01T20:32:08.242+08:00 DEBUG 31280 --- [pfms] [restartedMain] o.s.orm.jpa.JpaTransactionManager        : Creating new transaction with name [org.springframework.data.jpa.repository.support.SimpleJpaRepository.save]: PROPAGATION_REQUIRED,ISOLATION_DEFAULT
2026-06-01T20:32:08.243+08:00 DEBUG 31280 --- [pfms] [restartedMain] o.s.orm.jpa.JpaTransactionManager        : Opened new EntityManager [SessionImpl(1934713548<open>)] for JPA transaction
2026-06-01T20:32:08.243+08:00 DEBUG 31280 --- [pfms] [restartedMain] o.s.orm.jpa.JpaTransactionManager        : Exposing JPA transaction as JDBC [org.springframework.orm.jpa.vendor.HibernateJpaDialect$HibernateConnectionHandle@110a511a]
2026-06-01T20:32:08.243+08:00 DEBUG 31280 --- [pfms] [restartedMain] org.hibernate.SQL                        : 
    insert 
    into
        expense
        (aia, allowancesForParents, breakfast, criticare, date, debt, dinner, eatingOut, entertainment, groceries, haircut, holiday, incomeTax, internet, lunch, medical, mobilePhone, mortgage, others, privateTransport, propertyTax, publicTransport, shopping, sports, tech, termProtector, utilities) 
    values
        (?, ?, ?, ?, ?, ?, ?, ?, ?, ?, ?, ?, ?, ?, ?, ?, ?, ?, ?, ?, ?, ?, ?, ?, ?, ?, ?)
2026-06-01T20:32:08.244+08:00 DEBUG 31280 --- [pfms] [restartedMain] o.s.orm.jpa.JpaTransactionManager        : Initiating transaction commit
2026-06-01T20:32:08.244+08:00 DEBUG 31280 --- [pfms] [restartedMain] o.s.orm.jpa.JpaTransactionManager        : Committing JPA transaction on EntityManager [SessionImpl(1934713548<open>)]
2026-06-01T20:32:08.245+08:00 DEBUG 31280 --- [pfms] [restartedMain] o.s.orm.jpa.JpaTransactionManager        : Closing JPA EntityManager after transaction
2026-06-01T20:32:08.245+08:00 DEBUG 31280 --- [pfms] [restartedMain] o.s.orm.jpa.JpaTransactionManager        : Creating new transaction with name [org.springframework.data.jpa.repository.support.SimpleJpaRepository.save]: PROPAGATION_REQUIRED,ISOLATION_DEFAULT
2026-06-01T20:32:08.245+08:00 DEBUG 31280 --- [pfms] [restartedMain] o.s.orm.jpa.JpaTransactionManager        : Opened new EntityManager [SessionImpl(319732803<open>)] for JPA transaction
2026-06-01T20:32:08.246+08:00 DEBUG 31280 --- [pfms] [restartedMain] o.s.orm.jpa.JpaTransactionManager        : Exposing JPA transaction as JDBC [org.springframework.orm.jpa.vendor.HibernateJpaDialect$HibernateConnectionHandle@50cfadb9]
2026-06-01T20:32:08.246+08:00 DEBUG 31280 --- [pfms] [restartedMain] org.hibernate.SQL                        : 
    insert 
    into
        expense
        (aia, allowancesForParents, breakfast, criticare, date, debt, dinner, eatingOut, entertainment, groceries, haircut, holiday, incomeTax, internet, lunch, medical, mobilePhone, mortgage, others, privateTransport, propertyTax, publicTransport, shopping, sports, tech, termProtector, utilities) 
    values
        (?, ?, ?, ?, ?, ?, ?, ?, ?, ?, ?, ?, ?, ?, ?, ?, ?, ?, ?, ?, ?, ?, ?, ?, ?, ?, ?)
2026-06-01T20:32:08.246+08:00 DEBUG 31280 --- [pfms] [restartedMain] o.s.orm.jpa.JpaTransactionManager        : Initiating transaction commit
2026-06-01T20:32:08.246+08:00 DEBUG 31280 --- [pfms] [restartedMain] o.s.orm.jpa.JpaTransactionManager        : Committing JPA transaction on EntityManager [SessionImpl(319732803<open>)]
2026-06-01T20:32:08.246+08:00 DEBUG 31280 --- [pfms] [restartedMain] o.s.orm.jpa.JpaTransactionManager        : Closing JPA EntityManager after transaction
2026-06-01T20:32:08.246+08:00 DEBUG 31280 --- [pfms] [restartedMain] o.s.orm.jpa.JpaTransactionManager        : Creating new transaction with name [org.springframework.data.jpa.repository.support.SimpleJpaRepository.save]: PROPAGATION_REQUIRED,ISOLATION_DEFAULT
2026-06-01T20:32:08.246+08:00 DEBUG 31280 --- [pfms] [restartedMain] o.s.orm.jpa.JpaTransactionManager        : Opened new EntityManager [SessionImpl(100154528<open>)] for JPA transaction
2026-06-01T20:32:08.246+08:00 DEBUG 31280 --- [pfms] [restartedMain] o.s.orm.jpa.JpaTransactionManager        : Exposing JPA transaction as JDBC [org.springframework.orm.jpa.vendor.HibernateJpaDialect$HibernateConnectionHandle@28f7ebc3]
2026-06-01T20:32:08.250+08:00 DEBUG 31280 --- [pfms] [restartedMain] org.hibernate.SQL                        : 
    insert 
    into
        expense
        (aia, allowancesForParents, breakfast, criticare, date, debt, dinner, eatingOut, entertainment, groceries, haircut, holiday, incomeTax, internet, lunch, medical, mobilePhone, mortgage, others, privateTransport, propertyTax, publicTransport, shopping, sports, tech, termProtector, utilities) 
    values
        (?, ?, ?, ?, ?, ?, ?, ?, ?, ?, ?, ?, ?, ?, ?, ?, ?, ?, ?, ?, ?, ?, ?, ?, ?, ?, ?)
2026-06-01T20:32:08.251+08:00 DEBUG 31280 --- [pfms] [restartedMain] o.s.orm.jpa.JpaTransactionManager        : Initiating transaction commit
2026-06-01T20:32:08.251+08:00 DEBUG 31280 --- [pfms] [restartedMain] o.s.orm.jpa.JpaTransactionManager        : Committing JPA transaction on EntityManager [SessionImpl(100154528<open>)]
2026-06-01T20:32:08.252+08:00 DEBUG 31280 --- [pfms] [restartedMain] o.s.orm.jpa.JpaTransactionManager        : Closing JPA EntityManager after transaction
2026-06-01T20:32:08.252+08:00 DEBUG 31280 --- [pfms] [restartedMain] o.s.orm.jpa.JpaTransactionManager        : Creating new transaction with name [com.app.pfms.Budget.BudgetService.createBudget]: PROPAGATION_REQUIRED,ISOLATION_DEFAULT
2026-06-01T20:32:08.253+08:00 DEBUG 31280 --- [pfms] [restartedMain] o.s.orm.jpa.JpaTransactionManager        : Opened new EntityManager [SessionImpl(838629646<open>)] for JPA transaction
2026-06-01T20:32:08.253+08:00 DEBUG 31280 --- [pfms] [restartedMain] o.s.orm.jpa.JpaTransactionManager        : Exposing JPA transaction as JDBC [org.springframework.orm.jpa.vendor.HibernateJpaDialect$HibernateConnectionHandle@62d8e21f]
2026-06-01T20:32:08.282+08:00 DEBUG 31280 --- [pfms] [restartedMain] o.s.d.j.r.query.PartTreeJpaQuery         : QueryPreparer: Derived query for query method [public abstract java.util.Optional com.app.pfms.Budget.BudgetDAO.findByMonth(java.time.YearMonth)]: 'SELECT b FROM Budget b WHERE b.month = :month'
2026-06-01T20:32:08.652+08:00 DEBUG 31280 --- [pfms] [restartedMain] org.hibernate.SQL                        : 
    select
        b1_0.id,
        b1_0.allowancesForParents,
        b1_0.debt,
        b1_0.food,
        b1_0.groceries,
        b1_0.haircut,
        b1_0.income,
        b1_0.insurance,
        b1_0.internet,
        b1_0.medical,
        b1_0.misc,
        b1_0.mobilePhone,
        b1_0.month,
        b1_0.mortgage,
        b1_0.retirement,
        b1_0.savings,
        b1_0.tax,
        b1_0.transport,
        b1_0.utilities 
    from
        budget b1_0 
    where
        b1_0.month=?
2026-06-01T20:32:08.662+08:00 DEBUG 31280 --- [pfms] [restartedMain] o.s.d.j.r.query.PartTreeJpaQuery         : QueryPreparer: Derived query for query method [public abstract java.util.List com.app.pfms.Expense.ExpenseDAO.findByDateBetween(java.time.LocalDate,java.time.LocalDate)]: 'SELECT e FROM Expense e WHERE e.date BETWEEN :startDate AND :endDate'
2026-06-01T20:32:08.682+08:00 DEBUG 31280 --- [pfms] [restartedMain] org.hibernate.SQL                        : 
    select
        e1_0.id,
        e1_0.aia,
        e1_0.allowancesForParents,
        e1_0.breakfast,
        e1_0.criticare,
        e1_0.date,
        e1_0.debt,
        e1_0.dinner,
        e1_0.eatingOut,
        e1_0.entertainment,
        e1_0.groceries,
        e1_0.haircut,
        e1_0.holiday,
        e1_0.incomeTax,
        e1_0.internet,
        e1_0.lunch,
        e1_0.medical,
        e1_0.mobilePhone,
        e1_0.mortgage,
        e1_0.others,
        e1_0.privateTransport,
        e1_0.propertyTax,
        e1_0.publicTransport,
        e1_0.shopping,
        e1_0.sports,
        e1_0.tech,
        e1_0.termProtector,
        e1_0.utilities 
    from
        expense e1_0 
    where
        e1_0.date between ? and ?
2026-06-01T20:32:08.690+08:00 DEBUG 31280 --- [pfms] [restartedMain] o.s.d.j.r.query.PartTreeJpaQuery         : QueryPreparer: Derived query for query method [public abstract java.util.List com.app.pfms.Expense.ExpenseDAO.findByDateBetween(java.time.LocalDate,java.time.LocalDate)]: 'SELECT e FROM Expense e WHERE e.date BETWEEN :startDate AND :endDate'
2026-06-01T20:32:08.692+08:00 DEBUG 31280 --- [pfms] [restartedMain] org.hibernate.SQL                        : 
    select
        e1_0.id,
        e1_0.aia,
        e1_0.allowancesForParents,
        e1_0.breakfast,
        e1_0.criticare,
        e1_0.date,
        e1_0.debt,
        e1_0.dinner,
        e1_0.eatingOut,
        e1_0.entertainment,
        e1_0.groceries,
        e1_0.haircut,
        e1_0.holiday,
        e1_0.incomeTax,
        e1_0.internet,
        e1_0.lunch,
        e1_0.medical,
        e1_0.mobilePhone,
        e1_0.mortgage,
        e1_0.others,
        e1_0.privateTransport,
        e1_0.propertyTax,
        e1_0.publicTransport,
        e1_0.shopping,
        e1_0.sports,
        e1_0.tech,
        e1_0.termProtector,
        e1_0.utilities 
    from
        expense e1_0 
    where
        e1_0.date between ? and ?
2026-06-01T20:32:08.694+08:00 DEBUG 31280 --- [pfms] [restartedMain] o.s.d.j.r.query.PartTreeJpaQuery         : QueryPreparer: Derived query for query method [public abstract java.util.List com.app.pfms.Expense.ExpenseDAO.findByDateBetween(java.time.LocalDate,java.time.LocalDate)]: 'SELECT e FROM Expense e WHERE e.date BETWEEN :startDate AND :endDate'
2026-06-01T20:32:08.694+08:00 DEBUG 31280 --- [pfms] [restartedMain] org.hibernate.SQL                        : 
    select
        e1_0.id,
        e1_0.aia,
        e1_0.allowancesForParents,
        e1_0.breakfast,
        e1_0.criticare,
        e1_0.date,
        e1_0.debt,
        e1_0.dinner,
        e1_0.eatingOut,
        e1_0.entertainment,
        e1_0.groceries,
        e1_0.haircut,
        e1_0.holiday,
        e1_0.incomeTax,
        e1_0.internet,
        e1_0.lunch,
        e1_0.medical,
        e1_0.mobilePhone,
        e1_0.mortgage,
        e1_0.others,
        e1_0.privateTransport,
        e1_0.propertyTax,
        e1_0.publicTransport,
        e1_0.shopping,
        e1_0.sports,
        e1_0.tech,
        e1_0.termProtector,
        e1_0.utilities 
    from
        expense e1_0 
    where
        e1_0.date between ? and ?
2026-06-01T20:32:08.695+08:00 DEBUG 31280 --- [pfms] [restartedMain] o.s.d.j.r.query.PartTreeJpaQuery         : QueryPreparer: Derived query for query method [public abstract java.util.List com.app.pfms.Expense.ExpenseDAO.findByDateBetween(java.time.LocalDate,java.time.LocalDate)]: 'SELECT e FROM Expense e WHERE e.date BETWEEN :startDate AND :endDate'
2026-06-01T20:32:08.696+08:00 DEBUG 31280 --- [pfms] [restartedMain] org.hibernate.SQL                        : 
    select
        e1_0.id,
        e1_0.aia,
        e1_0.allowancesForParents,
        e1_0.breakfast,
        e1_0.criticare,
        e1_0.date,
        e1_0.debt,
        e1_0.dinner,
        e1_0.eatingOut,
        e1_0.entertainment,
        e1_0.groceries,
        e1_0.haircut,
        e1_0.holiday,
        e1_0.incomeTax,
        e1_0.internet,
        e1_0.lunch,
        e1_0.medical,
        e1_0.mobilePhone,
        e1_0.mortgage,
        e1_0.others,
        e1_0.privateTransport,
        e1_0.propertyTax,
        e1_0.publicTransport,
        e1_0.shopping,
        e1_0.sports,
        e1_0.tech,
        e1_0.termProtector,
        e1_0.utilities 
    from
        expense e1_0 
    where
        e1_0.date between ? and ?
2026-06-01T20:32:08.697+08:00 DEBUG 31280 --- [pfms] [restartedMain] o.s.d.j.r.query.PartTreeJpaQuery         : QueryPreparer: Derived query for query method [public abstract java.util.List com.app.pfms.Expense.ExpenseDAO.findByDateBetween(java.time.LocalDate,java.time.LocalDate)]: 'SELECT e FROM Expense e WHERE e.date BETWEEN :startDate AND :endDate'
2026-06-01T20:32:08.698+08:00 DEBUG 31280 --- [pfms] [restartedMain] org.hibernate.SQL                        : 
    select
        e1_0.id,
        e1_0.aia,
        e1_0.allowancesForParents,
        e1_0.breakfast,
        e1_0.criticare,
        e1_0.date,
        e1_0.debt,
        e1_0.dinner,
        e1_0.eatingOut,
        e1_0.entertainment,
        e1_0.groceries,
        e1_0.haircut,
        e1_0.holiday,
        e1_0.incomeTax,
        e1_0.internet,
        e1_0.lunch,
        e1_0.medical,
        e1_0.mobilePhone,
        e1_0.mortgage,
        e1_0.others,
        e1_0.privateTransport,
        e1_0.propertyTax,
        e1_0.publicTransport,
        e1_0.shopping,
        e1_0.sports,
        e1_0.tech,
        e1_0.termProtector,
        e1_0.utilities 
    from
        expense e1_0 
    where
        e1_0.date between ? and ?
2026-06-01T20:32:08.700+08:00 DEBUG 31280 --- [pfms] [restartedMain] o.s.d.j.r.query.PartTreeJpaQuery         : QueryPreparer: Derived query for query method [public abstract java.util.List com.app.pfms.Expense.ExpenseDAO.findByDateBetween(java.time.LocalDate,java.time.LocalDate)]: 'SELECT e FROM Expense e WHERE e.date BETWEEN :startDate AND :endDate'
2026-06-01T20:32:08.700+08:00 DEBUG 31280 --- [pfms] [restartedMain] org.hibernate.SQL                        : 
    select
        e1_0.id,
        e1_0.aia,
        e1_0.allowancesForParents,
        e1_0.breakfast,
        e1_0.criticare,
        e1_0.date,
        e1_0.debt,
        e1_0.dinner,
        e1_0.eatingOut,
        e1_0.entertainment,
        e1_0.groceries,
        e1_0.haircut,
        e1_0.holiday,
        e1_0.incomeTax,
        e1_0.internet,
        e1_0.lunch,
        e1_0.medical,
        e1_0.mobilePhone,
        e1_0.mortgage,
        e1_0.others,
        e1_0.privateTransport,
        e1_0.propertyTax,
        e1_0.publicTransport,
        e1_0.shopping,
        e1_0.sports,
        e1_0.tech,
        e1_0.termProtector,
        e1_0.utilities 
    from
        expense e1_0 
    where
        e1_0.date between ? and ?
2026-06-01T20:32:08.701+08:00 DEBUG 31280 --- [pfms] [restartedMain] o.s.d.j.r.query.PartTreeJpaQuery         : QueryPreparer: Derived query for query method [public abstract java.util.List com.app.pfms.Expense.ExpenseDAO.findByDateBetween(java.time.LocalDate,java.time.LocalDate)]: 'SELECT e FROM Expense e WHERE e.date BETWEEN :startDate AND :endDate'
2026-06-01T20:32:08.702+08:00 DEBUG 31280 --- [pfms] [restartedMain] org.hibernate.SQL                        : 
    select
        e1_0.id,
        e1_0.aia,
        e1_0.allowancesForParents,
        e1_0.breakfast,
        e1_0.criticare,
        e1_0.date,
        e1_0.debt,
        e1_0.dinner,
        e1_0.eatingOut,
        e1_0.entertainment,
        e1_0.groceries,
        e1_0.haircut,
        e1_0.holiday,
        e1_0.incomeTax,
        e1_0.internet,
        e1_0.lunch,
        e1_0.medical,
        e1_0.mobilePhone,
        e1_0.mortgage,
        e1_0.others,
        e1_0.privateTransport,
        e1_0.propertyTax,
        e1_0.publicTransport,
        e1_0.shopping,
        e1_0.sports,
        e1_0.tech,
        e1_0.termProtector,
        e1_0.utilities 
    from
        expense e1_0 
    where
        e1_0.date between ? and ?
2026-06-01T20:32:08.703+08:00 DEBUG 31280 --- [pfms] [restartedMain] o.s.d.j.r.query.PartTreeJpaQuery         : QueryPreparer: Derived query for query method [public abstract java.util.List com.app.pfms.Expense.ExpenseDAO.findByDateBetween(java.time.LocalDate,java.time.LocalDate)]: 'SELECT e FROM Expense e WHERE e.date BETWEEN :startDate AND :endDate'
2026-06-01T20:32:08.704+08:00 DEBUG 31280 --- [pfms] [restartedMain] org.hibernate.SQL                        : 
    select
        e1_0.id,
        e1_0.aia,
        e1_0.allowancesForParents,
        e1_0.breakfast,
        e1_0.criticare,
        e1_0.date,
        e1_0.debt,
        e1_0.dinner,
        e1_0.eatingOut,
        e1_0.entertainment,
        e1_0.groceries,
        e1_0.haircut,
        e1_0.holiday,
        e1_0.incomeTax,
        e1_0.internet,
        e1_0.lunch,
        e1_0.medical,
        e1_0.mobilePhone,
        e1_0.mortgage,
        e1_0.others,
        e1_0.privateTransport,
        e1_0.propertyTax,
        e1_0.publicTransport,
        e1_0.shopping,
        e1_0.sports,
        e1_0.tech,
        e1_0.termProtector,
        e1_0.utilities 
    from
        expense e1_0 
    where
        e1_0.date between ? and ?
2026-06-01T20:32:08.705+08:00 DEBUG 31280 --- [pfms] [restartedMain] o.s.d.j.r.query.PartTreeJpaQuery         : QueryPreparer: Derived query for query method [public abstract java.util.List com.app.pfms.Expense.ExpenseDAO.findByDateBetween(java.time.LocalDate,java.time.LocalDate)]: 'SELECT e FROM Expense e WHERE e.date BETWEEN :startDate AND :endDate'
2026-06-01T20:32:08.705+08:00 DEBUG 31280 --- [pfms] [restartedMain] org.hibernate.SQL                        : 
    select
        e1_0.id,
        e1_0.aia,
        e1_0.allowancesForParents,
        e1_0.breakfast,
        e1_0.criticare,
        e1_0.date,
        e1_0.debt,
        e1_0.dinner,
        e1_0.eatingOut,
        e1_0.entertainment,
        e1_0.groceries,
        e1_0.haircut,
        e1_0.holiday,
        e1_0.incomeTax,
        e1_0.internet,
        e1_0.lunch,
        e1_0.medical,
        e1_0.mobilePhone,
        e1_0.mortgage,
        e1_0.others,
        e1_0.privateTransport,
        e1_0.propertyTax,
        e1_0.publicTransport,
        e1_0.shopping,
        e1_0.sports,
        e1_0.tech,
        e1_0.termProtector,
        e1_0.utilities 
    from
        expense e1_0 
    where
        e1_0.date between ? and ?
2026-06-01T20:32:08.706+08:00 DEBUG 31280 --- [pfms] [restartedMain] o.s.d.j.r.query.PartTreeJpaQuery         : QueryPreparer: Derived query for query method [public abstract java.util.List com.app.pfms.Expense.ExpenseDAO.findByDateBetween(java.time.LocalDate,java.time.LocalDate)]: 'SELECT e FROM Expense e WHERE e.date BETWEEN :startDate AND :endDate'
2026-06-01T20:32:08.707+08:00 DEBUG 31280 --- [pfms] [restartedMain] org.hibernate.SQL                        : 
    select
        e1_0.id,
        e1_0.aia,
        e1_0.allowancesForParents,
        e1_0.breakfast,
        e1_0.criticare,
        e1_0.date,
        e1_0.debt,
        e1_0.dinner,
        e1_0.eatingOut,
        e1_0.entertainment,
        e1_0.groceries,
        e1_0.haircut,
        e1_0.holiday,
        e1_0.incomeTax,
        e1_0.internet,
        e1_0.lunch,
        e1_0.medical,
        e1_0.mobilePhone,
        e1_0.mortgage,
        e1_0.others,
        e1_0.privateTransport,
        e1_0.propertyTax,
        e1_0.publicTransport,
        e1_0.shopping,
        e1_0.sports,
        e1_0.tech,
        e1_0.termProtector,
        e1_0.utilities 
    from
        expense e1_0 
    where
        e1_0.date between ? and ?
2026-06-01T20:32:08.708+08:00 DEBUG 31280 --- [pfms] [restartedMain] o.s.d.j.r.query.PartTreeJpaQuery         : QueryPreparer: Derived query for query method [public abstract java.util.List com.app.pfms.Expense.ExpenseDAO.findByDateBetween(java.time.LocalDate,java.time.LocalDate)]: 'SELECT e FROM Expense e WHERE e.date BETWEEN :startDate AND :endDate'
2026-06-01T20:32:08.709+08:00 DEBUG 31280 --- [pfms] [restartedMain] org.hibernate.SQL                        : 
    select
        e1_0.id,
        e1_0.aia,
        e1_0.allowancesForParents,
        e1_0.breakfast,
        e1_0.criticare,
        e1_0.date,
        e1_0.debt,
        e1_0.dinner,
        e1_0.eatingOut,
        e1_0.entertainment,
        e1_0.groceries,
        e1_0.haircut,
        e1_0.holiday,
        e1_0.incomeTax,
        e1_0.internet,
        e1_0.lunch,
        e1_0.medical,
        e1_0.mobilePhone,
        e1_0.mortgage,
        e1_0.others,
        e1_0.privateTransport,
        e1_0.propertyTax,
        e1_0.publicTransport,
        e1_0.shopping,
        e1_0.sports,
        e1_0.tech,
        e1_0.termProtector,
        e1_0.utilities 
    from
        expense e1_0 
    where
        e1_0.date between ? and ?
2026-06-01T20:32:08.710+08:00 DEBUG 31280 --- [pfms] [restartedMain] o.s.d.j.r.query.PartTreeJpaQuery         : QueryPreparer: Derived query for query method [public abstract java.util.List com.app.pfms.Expense.ExpenseDAO.findByDateBetween(java.time.LocalDate,java.time.LocalDate)]: 'SELECT e FROM Expense e WHERE e.date BETWEEN :startDate AND :endDate'
2026-06-01T20:32:08.710+08:00 DEBUG 31280 --- [pfms] [restartedMain] org.hibernate.SQL                        : 
    select
        e1_0.id,
        e1_0.aia,
        e1_0.allowancesForParents,
        e1_0.breakfast,
        e1_0.criticare,
        e1_0.date,
        e1_0.debt,
        e1_0.dinner,
        e1_0.eatingOut,
        e1_0.entertainment,
        e1_0.groceries,
        e1_0.haircut,
        e1_0.holiday,
        e1_0.incomeTax,
        e1_0.internet,
        e1_0.lunch,
        e1_0.medical,
        e1_0.mobilePhone,
        e1_0.mortgage,
        e1_0.others,
        e1_0.privateTransport,
        e1_0.propertyTax,
        e1_0.publicTransport,
        e1_0.shopping,
        e1_0.sports,
        e1_0.tech,
        e1_0.termProtector,
        e1_0.utilities 
    from
        expense e1_0 
    where
        e1_0.date between ? and ?
2026-06-01T20:32:08.712+08:00 DEBUG 31280 --- [pfms] [restartedMain] o.s.d.j.r.query.PartTreeJpaQuery         : QueryPreparer: Derived query for query method [public abstract java.util.List com.app.pfms.Expense.ExpenseDAO.findByDateBetween(java.time.LocalDate,java.time.LocalDate)]: 'SELECT e FROM Expense e WHERE e.date BETWEEN :startDate AND :endDate'
2026-06-01T20:32:08.712+08:00 DEBUG 31280 --- [pfms] [restartedMain] org.hibernate.SQL                        : 
    select
        e1_0.id,
        e1_0.aia,
        e1_0.allowancesForParents,
        e1_0.breakfast,
        e1_0.criticare,
        e1_0.date,
        e1_0.debt,
        e1_0.dinner,
        e1_0.eatingOut,
        e1_0.entertainment,
        e1_0.groceries,
        e1_0.haircut,
        e1_0.holiday,
        e1_0.incomeTax,
        e1_0.internet,
        e1_0.lunch,
        e1_0.medical,
        e1_0.mobilePhone,
        e1_0.mortgage,
        e1_0.others,
        e1_0.privateTransport,
        e1_0.propertyTax,
        e1_0.publicTransport,
        e1_0.shopping,
        e1_0.sports,
        e1_0.tech,
        e1_0.termProtector,
        e1_0.utilities 
    from
        expense e1_0 
    where
        e1_0.date between ? and ?
2026-06-01T20:32:08.713+08:00 DEBUG 31280 --- [pfms] [restartedMain] o.s.d.j.r.query.PartTreeJpaQuery         : QueryPreparer: Derived query for query method [public abstract java.util.List com.app.pfms.Expense.ExpenseDAO.findByDateBetween(java.time.LocalDate,java.time.LocalDate)]: 'SELECT e FROM Expense e WHERE e.date BETWEEN :startDate AND :endDate'
2026-06-01T20:32:08.713+08:00 DEBUG 31280 --- [pfms] [restartedMain] org.hibernate.SQL                        : 
    select
        e1_0.id,
        e1_0.aia,
        e1_0.allowancesForParents,
        e1_0.breakfast,
        e1_0.criticare,
        e1_0.date,
        e1_0.debt,
        e1_0.dinner,
        e1_0.eatingOut,
        e1_0.entertainment,
        e1_0.groceries,
        e1_0.haircut,
        e1_0.holiday,
        e1_0.incomeTax,
        e1_0.internet,
        e1_0.lunch,
        e1_0.medical,
        e1_0.mobilePhone,
        e1_0.mortgage,
        e1_0.others,
        e1_0.privateTransport,
        e1_0.propertyTax,
        e1_0.publicTransport,
        e1_0.shopping,
        e1_0.sports,
        e1_0.tech,
        e1_0.termProtector,
        e1_0.utilities 
    from
        expense e1_0 
    where
        e1_0.date between ? and ?
2026-06-01T20:32:08.714+08:00 DEBUG 31280 --- [pfms] [restartedMain] o.s.orm.jpa.JpaTransactionManager        : Found thread-bound EntityManager [SessionImpl(838629646<open>)] for JPA transaction
2026-06-01T20:32:08.714+08:00 DEBUG 31280 --- [pfms] [restartedMain] o.s.orm.jpa.JpaTransactionManager        : Participating in existing transaction
2026-06-01T20:32:08.714+08:00 DEBUG 31280 --- [pfms] [restartedMain] org.hibernate.SQL                        : 
    insert 
    into
        budget
        (allowancesForParents, debt, food, groceries, haircut, income, insurance, internet, medical, misc, mobilePhone, month, mortgage, retirement, savings, tax, transport, utilities) 
    values
        (?, ?, ?, ?, ?, ?, ?, ?, ?, ?, ?, ?, ?, ?, ?, ?, ?, ?)
2026-06-01T20:32:08.720+08:00 DEBUG 31280 --- [pfms] [restartedMain] o.s.orm.jpa.JpaTransactionManager        : Initiating transaction commit
2026-06-01T20:32:08.720+08:00 DEBUG 31280 --- [pfms] [restartedMain] o.s.orm.jpa.JpaTransactionManager        : Committing JPA transaction on EntityManager [SessionImpl(838629646<open>)]
2026-06-01T20:32:08.723+08:00 DEBUG 31280 --- [pfms] [restartedMain] o.s.orm.jpa.JpaTransactionManager        : Closing JPA EntityManager after transaction
2026-06-01T20:32:08.724+08:00 DEBUG 31280 --- [pfms] [restartedMain] o.s.orm.jpa.JpaTransactionManager        : Creating new transaction with name [com.app.pfms.Budget.BudgetService.createBudget]: PROPAGATION_REQUIRED,ISOLATION_DEFAULT
2026-06-01T20:32:08.724+08:00 DEBUG 31280 --- [pfms] [restartedMain] o.s.orm.jpa.JpaTransactionManager        : Opened new EntityManager [SessionImpl(871782419<open>)] for JPA transaction
2026-06-01T20:32:08.724+08:00 DEBUG 31280 --- [pfms] [restartedMain] o.s.orm.jpa.JpaTransactionManager        : Exposing JPA transaction as JDBC [org.springframework.orm.jpa.vendor.HibernateJpaDialect$HibernateConnectionHandle@6ab434cf]
2026-06-01T20:32:08.725+08:00 DEBUG 31280 --- [pfms] [restartedMain] o.s.d.j.r.query.PartTreeJpaQuery         : QueryPreparer: Derived query for query method [public abstract java.util.Optional com.app.pfms.Budget.BudgetDAO.findByMonth(java.time.YearMonth)]: 'SELECT b FROM Budget b WHERE b.month = :month'
2026-06-01T20:32:08.725+08:00 DEBUG 31280 --- [pfms] [restartedMain] org.hibernate.SQL                        : 
    select
        b1_0.id,
        b1_0.allowancesForParents,
        b1_0.debt,
        b1_0.food,
        b1_0.groceries,
        b1_0.haircut,
        b1_0.income,
        b1_0.insurance,
        b1_0.internet,
        b1_0.medical,
        b1_0.misc,
        b1_0.mobilePhone,
        b1_0.month,
        b1_0.mortgage,
        b1_0.retirement,
        b1_0.savings,
        b1_0.tax,
        b1_0.transport,
        b1_0.utilities 
    from
        budget b1_0 
    where
        b1_0.month=?
2026-06-01T20:32:08.726+08:00 DEBUG 31280 --- [pfms] [restartedMain] o.s.d.j.r.query.PartTreeJpaQuery         : QueryPreparer: Derived query for query method [public abstract java.util.List com.app.pfms.Expense.ExpenseDAO.findByDateBetween(java.time.LocalDate,java.time.LocalDate)]: 'SELECT e FROM Expense e WHERE e.date BETWEEN :startDate AND :endDate'
2026-06-01T20:32:08.727+08:00 DEBUG 31280 --- [pfms] [restartedMain] org.hibernate.SQL                        : 
    select
        e1_0.id,
        e1_0.aia,
        e1_0.allowancesForParents,
        e1_0.breakfast,
        e1_0.criticare,
        e1_0.date,
        e1_0.debt,
        e1_0.dinner,
        e1_0.eatingOut,
        e1_0.entertainment,
        e1_0.groceries,
        e1_0.haircut,
        e1_0.holiday,
        e1_0.incomeTax,
        e1_0.internet,
        e1_0.lunch,
        e1_0.medical,
        e1_0.mobilePhone,
        e1_0.mortgage,
        e1_0.others,
        e1_0.privateTransport,
        e1_0.propertyTax,
        e1_0.publicTransport,
        e1_0.shopping,
        e1_0.sports,
        e1_0.tech,
        e1_0.termProtector,
        e1_0.utilities 
    from
        expense e1_0 
    where
        e1_0.date between ? and ?
2026-06-01T20:32:08.729+08:00 DEBUG 31280 --- [pfms] [restartedMain] o.s.d.j.r.query.PartTreeJpaQuery         : QueryPreparer: Derived query for query method [public abstract java.util.List com.app.pfms.Expense.ExpenseDAO.findByDateBetween(java.time.LocalDate,java.time.LocalDate)]: 'SELECT e FROM Expense e WHERE e.date BETWEEN :startDate AND :endDate'
2026-06-01T20:32:08.730+08:00 DEBUG 31280 --- [pfms] [restartedMain] org.hibernate.SQL                        : 
    select
        e1_0.id,
        e1_0.aia,
        e1_0.allowancesForParents,
        e1_0.breakfast,
        e1_0.criticare,
        e1_0.date,
        e1_0.debt,
        e1_0.dinner,
        e1_0.eatingOut,
        e1_0.entertainment,
        e1_0.groceries,
        e1_0.haircut,
        e1_0.holiday,
        e1_0.incomeTax,
        e1_0.internet,
        e1_0.lunch,
        e1_0.medical,
        e1_0.mobilePhone,
        e1_0.mortgage,
        e1_0.others,
        e1_0.privateTransport,
        e1_0.propertyTax,
        e1_0.publicTransport,
        e1_0.shopping,
        e1_0.sports,
        e1_0.tech,
        e1_0.termProtector,
        e1_0.utilities 
    from
        expense e1_0 
    where
        e1_0.date between ? and ?
2026-06-01T20:32:08.731+08:00 DEBUG 31280 --- [pfms] [restartedMain] o.s.d.j.r.query.PartTreeJpaQuery         : QueryPreparer: Derived query for query method [public abstract java.util.List com.app.pfms.Expense.ExpenseDAO.findByDateBetween(java.time.LocalDate,java.time.LocalDate)]: 'SELECT e FROM Expense e WHERE e.date BETWEEN :startDate AND :endDate'
2026-06-01T20:32:08.731+08:00 DEBUG 31280 --- [pfms] [restartedMain] org.hibernate.SQL                        : 
    select
        e1_0.id,
        e1_0.aia,
        e1_0.allowancesForParents,
        e1_0.breakfast,
        e1_0.criticare,
        e1_0.date,
        e1_0.debt,
        e1_0.dinner,
        e1_0.eatingOut,
        e1_0.entertainment,
        e1_0.groceries,
        e1_0.haircut,
        e1_0.holiday,
        e1_0.incomeTax,
        e1_0.internet,
        e1_0.lunch,
        e1_0.medical,
        e1_0.mobilePhone,
        e1_0.mortgage,
        e1_0.others,
        e1_0.privateTransport,
        e1_0.propertyTax,
        e1_0.publicTransport,
        e1_0.shopping,
        e1_0.sports,
        e1_0.tech,
        e1_0.termProtector,
        e1_0.utilities 
    from
        expense e1_0 
    where
        e1_0.date between ? and ?
2026-06-01T20:32:08.733+08:00 DEBUG 31280 --- [pfms] [restartedMain] o.s.d.j.r.query.PartTreeJpaQuery         : QueryPreparer: Derived query for query method [public abstract java.util.List com.app.pfms.Expense.ExpenseDAO.findByDateBetween(java.time.LocalDate,java.time.LocalDate)]: 'SELECT e FROM Expense e WHERE e.date BETWEEN :startDate AND :endDate'
2026-06-01T20:32:08.733+08:00 DEBUG 31280 --- [pfms] [restartedMain] org.hibernate.SQL                        : 
    select
        e1_0.id,
        e1_0.aia,
        e1_0.allowancesForParents,
        e1_0.breakfast,
        e1_0.criticare,
        e1_0.date,
        e1_0.debt,
        e1_0.dinner,
        e1_0.eatingOut,
        e1_0.entertainment,
        e1_0.groceries,
        e1_0.haircut,
        e1_0.holiday,
        e1_0.incomeTax,
        e1_0.internet,
        e1_0.lunch,
        e1_0.medical,
        e1_0.mobilePhone,
        e1_0.mortgage,
        e1_0.others,
        e1_0.privateTransport,
        e1_0.propertyTax,
        e1_0.publicTransport,
        e1_0.shopping,
        e1_0.sports,
        e1_0.tech,
        e1_0.termProtector,
        e1_0.utilities 
    from
        expense e1_0 
    where
        e1_0.date between ? and ?
2026-06-01T20:32:08.734+08:00 DEBUG 31280 --- [pfms] [restartedMain] o.s.d.j.r.query.PartTreeJpaQuery         : QueryPreparer: Derived query for query method [public abstract java.util.List com.app.pfms.Expense.ExpenseDAO.findByDateBetween(java.time.LocalDate,java.time.LocalDate)]: 'SELECT e FROM Expense e WHERE e.date BETWEEN :startDate AND :endDate'
2026-06-01T20:32:08.736+08:00 DEBUG 31280 --- [pfms] [restartedMain] org.hibernate.SQL                        : 
    select
        e1_0.id,
        e1_0.aia,
        e1_0.allowancesForParents,
        e1_0.breakfast,
        e1_0.criticare,
        e1_0.date,
        e1_0.debt,
        e1_0.dinner,
        e1_0.eatingOut,
        e1_0.entertainment,
        e1_0.groceries,
        e1_0.haircut,
        e1_0.holiday,
        e1_0.incomeTax,
        e1_0.internet,
        e1_0.lunch,
        e1_0.medical,
        e1_0.mobilePhone,
        e1_0.mortgage,
        e1_0.others,
        e1_0.privateTransport,
        e1_0.propertyTax,
        e1_0.publicTransport,
        e1_0.shopping,
        e1_0.sports,
        e1_0.tech,
        e1_0.termProtector,
        e1_0.utilities 
    from
        expense e1_0 
    where
        e1_0.date between ? and ?
2026-06-01T20:32:08.738+08:00 DEBUG 31280 --- [pfms] [restartedMain] o.s.d.j.r.query.PartTreeJpaQuery         : QueryPreparer: Derived query for query method [public abstract java.util.List com.app.pfms.Expense.ExpenseDAO.findByDateBetween(java.time.LocalDate,java.time.LocalDate)]: 'SELECT e FROM Expense e WHERE e.date BETWEEN :startDate AND :endDate'
2026-06-01T20:32:08.739+08:00 DEBUG 31280 --- [pfms] [restartedMain] org.hibernate.SQL                        : 
    select
        e1_0.id,
        e1_0.aia,
        e1_0.allowancesForParents,
        e1_0.breakfast,
        e1_0.criticare,
        e1_0.date,
        e1_0.debt,
        e1_0.dinner,
        e1_0.eatingOut,
        e1_0.entertainment,
        e1_0.groceries,
        e1_0.haircut,
        e1_0.holiday,
        e1_0.incomeTax,
        e1_0.internet,
        e1_0.lunch,
        e1_0.medical,
        e1_0.mobilePhone,
        e1_0.mortgage,
        e1_0.others,
        e1_0.privateTransport,
        e1_0.propertyTax,
        e1_0.publicTransport,
        e1_0.shopping,
        e1_0.sports,
        e1_0.tech,
        e1_0.termProtector,
        e1_0.utilities 
    from
        expense e1_0 
    where
        e1_0.date between ? and ?
2026-06-01T20:32:08.741+08:00 DEBUG 31280 --- [pfms] [restartedMain] o.s.d.j.r.query.PartTreeJpaQuery         : QueryPreparer: Derived query for query method [public abstract java.util.List com.app.pfms.Expense.ExpenseDAO.findByDateBetween(java.time.LocalDate,java.time.LocalDate)]: 'SELECT e FROM Expense e WHERE e.date BETWEEN :startDate AND :endDate'
2026-06-01T20:32:08.742+08:00 DEBUG 31280 --- [pfms] [restartedMain] org.hibernate.SQL                        : 
    select
        e1_0.id,
        e1_0.aia,
        e1_0.allowancesForParents,
        e1_0.breakfast,
        e1_0.criticare,
        e1_0.date,
        e1_0.debt,
        e1_0.dinner,
        e1_0.eatingOut,
        e1_0.entertainment,
        e1_0.groceries,
        e1_0.haircut,
        e1_0.holiday,
        e1_0.incomeTax,
        e1_0.internet,
        e1_0.lunch,
        e1_0.medical,
        e1_0.mobilePhone,
        e1_0.mortgage,
        e1_0.others,
        e1_0.privateTransport,
        e1_0.propertyTax,
        e1_0.publicTransport,
        e1_0.shopping,
        e1_0.sports,
        e1_0.tech,
        e1_0.termProtector,
        e1_0.utilities 
    from
        expense e1_0 
    where
        e1_0.date between ? and ?
2026-06-01T20:32:08.743+08:00 DEBUG 31280 --- [pfms] [restartedMain] o.s.d.j.r.query.PartTreeJpaQuery         : QueryPreparer: Derived query for query method [public abstract java.util.List com.app.pfms.Expense.ExpenseDAO.findByDateBetween(java.time.LocalDate,java.time.LocalDate)]: 'SELECT e FROM Expense e WHERE e.date BETWEEN :startDate AND :endDate'
2026-06-01T20:32:08.744+08:00 DEBUG 31280 --- [pfms] [restartedMain] org.hibernate.SQL                        : 
    select
        e1_0.id,
        e1_0.aia,
        e1_0.allowancesForParents,
        e1_0.breakfast,
        e1_0.criticare,
        e1_0.date,
        e1_0.debt,
        e1_0.dinner,
        e1_0.eatingOut,
        e1_0.entertainment,
        e1_0.groceries,
        e1_0.haircut,
        e1_0.holiday,
        e1_0.incomeTax,
        e1_0.internet,
        e1_0.lunch,
        e1_0.medical,
        e1_0.mobilePhone,
        e1_0.mortgage,
        e1_0.others,
        e1_0.privateTransport,
        e1_0.propertyTax,
        e1_0.publicTransport,
        e1_0.shopping,
        e1_0.sports,
        e1_0.tech,
        e1_0.termProtector,
        e1_0.utilities 
    from
        expense e1_0 
    where
        e1_0.date between ? and ?
2026-06-01T20:32:08.744+08:00 DEBUG 31280 --- [pfms] [restartedMain] o.s.d.j.r.query.PartTreeJpaQuery         : QueryPreparer: Derived query for query method [public abstract java.util.List com.app.pfms.Expense.ExpenseDAO.findByDateBetween(java.time.LocalDate,java.time.LocalDate)]: 'SELECT e FROM Expense e WHERE e.date BETWEEN :startDate AND :endDate'
2026-06-01T20:32:08.747+08:00 DEBUG 31280 --- [pfms] [restartedMain] org.hibernate.SQL                        : 
    select
        e1_0.id,
        e1_0.aia,
        e1_0.allowancesForParents,
        e1_0.breakfast,
        e1_0.criticare,
        e1_0.date,
        e1_0.debt,
        e1_0.dinner,
        e1_0.eatingOut,
        e1_0.entertainment,
        e1_0.groceries,
        e1_0.haircut,
        e1_0.holiday,
        e1_0.incomeTax,
        e1_0.internet,
        e1_0.lunch,
        e1_0.medical,
        e1_0.mobilePhone,
        e1_0.mortgage,
        e1_0.others,
        e1_0.privateTransport,
        e1_0.propertyTax,
        e1_0.publicTransport,
        e1_0.shopping,
        e1_0.sports,
        e1_0.tech,
        e1_0.termProtector,
        e1_0.utilities 
    from
        expense e1_0 
    where
        e1_0.date between ? and ?
2026-06-01T20:32:08.747+08:00 DEBUG 31280 --- [pfms] [restartedMain] o.s.d.j.r.query.PartTreeJpaQuery         : QueryPreparer: Derived query for query method [public abstract java.util.List com.app.pfms.Expense.ExpenseDAO.findByDateBetween(java.time.LocalDate,java.time.LocalDate)]: 'SELECT e FROM Expense e WHERE e.date BETWEEN :startDate AND :endDate'
2026-06-01T20:32:08.749+08:00 DEBUG 31280 --- [pfms] [restartedMain] org.hibernate.SQL                        : 
    select
        e1_0.id,
        e1_0.aia,
        e1_0.allowancesForParents,
        e1_0.breakfast,
        e1_0.criticare,
        e1_0.date,
        e1_0.debt,
        e1_0.dinner,
        e1_0.eatingOut,
        e1_0.entertainment,
        e1_0.groceries,
        e1_0.haircut,
        e1_0.holiday,
        e1_0.incomeTax,
        e1_0.internet,
        e1_0.lunch,
        e1_0.medical,
        e1_0.mobilePhone,
        e1_0.mortgage,
        e1_0.others,
        e1_0.privateTransport,
        e1_0.propertyTax,
        e1_0.publicTransport,
        e1_0.shopping,
        e1_0.sports,
        e1_0.tech,
        e1_0.termProtector,
        e1_0.utilities 
    from
        expense e1_0 
    where
        e1_0.date between ? and ?
2026-06-01T20:32:08.750+08:00 DEBUG 31280 --- [pfms] [restartedMain] o.s.d.j.r.query.PartTreeJpaQuery         : QueryPreparer: Derived query for query method [public abstract java.util.List com.app.pfms.Expense.ExpenseDAO.findByDateBetween(java.time.LocalDate,java.time.LocalDate)]: 'SELECT e FROM Expense e WHERE e.date BETWEEN :startDate AND :endDate'
2026-06-01T20:32:08.750+08:00 DEBUG 31280 --- [pfms] [restartedMain] org.hibernate.SQL                        : 
    select
        e1_0.id,
        e1_0.aia,
        e1_0.allowancesForParents,
        e1_0.breakfast,
        e1_0.criticare,
        e1_0.date,
        e1_0.debt,
        e1_0.dinner,
        e1_0.eatingOut,
        e1_0.entertainment,
        e1_0.groceries,
        e1_0.haircut,
        e1_0.holiday,
        e1_0.incomeTax,
        e1_0.internet,
        e1_0.lunch,
        e1_0.medical,
        e1_0.mobilePhone,
        e1_0.mortgage,
        e1_0.others,
        e1_0.privateTransport,
        e1_0.propertyTax,
        e1_0.publicTransport,
        e1_0.shopping,
        e1_0.sports,
        e1_0.tech,
        e1_0.termProtector,
        e1_0.utilities 
    from
        expense e1_0 
    where
        e1_0.date between ? and ?
2026-06-01T20:32:08.752+08:00 DEBUG 31280 --- [pfms] [restartedMain] o.s.d.j.r.query.PartTreeJpaQuery         : QueryPreparer: Derived query for query method [public abstract java.util.List com.app.pfms.Expense.ExpenseDAO.findByDateBetween(java.time.LocalDate,java.time.LocalDate)]: 'SELECT e FROM Expense e WHERE e.date BETWEEN :startDate AND :endDate'
2026-06-01T20:32:08.752+08:00 DEBUG 31280 --- [pfms] [restartedMain] org.hibernate.SQL                        : 
    select
        e1_0.id,
        e1_0.aia,
        e1_0.allowancesForParents,
        e1_0.breakfast,
        e1_0.criticare,
        e1_0.date,
        e1_0.debt,
        e1_0.dinner,
        e1_0.eatingOut,
        e1_0.entertainment,
        e1_0.groceries,
        e1_0.haircut,
        e1_0.holiday,
        e1_0.incomeTax,
        e1_0.internet,
        e1_0.lunch,
        e1_0.medical,
        e1_0.mobilePhone,
        e1_0.mortgage,
        e1_0.others,
        e1_0.privateTransport,
        e1_0.propertyTax,
        e1_0.publicTransport,
        e1_0.shopping,
        e1_0.sports,
        e1_0.tech,
        e1_0.termProtector,
        e1_0.utilities 
    from
        expense e1_0 
    where
        e1_0.date between ? and ?
2026-06-01T20:32:08.753+08:00 DEBUG 31280 --- [pfms] [restartedMain] o.s.d.j.r.query.PartTreeJpaQuery         : QueryPreparer: Derived query for query method [public abstract java.util.List com.app.pfms.Expense.ExpenseDAO.findByDateBetween(java.time.LocalDate,java.time.LocalDate)]: 'SELECT e FROM Expense e WHERE e.date BETWEEN :startDate AND :endDate'
2026-06-01T20:32:08.753+08:00 DEBUG 31280 --- [pfms] [restartedMain] org.hibernate.SQL                        : 
    select
        e1_0.id,
        e1_0.aia,
        e1_0.allowancesForParents,
        e1_0.breakfast,
        e1_0.criticare,
        e1_0.date,
        e1_0.debt,
        e1_0.dinner,
        e1_0.eatingOut,
        e1_0.entertainment,
        e1_0.groceries,
        e1_0.haircut,
        e1_0.holiday,
        e1_0.incomeTax,
        e1_0.internet,
        e1_0.lunch,
        e1_0.medical,
        e1_0.mobilePhone,
        e1_0.mortgage,
        e1_0.others,
        e1_0.privateTransport,
        e1_0.propertyTax,
        e1_0.publicTransport,
        e1_0.shopping,
        e1_0.sports,
        e1_0.tech,
        e1_0.termProtector,
        e1_0.utilities 
    from
        expense e1_0 
    where
        e1_0.date between ? and ?
2026-06-01T20:32:08.753+08:00 DEBUG 31280 --- [pfms] [restartedMain] o.s.d.j.r.query.PartTreeJpaQuery         : QueryPreparer: Derived query for query method [public abstract java.util.List com.app.pfms.Expense.ExpenseDAO.findByDateBetween(java.time.LocalDate,java.time.LocalDate)]: 'SELECT e FROM Expense e WHERE e.date BETWEEN :startDate AND :endDate'
2026-06-01T20:32:08.753+08:00 DEBUG 31280 --- [pfms] [restartedMain] org.hibernate.SQL                        : 
    select
        e1_0.id,
        e1_0.aia,
        e1_0.allowancesForParents,
        e1_0.breakfast,
        e1_0.criticare,
        e1_0.date,
        e1_0.debt,
        e1_0.dinner,
        e1_0.eatingOut,
        e1_0.entertainment,
        e1_0.groceries,
        e1_0.haircut,
        e1_0.holiday,
        e1_0.incomeTax,
        e1_0.internet,
        e1_0.lunch,
        e1_0.medical,
        e1_0.mobilePhone,
        e1_0.mortgage,
        e1_0.others,
        e1_0.privateTransport,
        e1_0.propertyTax,
        e1_0.publicTransport,
        e1_0.shopping,
        e1_0.sports,
        e1_0.tech,
        e1_0.termProtector,
        e1_0.utilities 
    from
        expense e1_0 
    where
        e1_0.date between ? and ?
2026-06-01T20:32:08.755+08:00 DEBUG 31280 --- [pfms] [restartedMain] o.s.orm.jpa.JpaTransactionManager        : Found thread-bound EntityManager [SessionImpl(871782419<open>)] for JPA transaction
2026-06-01T20:32:08.755+08:00 DEBUG 31280 --- [pfms] [restartedMain] o.s.orm.jpa.JpaTransactionManager        : Participating in existing transaction
2026-06-01T20:32:08.755+08:00 DEBUG 31280 --- [pfms] [restartedMain] org.hibernate.SQL                        : 
    insert 
    into
        budget
        (allowancesForParents, debt, food, groceries, haircut, income, insurance, internet, medical, misc, mobilePhone, month, mortgage, retirement, savings, tax, transport, utilities) 
    values
        (?, ?, ?, ?, ?, ?, ?, ?, ?, ?, ?, ?, ?, ?, ?, ?, ?, ?)
2026-06-01T20:32:08.756+08:00 DEBUG 31280 --- [pfms] [restartedMain] o.s.orm.jpa.JpaTransactionManager        : Initiating transaction commit
2026-06-01T20:32:08.756+08:00 DEBUG 31280 --- [pfms] [restartedMain] o.s.orm.jpa.JpaTransactionManager        : Committing JPA transaction on EntityManager [SessionImpl(871782419<open>)]
2026-06-01T20:32:08.759+08:00 DEBUG 31280 --- [pfms] [restartedMain] o.s.orm.jpa.JpaTransactionManager        : Closing JPA EntityManager after transaction
2026-06-01T20:32:08.759+08:00 DEBUG 31280 --- [pfms] [restartedMain] o.s.orm.jpa.JpaTransactionManager        : Creating new transaction with name [com.app.pfms.Budget.BudgetService.createBudget]: PROPAGATION_REQUIRED,ISOLATION_DEFAULT
2026-06-01T20:32:08.759+08:00 DEBUG 31280 --- [pfms] [restartedMain] o.s.orm.jpa.JpaTransactionManager        : Opened new EntityManager [SessionImpl(1330088755<open>)] for JPA transaction
2026-06-01T20:32:08.759+08:00 DEBUG 31280 --- [pfms] [restartedMain] o.s.orm.jpa.JpaTransactionManager        : Exposing JPA transaction as JDBC [org.springframework.orm.jpa.vendor.HibernateJpaDialect$HibernateConnectionHandle@7ab640b4]
2026-06-01T20:32:08.759+08:00 DEBUG 31280 --- [pfms] [restartedMain] o.s.d.j.r.query.PartTreeJpaQuery         : QueryPreparer: Derived query for query method [public abstract java.util.Optional com.app.pfms.Budget.BudgetDAO.findByMonth(java.time.YearMonth)]: 'SELECT b FROM Budget b WHERE b.month = :month'
2026-06-01T20:32:08.760+08:00 DEBUG 31280 --- [pfms] [restartedMain] org.hibernate.SQL                        : 
    select
        b1_0.id,
        b1_0.allowancesForParents,
        b1_0.debt,
        b1_0.food,
        b1_0.groceries,
        b1_0.haircut,
        b1_0.income,
        b1_0.insurance,
        b1_0.internet,
        b1_0.medical,
        b1_0.misc,
        b1_0.mobilePhone,
        b1_0.month,
        b1_0.mortgage,
        b1_0.retirement,
        b1_0.savings,
        b1_0.tax,
        b1_0.transport,
        b1_0.utilities 
    from
        budget b1_0 
    where
        b1_0.month=?
2026-06-01T20:32:08.761+08:00 DEBUG 31280 --- [pfms] [restartedMain] o.s.d.j.r.query.PartTreeJpaQuery         : QueryPreparer: Derived query for query method [public abstract java.util.List com.app.pfms.Expense.ExpenseDAO.findByDateBetween(java.time.LocalDate,java.time.LocalDate)]: 'SELECT e FROM Expense e WHERE e.date BETWEEN :startDate AND :endDate'
2026-06-01T20:32:08.761+08:00 DEBUG 31280 --- [pfms] [restartedMain] org.hibernate.SQL                        : 
    select
        e1_0.id,
        e1_0.aia,
        e1_0.allowancesForParents,
        e1_0.breakfast,
        e1_0.criticare,
        e1_0.date,
        e1_0.debt,
        e1_0.dinner,
        e1_0.eatingOut,
        e1_0.entertainment,
        e1_0.groceries,
        e1_0.haircut,
        e1_0.holiday,
        e1_0.incomeTax,
        e1_0.internet,
        e1_0.lunch,
        e1_0.medical,
        e1_0.mobilePhone,
        e1_0.mortgage,
        e1_0.others,
        e1_0.privateTransport,
        e1_0.propertyTax,
        e1_0.publicTransport,
        e1_0.shopping,
        e1_0.sports,
        e1_0.tech,
        e1_0.termProtector,
        e1_0.utilities 
    from
        expense e1_0 
    where
        e1_0.date between ? and ?
2026-06-01T20:32:08.764+08:00 DEBUG 31280 --- [pfms] [restartedMain] o.s.d.j.r.query.PartTreeJpaQuery         : QueryPreparer: Derived query for query method [public abstract java.util.List com.app.pfms.Expense.ExpenseDAO.findByDateBetween(java.time.LocalDate,java.time.LocalDate)]: 'SELECT e FROM Expense e WHERE e.date BETWEEN :startDate AND :endDate'
2026-06-01T20:32:08.764+08:00 DEBUG 31280 --- [pfms] [restartedMain] org.hibernate.SQL                        : 
    select
        e1_0.id,
        e1_0.aia,
        e1_0.allowancesForParents,
        e1_0.breakfast,
        e1_0.criticare,
        e1_0.date,
        e1_0.debt,
        e1_0.dinner,
        e1_0.eatingOut,
        e1_0.entertainment,
        e1_0.groceries,
        e1_0.haircut,
        e1_0.holiday,
        e1_0.incomeTax,
        e1_0.internet,
        e1_0.lunch,
        e1_0.medical,
        e1_0.mobilePhone,
        e1_0.mortgage,
        e1_0.others,
        e1_0.privateTransport,
        e1_0.propertyTax,
        e1_0.publicTransport,
        e1_0.shopping,
        e1_0.sports,
        e1_0.tech,
        e1_0.termProtector,
        e1_0.utilities 
    from
        expense e1_0 
    where
        e1_0.date between ? and ?
2026-06-01T20:32:08.772+08:00 DEBUG 31280 --- [pfms] [restartedMain] o.s.d.j.r.query.PartTreeJpaQuery         : QueryPreparer: Derived query for query method [public abstract java.util.List com.app.pfms.Expense.ExpenseDAO.findByDateBetween(java.time.LocalDate,java.time.LocalDate)]: 'SELECT e FROM Expense e WHERE e.date BETWEEN :startDate AND :endDate'
2026-06-01T20:32:08.774+08:00 DEBUG 31280 --- [pfms] [restartedMain] org.hibernate.SQL                        : 
    select
        e1_0.id,
        e1_0.aia,
        e1_0.allowancesForParents,
        e1_0.breakfast,
        e1_0.criticare,
        e1_0.date,
        e1_0.debt,
        e1_0.dinner,
        e1_0.eatingOut,
        e1_0.entertainment,
        e1_0.groceries,
        e1_0.haircut,
        e1_0.holiday,
        e1_0.incomeTax,
        e1_0.internet,
        e1_0.lunch,
        e1_0.medical,
        e1_0.mobilePhone,
        e1_0.mortgage,
        e1_0.others,
        e1_0.privateTransport,
        e1_0.propertyTax,
        e1_0.publicTransport,
        e1_0.shopping,
        e1_0.sports,
        e1_0.tech,
        e1_0.termProtector,
        e1_0.utilities 
    from
        expense e1_0 
    where
        e1_0.date between ? and ?
2026-06-01T20:32:08.778+08:00 DEBUG 31280 --- [pfms] [restartedMain] o.s.d.j.r.query.PartTreeJpaQuery         : QueryPreparer: Derived query for query method [public abstract java.util.List com.app.pfms.Expense.ExpenseDAO.findByDateBetween(java.time.LocalDate,java.time.LocalDate)]: 'SELECT e FROM Expense e WHERE e.date BETWEEN :startDate AND :endDate'
2026-06-01T20:32:08.780+08:00 DEBUG 31280 --- [pfms] [restartedMain] org.hibernate.SQL                        : 
    select
        e1_0.id,
        e1_0.aia,
        e1_0.allowancesForParents,
        e1_0.breakfast,
        e1_0.criticare,
        e1_0.date,
        e1_0.debt,
        e1_0.dinner,
        e1_0.eatingOut,
        e1_0.entertainment,
        e1_0.groceries,
        e1_0.haircut,
        e1_0.holiday,
        e1_0.incomeTax,
        e1_0.internet,
        e1_0.lunch,
        e1_0.medical,
        e1_0.mobilePhone,
        e1_0.mortgage,
        e1_0.others,
        e1_0.privateTransport,
        e1_0.propertyTax,
        e1_0.publicTransport,
        e1_0.shopping,
        e1_0.sports,
        e1_0.tech,
        e1_0.termProtector,
        e1_0.utilities 
    from
        expense e1_0 
    where
        e1_0.date between ? and ?
2026-06-01T20:32:08.782+08:00 DEBUG 31280 --- [pfms] [restartedMain] o.s.d.j.r.query.PartTreeJpaQuery         : QueryPreparer: Derived query for query method [public abstract java.util.List com.app.pfms.Expense.ExpenseDAO.findByDateBetween(java.time.LocalDate,java.time.LocalDate)]: 'SELECT e FROM Expense e WHERE e.date BETWEEN :startDate AND :endDate'
2026-06-01T20:32:08.783+08:00 DEBUG 31280 --- [pfms] [restartedMain] org.hibernate.SQL                        : 
    select
        e1_0.id,
        e1_0.aia,
        e1_0.allowancesForParents,
        e1_0.breakfast,
        e1_0.criticare,
        e1_0.date,
        e1_0.debt,
        e1_0.dinner,
        e1_0.eatingOut,
        e1_0.entertainment,
        e1_0.groceries,
        e1_0.haircut,
        e1_0.holiday,
        e1_0.incomeTax,
        e1_0.internet,
        e1_0.lunch,
        e1_0.medical,
        e1_0.mobilePhone,
        e1_0.mortgage,
        e1_0.others,
        e1_0.privateTransport,
        e1_0.propertyTax,
        e1_0.publicTransport,
        e1_0.shopping,
        e1_0.sports,
        e1_0.tech,
        e1_0.termProtector,
        e1_0.utilities 
    from
        expense e1_0 
    where
        e1_0.date between ? and ?
2026-06-01T20:32:08.785+08:00 DEBUG 31280 --- [pfms] [restartedMain] o.s.d.j.r.query.PartTreeJpaQuery         : QueryPreparer: Derived query for query method [public abstract java.util.List com.app.pfms.Expense.ExpenseDAO.findByDateBetween(java.time.LocalDate,java.time.LocalDate)]: 'SELECT e FROM Expense e WHERE e.date BETWEEN :startDate AND :endDate'
2026-06-01T20:32:08.785+08:00 DEBUG 31280 --- [pfms] [restartedMain] org.hibernate.SQL                        : 
    select
        e1_0.id,
        e1_0.aia,
        e1_0.allowancesForParents,
        e1_0.breakfast,
        e1_0.criticare,
        e1_0.date,
        e1_0.debt,
        e1_0.dinner,
        e1_0.eatingOut,
        e1_0.entertainment,
        e1_0.groceries,
        e1_0.haircut,
        e1_0.holiday,
        e1_0.incomeTax,
        e1_0.internet,
        e1_0.lunch,
        e1_0.medical,
        e1_0.mobilePhone,
        e1_0.mortgage,
        e1_0.others,
        e1_0.privateTransport,
        e1_0.propertyTax,
        e1_0.publicTransport,
        e1_0.shopping,
        e1_0.sports,
        e1_0.tech,
        e1_0.termProtector,
        e1_0.utilities 
    from
        expense e1_0 
    where
        e1_0.date between ? and ?
2026-06-01T20:32:08.787+08:00 DEBUG 31280 --- [pfms] [restartedMain] o.s.d.j.r.query.PartTreeJpaQuery         : QueryPreparer: Derived query for query method [public abstract java.util.List com.app.pfms.Expense.ExpenseDAO.findByDateBetween(java.time.LocalDate,java.time.LocalDate)]: 'SELECT e FROM Expense e WHERE e.date BETWEEN :startDate AND :endDate'
2026-06-01T20:32:08.788+08:00 DEBUG 31280 --- [pfms] [restartedMain] org.hibernate.SQL                        : 
    select
        e1_0.id,
        e1_0.aia,
        e1_0.allowancesForParents,
        e1_0.breakfast,
        e1_0.criticare,
        e1_0.date,
        e1_0.debt,
        e1_0.dinner,
        e1_0.eatingOut,
        e1_0.entertainment,
        e1_0.groceries,
        e1_0.haircut,
        e1_0.holiday,
        e1_0.incomeTax,
        e1_0.internet,
        e1_0.lunch,
        e1_0.medical,
        e1_0.mobilePhone,
        e1_0.mortgage,
        e1_0.others,
        e1_0.privateTransport,
        e1_0.propertyTax,
        e1_0.publicTransport,
        e1_0.shopping,
        e1_0.sports,
        e1_0.tech,
        e1_0.termProtector,
        e1_0.utilities 
    from
        expense e1_0 
    where
        e1_0.date between ? and ?
2026-06-01T20:32:08.790+08:00 DEBUG 31280 --- [pfms] [restartedMain] o.s.d.j.r.query.PartTreeJpaQuery         : QueryPreparer: Derived query for query method [public abstract java.util.List com.app.pfms.Expense.ExpenseDAO.findByDateBetween(java.time.LocalDate,java.time.LocalDate)]: 'SELECT e FROM Expense e WHERE e.date BETWEEN :startDate AND :endDate'
2026-06-01T20:32:08.792+08:00 DEBUG 31280 --- [pfms] [restartedMain] org.hibernate.SQL                        : 
    select
        e1_0.id,
        e1_0.aia,
        e1_0.allowancesForParents,
        e1_0.breakfast,
        e1_0.criticare,
        e1_0.date,
        e1_0.debt,
        e1_0.dinner,
        e1_0.eatingOut,
        e1_0.entertainment,
        e1_0.groceries,
        e1_0.haircut,
        e1_0.holiday,
        e1_0.incomeTax,
        e1_0.internet,
        e1_0.lunch,
        e1_0.medical,
        e1_0.mobilePhone,
        e1_0.mortgage,
        e1_0.others,
        e1_0.privateTransport,
        e1_0.propertyTax,
        e1_0.publicTransport,
        e1_0.shopping,
        e1_0.sports,
        e1_0.tech,
        e1_0.termProtector,
        e1_0.utilities 
    from
        expense e1_0 
    where
        e1_0.date between ? and ?
2026-06-01T20:32:08.794+08:00 DEBUG 31280 --- [pfms] [restartedMain] o.s.d.j.r.query.PartTreeJpaQuery         : QueryPreparer: Derived query for query method [public abstract java.util.List com.app.pfms.Expense.ExpenseDAO.findByDateBetween(java.time.LocalDate,java.time.LocalDate)]: 'SELECT e FROM Expense e WHERE e.date BETWEEN :startDate AND :endDate'
2026-06-01T20:32:08.796+08:00 DEBUG 31280 --- [pfms] [restartedMain] org.hibernate.SQL                        : 
    select
        e1_0.id,
        e1_0.aia,
        e1_0.allowancesForParents,
        e1_0.breakfast,
        e1_0.criticare,
        e1_0.date,
        e1_0.debt,
        e1_0.dinner,
        e1_0.eatingOut,
        e1_0.entertainment,
        e1_0.groceries,
        e1_0.haircut,
        e1_0.holiday,
        e1_0.incomeTax,
        e1_0.internet,
        e1_0.lunch,
        e1_0.medical,
        e1_0.mobilePhone,
        e1_0.mortgage,
        e1_0.others,
        e1_0.privateTransport,
        e1_0.propertyTax,
        e1_0.publicTransport,
        e1_0.shopping,
        e1_0.sports,
        e1_0.tech,
        e1_0.termProtector,
        e1_0.utilities 
    from
        expense e1_0 
    where
        e1_0.date between ? and ?
2026-06-01T20:32:08.797+08:00 DEBUG 31280 --- [pfms] [restartedMain] o.s.d.j.r.query.PartTreeJpaQuery         : QueryPreparer: Derived query for query method [public abstract java.util.List com.app.pfms.Expense.ExpenseDAO.findByDateBetween(java.time.LocalDate,java.time.LocalDate)]: 'SELECT e FROM Expense e WHERE e.date BETWEEN :startDate AND :endDate'
2026-06-01T20:32:08.798+08:00 DEBUG 31280 --- [pfms] [restartedMain] org.hibernate.SQL                        : 
    select
        e1_0.id,
        e1_0.aia,
        e1_0.allowancesForParents,
        e1_0.breakfast,
        e1_0.criticare,
        e1_0.date,
        e1_0.debt,
        e1_0.dinner,
        e1_0.eatingOut,
        e1_0.entertainment,
        e1_0.groceries,
        e1_0.haircut,
        e1_0.holiday,
        e1_0.incomeTax,
        e1_0.internet,
        e1_0.lunch,
        e1_0.medical,
        e1_0.mobilePhone,
        e1_0.mortgage,
        e1_0.others,
        e1_0.privateTransport,
        e1_0.propertyTax,
        e1_0.publicTransport,
        e1_0.shopping,
        e1_0.sports,
        e1_0.tech,
        e1_0.termProtector,
        e1_0.utilities 
    from
        expense e1_0 
    where
        e1_0.date between ? and ?
2026-06-01T20:32:08.799+08:00 DEBUG 31280 --- [pfms] [restartedMain] o.s.d.j.r.query.PartTreeJpaQuery         : QueryPreparer: Derived query for query method [public abstract java.util.List com.app.pfms.Expense.ExpenseDAO.findByDateBetween(java.time.LocalDate,java.time.LocalDate)]: 'SELECT e FROM Expense e WHERE e.date BETWEEN :startDate AND :endDate'
2026-06-01T20:32:08.800+08:00 DEBUG 31280 --- [pfms] [restartedMain] org.hibernate.SQL                        : 
    select
        e1_0.id,
        e1_0.aia,
        e1_0.allowancesForParents,
        e1_0.breakfast,
        e1_0.criticare,
        e1_0.date,
        e1_0.debt,
        e1_0.dinner,
        e1_0.eatingOut,
        e1_0.entertainment,
        e1_0.groceries,
        e1_0.haircut,
        e1_0.holiday,
        e1_0.incomeTax,
        e1_0.internet,
        e1_0.lunch,
        e1_0.medical,
        e1_0.mobilePhone,
        e1_0.mortgage,
        e1_0.others,
        e1_0.privateTransport,
        e1_0.propertyTax,
        e1_0.publicTransport,
        e1_0.shopping,
        e1_0.sports,
        e1_0.tech,
        e1_0.termProtector,
        e1_0.utilities 
    from
        expense e1_0 
    where
        e1_0.date between ? and ?
2026-06-01T20:32:08.801+08:00 DEBUG 31280 --- [pfms] [restartedMain] o.s.d.j.r.query.PartTreeJpaQuery         : QueryPreparer: Derived query for query method [public abstract java.util.List com.app.pfms.Expense.ExpenseDAO.findByDateBetween(java.time.LocalDate,java.time.LocalDate)]: 'SELECT e FROM Expense e WHERE e.date BETWEEN :startDate AND :endDate'
2026-06-01T20:32:08.802+08:00 DEBUG 31280 --- [pfms] [restartedMain] org.hibernate.SQL                        : 
    select
        e1_0.id,
        e1_0.aia,
        e1_0.allowancesForParents,
        e1_0.breakfast,
        e1_0.criticare,
        e1_0.date,
        e1_0.debt,
        e1_0.dinner,
        e1_0.eatingOut,
        e1_0.entertainment,
        e1_0.groceries,
        e1_0.haircut,
        e1_0.holiday,
        e1_0.incomeTax,
        e1_0.internet,
        e1_0.lunch,
        e1_0.medical,
        e1_0.mobilePhone,
        e1_0.mortgage,
        e1_0.others,
        e1_0.privateTransport,
        e1_0.propertyTax,
        e1_0.publicTransport,
        e1_0.shopping,
        e1_0.sports,
        e1_0.tech,
        e1_0.termProtector,
        e1_0.utilities 
    from
        expense e1_0 
    where
        e1_0.date between ? and ?
2026-06-01T20:32:08.803+08:00 DEBUG 31280 --- [pfms] [restartedMain] o.s.d.j.r.query.PartTreeJpaQuery         : QueryPreparer: Derived query for query method [public abstract java.util.List com.app.pfms.Expense.ExpenseDAO.findByDateBetween(java.time.LocalDate,java.time.LocalDate)]: 'SELECT e FROM Expense e WHERE e.date BETWEEN :startDate AND :endDate'
2026-06-01T20:32:08.805+08:00 DEBUG 31280 --- [pfms] [restartedMain] org.hibernate.SQL                        : 
    select
        e1_0.id,
        e1_0.aia,
        e1_0.allowancesForParents,
        e1_0.breakfast,
        e1_0.criticare,
        e1_0.date,
        e1_0.debt,
        e1_0.dinner,
        e1_0.eatingOut,
        e1_0.entertainment,
        e1_0.groceries,
        e1_0.haircut,
        e1_0.holiday,
        e1_0.incomeTax,
        e1_0.internet,
        e1_0.lunch,
        e1_0.medical,
        e1_0.mobilePhone,
        e1_0.mortgage,
        e1_0.others,
        e1_0.privateTransport,
        e1_0.propertyTax,
        e1_0.publicTransport,
        e1_0.shopping,
        e1_0.sports,
        e1_0.tech,
        e1_0.termProtector,
        e1_0.utilities 
    from
        expense e1_0 
    where
        e1_0.date between ? and ?
2026-06-01T20:32:08.807+08:00 DEBUG 31280 --- [pfms] [restartedMain] o.s.d.j.r.query.PartTreeJpaQuery         : QueryPreparer: Derived query for query method [public abstract java.util.List com.app.pfms.Expense.ExpenseDAO.findByDateBetween(java.time.LocalDate,java.time.LocalDate)]: 'SELECT e FROM Expense e WHERE e.date BETWEEN :startDate AND :endDate'
2026-06-01T20:32:08.809+08:00 DEBUG 31280 --- [pfms] [restartedMain] org.hibernate.SQL                        : 
    select
        e1_0.id,
        e1_0.aia,
        e1_0.allowancesForParents,
        e1_0.breakfast,
        e1_0.criticare,
        e1_0.date,
        e1_0.debt,
        e1_0.dinner,
        e1_0.eatingOut,
        e1_0.entertainment,
        e1_0.groceries,
        e1_0.haircut,
        e1_0.holiday,
        e1_0.incomeTax,
        e1_0.internet,
        e1_0.lunch,
        e1_0.medical,
        e1_0.mobilePhone,
        e1_0.mortgage,
        e1_0.others,
        e1_0.privateTransport,
        e1_0.propertyTax,
        e1_0.publicTransport,
        e1_0.shopping,
        e1_0.sports,
        e1_0.tech,
        e1_0.termProtector,
        e1_0.utilities 
    from
        expense e1_0 
    where
        e1_0.date between ? and ?
2026-06-01T20:32:08.810+08:00 DEBUG 31280 --- [pfms] [restartedMain] o.s.orm.jpa.JpaTransactionManager        : Found thread-bound EntityManager [SessionImpl(1330088755<open>)] for JPA transaction
2026-06-01T20:32:08.810+08:00 DEBUG 31280 --- [pfms] [restartedMain] o.s.orm.jpa.JpaTransactionManager        : Participating in existing transaction
2026-06-01T20:32:08.811+08:00 DEBUG 31280 --- [pfms] [restartedMain] org.hibernate.SQL                        : 
    insert 
    into
        budget
        (allowancesForParents, debt, food, groceries, haircut, income, insurance, internet, medical, misc, mobilePhone, month, mortgage, retirement, savings, tax, transport, utilities) 
    values
        (?, ?, ?, ?, ?, ?, ?, ?, ?, ?, ?, ?, ?, ?, ?, ?, ?, ?)
2026-06-01T20:32:08.812+08:00 DEBUG 31280 --- [pfms] [restartedMain] o.s.orm.jpa.JpaTransactionManager        : Initiating transaction commit
2026-06-01T20:32:08.812+08:00 DEBUG 31280 --- [pfms] [restartedMain] o.s.orm.jpa.JpaTransactionManager        : Committing JPA transaction on EntityManager [SessionImpl(1330088755<open>)]
2026-06-01T20:32:08.813+08:00 DEBUG 31280 --- [pfms] [restartedMain] o.s.orm.jpa.JpaTransactionManager        : Closing JPA EntityManager after transaction
2026-06-01T20:32:08.813+08:00 DEBUG 31280 --- [pfms] [restartedMain] o.s.orm.jpa.JpaTransactionManager        : Creating new transaction with name [com.app.pfms.Budget.BudgetService.createBudget]: PROPAGATION_REQUIRED,ISOLATION_DEFAULT
2026-06-01T20:32:08.814+08:00 DEBUG 31280 --- [pfms] [restartedMain] o.s.orm.jpa.JpaTransactionManager        : Opened new EntityManager [SessionImpl(248694525<open>)] for JPA transaction
2026-06-01T20:32:08.814+08:00 DEBUG 31280 --- [pfms] [restartedMain] o.s.orm.jpa.JpaTransactionManager        : Exposing JPA transaction as JDBC [org.springframework.orm.jpa.vendor.HibernateJpaDialect$HibernateConnectionHandle@6ae67a11]
2026-06-01T20:32:08.814+08:00 DEBUG 31280 --- [pfms] [restartedMain] o.s.d.j.r.query.PartTreeJpaQuery         : QueryPreparer: Derived query for query method [public abstract java.util.Optional com.app.pfms.Budget.BudgetDAO.findByMonth(java.time.YearMonth)]: 'SELECT b FROM Budget b WHERE b.month = :month'
2026-06-01T20:32:08.815+08:00 DEBUG 31280 --- [pfms] [restartedMain] org.hibernate.SQL                        : 
    select
        b1_0.id,
        b1_0.allowancesForParents,
        b1_0.debt,
        b1_0.food,
        b1_0.groceries,
        b1_0.haircut,
        b1_0.income,
        b1_0.insurance,
        b1_0.internet,
        b1_0.medical,
        b1_0.misc,
        b1_0.mobilePhone,
        b1_0.month,
        b1_0.mortgage,
        b1_0.retirement,
        b1_0.savings,
        b1_0.tax,
        b1_0.transport,
        b1_0.utilities 
    from
        budget b1_0 
    where
        b1_0.month=?
2026-06-01T20:32:08.816+08:00 DEBUG 31280 --- [pfms] [restartedMain] o.s.d.j.r.query.PartTreeJpaQuery         : QueryPreparer: Derived query for query method [public abstract java.util.List com.app.pfms.Expense.ExpenseDAO.findByDateBetween(java.time.LocalDate,java.time.LocalDate)]: 'SELECT e FROM Expense e WHERE e.date BETWEEN :startDate AND :endDate'
2026-06-01T20:32:08.816+08:00 DEBUG 31280 --- [pfms] [restartedMain] org.hibernate.SQL                        : 
    select
        e1_0.id,
        e1_0.aia,
        e1_0.allowancesForParents,
        e1_0.breakfast,
        e1_0.criticare,
        e1_0.date,
        e1_0.debt,
        e1_0.dinner,
        e1_0.eatingOut,
        e1_0.entertainment,
        e1_0.groceries,
        e1_0.haircut,
        e1_0.holiday,
        e1_0.incomeTax,
        e1_0.internet,
        e1_0.lunch,
        e1_0.medical,
        e1_0.mobilePhone,
        e1_0.mortgage,
        e1_0.others,
        e1_0.privateTransport,
        e1_0.propertyTax,
        e1_0.publicTransport,
        e1_0.shopping,
        e1_0.sports,
        e1_0.tech,
        e1_0.termProtector,
        e1_0.utilities 
    from
        expense e1_0 
    where
        e1_0.date between ? and ?
2026-06-01T20:32:08.822+08:00 DEBUG 31280 --- [pfms] [restartedMain] o.s.d.j.r.query.PartTreeJpaQuery         : QueryPreparer: Derived query for query method [public abstract java.util.List com.app.pfms.Expense.ExpenseDAO.findByDateBetween(java.time.LocalDate,java.time.LocalDate)]: 'SELECT e FROM Expense e WHERE e.date BETWEEN :startDate AND :endDate'
2026-06-01T20:32:08.822+08:00 DEBUG 31280 --- [pfms] [restartedMain] org.hibernate.SQL                        : 
    select
        e1_0.id,
        e1_0.aia,
        e1_0.allowancesForParents,
        e1_0.breakfast,
        e1_0.criticare,
        e1_0.date,
        e1_0.debt,
        e1_0.dinner,
        e1_0.eatingOut,
        e1_0.entertainment,
        e1_0.groceries,
        e1_0.haircut,
        e1_0.holiday,
        e1_0.incomeTax,
        e1_0.internet,
        e1_0.lunch,
        e1_0.medical,
        e1_0.mobilePhone,
        e1_0.mortgage,
        e1_0.others,
        e1_0.privateTransport,
        e1_0.propertyTax,
        e1_0.publicTransport,
        e1_0.shopping,
        e1_0.sports,
        e1_0.tech,
        e1_0.termProtector,
        e1_0.utilities 
    from
        expense e1_0 
    where
        e1_0.date between ? and ?
2026-06-01T20:32:08.823+08:00 DEBUG 31280 --- [pfms] [restartedMain] o.s.d.j.r.query.PartTreeJpaQuery         : QueryPreparer: Derived query for query method [public abstract java.util.List com.app.pfms.Expense.ExpenseDAO.findByDateBetween(java.time.LocalDate,java.time.LocalDate)]: 'SELECT e FROM Expense e WHERE e.date BETWEEN :startDate AND :endDate'
2026-06-01T20:32:08.825+08:00 DEBUG 31280 --- [pfms] [restartedMain] org.hibernate.SQL                        : 
    select
        e1_0.id,
        e1_0.aia,
        e1_0.allowancesForParents,
        e1_0.breakfast,
        e1_0.criticare,
        e1_0.date,
        e1_0.debt,
        e1_0.dinner,
        e1_0.eatingOut,
        e1_0.entertainment,
        e1_0.groceries,
        e1_0.haircut,
        e1_0.holiday,
        e1_0.incomeTax,
        e1_0.internet,
        e1_0.lunch,
        e1_0.medical,
        e1_0.mobilePhone,
        e1_0.mortgage,
        e1_0.others,
        e1_0.privateTransport,
        e1_0.propertyTax,
        e1_0.publicTransport,
        e1_0.shopping,
        e1_0.sports,
        e1_0.tech,
        e1_0.termProtector,
        e1_0.utilities 
    from
        expense e1_0 
    where
        e1_0.date between ? and ?
2026-06-01T20:32:08.826+08:00 DEBUG 31280 --- [pfms] [restartedMain] o.s.d.j.r.query.PartTreeJpaQuery         : QueryPreparer: Derived query for query method [public abstract java.util.List com.app.pfms.Expense.ExpenseDAO.findByDateBetween(java.time.LocalDate,java.time.LocalDate)]: 'SELECT e FROM Expense e WHERE e.date BETWEEN :startDate AND :endDate'
2026-06-01T20:32:08.827+08:00 DEBUG 31280 --- [pfms] [restartedMain] org.hibernate.SQL                        : 
    select
        e1_0.id,
        e1_0.aia,
        e1_0.allowancesForParents,
        e1_0.breakfast,
        e1_0.criticare,
        e1_0.date,
        e1_0.debt,
        e1_0.dinner,
        e1_0.eatingOut,
        e1_0.entertainment,
        e1_0.groceries,
        e1_0.haircut,
        e1_0.holiday,
        e1_0.incomeTax,
        e1_0.internet,
        e1_0.lunch,
        e1_0.medical,
        e1_0.mobilePhone,
        e1_0.mortgage,
        e1_0.others,
        e1_0.privateTransport,
        e1_0.propertyTax,
        e1_0.publicTransport,
        e1_0.shopping,
        e1_0.sports,
        e1_0.tech,
        e1_0.termProtector,
        e1_0.utilities 
    from
        expense e1_0 
    where
        e1_0.date between ? and ?
2026-06-01T20:32:08.828+08:00 DEBUG 31280 --- [pfms] [restartedMain] o.s.d.j.r.query.PartTreeJpaQuery         : QueryPreparer: Derived query for query method [public abstract java.util.List com.app.pfms.Expense.ExpenseDAO.findByDateBetween(java.time.LocalDate,java.time.LocalDate)]: 'SELECT e FROM Expense e WHERE e.date BETWEEN :startDate AND :endDate'
2026-06-01T20:32:08.829+08:00 DEBUG 31280 --- [pfms] [restartedMain] org.hibernate.SQL                        : 
    select
        e1_0.id,
        e1_0.aia,
        e1_0.allowancesForParents,
        e1_0.breakfast,
        e1_0.criticare,
        e1_0.date,
        e1_0.debt,
        e1_0.dinner,
        e1_0.eatingOut,
        e1_0.entertainment,
        e1_0.groceries,
        e1_0.haircut,
        e1_0.holiday,
        e1_0.incomeTax,
        e1_0.internet,
        e1_0.lunch,
        e1_0.medical,
        e1_0.mobilePhone,
        e1_0.mortgage,
        e1_0.others,
        e1_0.privateTransport,
        e1_0.propertyTax,
        e1_0.publicTransport,
        e1_0.shopping,
        e1_0.sports,
        e1_0.tech,
        e1_0.termProtector,
        e1_0.utilities 
    from
        expense e1_0 
    where
        e1_0.date between ? and ?
2026-06-01T20:32:08.830+08:00 DEBUG 31280 --- [pfms] [restartedMain] o.s.d.j.r.query.PartTreeJpaQuery         : QueryPreparer: Derived query for query method [public abstract java.util.List com.app.pfms.Expense.ExpenseDAO.findByDateBetween(java.time.LocalDate,java.time.LocalDate)]: 'SELECT e FROM Expense e WHERE e.date BETWEEN :startDate AND :endDate'
2026-06-01T20:32:08.831+08:00 DEBUG 31280 --- [pfms] [restartedMain] org.hibernate.SQL                        : 
    select
        e1_0.id,
        e1_0.aia,
        e1_0.allowancesForParents,
        e1_0.breakfast,
        e1_0.criticare,
        e1_0.date,
        e1_0.debt,
        e1_0.dinner,
        e1_0.eatingOut,
        e1_0.entertainment,
        e1_0.groceries,
        e1_0.haircut,
        e1_0.holiday,
        e1_0.incomeTax,
        e1_0.internet,
        e1_0.lunch,
        e1_0.medical,
        e1_0.mobilePhone,
        e1_0.mortgage,
        e1_0.others,
        e1_0.privateTransport,
        e1_0.propertyTax,
        e1_0.publicTransport,
        e1_0.shopping,
        e1_0.sports,
        e1_0.tech,
        e1_0.termProtector,
        e1_0.utilities 
    from
        expense e1_0 
    where
        e1_0.date between ? and ?
2026-06-01T20:32:08.832+08:00 DEBUG 31280 --- [pfms] [restartedMain] o.s.d.j.r.query.PartTreeJpaQuery         : QueryPreparer: Derived query for query method [public abstract java.util.List com.app.pfms.Expense.ExpenseDAO.findByDateBetween(java.time.LocalDate,java.time.LocalDate)]: 'SELECT e FROM Expense e WHERE e.date BETWEEN :startDate AND :endDate'
2026-06-01T20:32:08.833+08:00 DEBUG 31280 --- [pfms] [restartedMain] org.hibernate.SQL                        : 
    select
        e1_0.id,
        e1_0.aia,
        e1_0.allowancesForParents,
        e1_0.breakfast,
        e1_0.criticare,
        e1_0.date,
        e1_0.debt,
        e1_0.dinner,
        e1_0.eatingOut,
        e1_0.entertainment,
        e1_0.groceries,
        e1_0.haircut,
        e1_0.holiday,
        e1_0.incomeTax,
        e1_0.internet,
        e1_0.lunch,
        e1_0.medical,
        e1_0.mobilePhone,
        e1_0.mortgage,
        e1_0.others,
        e1_0.privateTransport,
        e1_0.propertyTax,
        e1_0.publicTransport,
        e1_0.shopping,
        e1_0.sports,
        e1_0.tech,
        e1_0.termProtector,
        e1_0.utilities 
    from
        expense e1_0 
    where
        e1_0.date between ? and ?
2026-06-01T20:32:08.834+08:00 DEBUG 31280 --- [pfms] [restartedMain] o.s.d.j.r.query.PartTreeJpaQuery         : QueryPreparer: Derived query for query method [public abstract java.util.List com.app.pfms.Expense.ExpenseDAO.findByDateBetween(java.time.LocalDate,java.time.LocalDate)]: 'SELECT e FROM Expense e WHERE e.date BETWEEN :startDate AND :endDate'
2026-06-01T20:32:08.835+08:00 DEBUG 31280 --- [pfms] [restartedMain] org.hibernate.SQL                        : 
    select
        e1_0.id,
        e1_0.aia,
        e1_0.allowancesForParents,
        e1_0.breakfast,
        e1_0.criticare,
        e1_0.date,
        e1_0.debt,
        e1_0.dinner,
        e1_0.eatingOut,
        e1_0.entertainment,
        e1_0.groceries,
        e1_0.haircut,
        e1_0.holiday,
        e1_0.incomeTax,
        e1_0.internet,
        e1_0.lunch,
        e1_0.medical,
        e1_0.mobilePhone,
        e1_0.mortgage,
        e1_0.others,
        e1_0.privateTransport,
        e1_0.propertyTax,
        e1_0.publicTransport,
        e1_0.shopping,
        e1_0.sports,
        e1_0.tech,
        e1_0.termProtector,
        e1_0.utilities 
    from
        expense e1_0 
    where
        e1_0.date between ? and ?
2026-06-01T20:32:08.836+08:00 DEBUG 31280 --- [pfms] [restartedMain] o.s.d.j.r.query.PartTreeJpaQuery         : QueryPreparer: Derived query for query method [public abstract java.util.List com.app.pfms.Expense.ExpenseDAO.findByDateBetween(java.time.LocalDate,java.time.LocalDate)]: 'SELECT e FROM Expense e WHERE e.date BETWEEN :startDate AND :endDate'
2026-06-01T20:32:08.836+08:00 DEBUG 31280 --- [pfms] [restartedMain] org.hibernate.SQL                        : 
    select
        e1_0.id,
        e1_0.aia,
        e1_0.allowancesForParents,
        e1_0.breakfast,
        e1_0.criticare,
        e1_0.date,
        e1_0.debt,
        e1_0.dinner,
        e1_0.eatingOut,
        e1_0.entertainment,
        e1_0.groceries,
        e1_0.haircut,
        e1_0.holiday,
        e1_0.incomeTax,
        e1_0.internet,
        e1_0.lunch,
        e1_0.medical,
        e1_0.mobilePhone,
        e1_0.mortgage,
        e1_0.others,
        e1_0.privateTransport,
        e1_0.propertyTax,
        e1_0.publicTransport,
        e1_0.shopping,
        e1_0.sports,
        e1_0.tech,
        e1_0.termProtector,
        e1_0.utilities 
    from
        expense e1_0 
    where
        e1_0.date between ? and ?
2026-06-01T20:32:08.837+08:00 DEBUG 31280 --- [pfms] [restartedMain] o.s.d.j.r.query.PartTreeJpaQuery         : QueryPreparer: Derived query for query method [public abstract java.util.List com.app.pfms.Expense.ExpenseDAO.findByDateBetween(java.time.LocalDate,java.time.LocalDate)]: 'SELECT e FROM Expense e WHERE e.date BETWEEN :startDate AND :endDate'
2026-06-01T20:32:08.838+08:00 DEBUG 31280 --- [pfms] [restartedMain] org.hibernate.SQL                        : 
    select
        e1_0.id,
        e1_0.aia,
        e1_0.allowancesForParents,
        e1_0.breakfast,
        e1_0.criticare,
        e1_0.date,
        e1_0.debt,
        e1_0.dinner,
        e1_0.eatingOut,
        e1_0.entertainment,
        e1_0.groceries,
        e1_0.haircut,
        e1_0.holiday,
        e1_0.incomeTax,
        e1_0.internet,
        e1_0.lunch,
        e1_0.medical,
        e1_0.mobilePhone,
        e1_0.mortgage,
        e1_0.others,
        e1_0.privateTransport,
        e1_0.propertyTax,
        e1_0.publicTransport,
        e1_0.shopping,
        e1_0.sports,
        e1_0.tech,
        e1_0.termProtector,
        e1_0.utilities 
    from
        expense e1_0 
    where
        e1_0.date between ? and ?
2026-06-01T20:32:08.840+08:00 DEBUG 31280 --- [pfms] [restartedMain] o.s.d.j.r.query.PartTreeJpaQuery         : QueryPreparer: Derived query for query method [public abstract java.util.List com.app.pfms.Expense.ExpenseDAO.findByDateBetween(java.time.LocalDate,java.time.LocalDate)]: 'SELECT e FROM Expense e WHERE e.date BETWEEN :startDate AND :endDate'
2026-06-01T20:32:08.840+08:00 DEBUG 31280 --- [pfms] [restartedMain] org.hibernate.SQL                        : 
    select
        e1_0.id,
        e1_0.aia,
        e1_0.allowancesForParents,
        e1_0.breakfast,
        e1_0.criticare,
        e1_0.date,
        e1_0.debt,
        e1_0.dinner,
        e1_0.eatingOut,
        e1_0.entertainment,
        e1_0.groceries,
        e1_0.haircut,
        e1_0.holiday,
        e1_0.incomeTax,
        e1_0.internet,
        e1_0.lunch,
        e1_0.medical,
        e1_0.mobilePhone,
        e1_0.mortgage,
        e1_0.others,
        e1_0.privateTransport,
        e1_0.propertyTax,
        e1_0.publicTransport,
        e1_0.shopping,
        e1_0.sports,
        e1_0.tech,
        e1_0.termProtector,
        e1_0.utilities 
    from
        expense e1_0 
    where
        e1_0.date between ? and ?
2026-06-01T20:32:08.842+08:00 DEBUG 31280 --- [pfms] [restartedMain] o.s.d.j.r.query.PartTreeJpaQuery         : QueryPreparer: Derived query for query method [public abstract java.util.List com.app.pfms.Expense.ExpenseDAO.findByDateBetween(java.time.LocalDate,java.time.LocalDate)]: 'SELECT e FROM Expense e WHERE e.date BETWEEN :startDate AND :endDate'
2026-06-01T20:32:08.843+08:00 DEBUG 31280 --- [pfms] [restartedMain] org.hibernate.SQL                        : 
    select
        e1_0.id,
        e1_0.aia,
        e1_0.allowancesForParents,
        e1_0.breakfast,
        e1_0.criticare,
        e1_0.date,
        e1_0.debt,
        e1_0.dinner,
        e1_0.eatingOut,
        e1_0.entertainment,
        e1_0.groceries,
        e1_0.haircut,
        e1_0.holiday,
        e1_0.incomeTax,
        e1_0.internet,
        e1_0.lunch,
        e1_0.medical,
        e1_0.mobilePhone,
        e1_0.mortgage,
        e1_0.others,
        e1_0.privateTransport,
        e1_0.propertyTax,
        e1_0.publicTransport,
        e1_0.shopping,
        e1_0.sports,
        e1_0.tech,
        e1_0.termProtector,
        e1_0.utilities 
    from
        expense e1_0 
    where
        e1_0.date between ? and ?
2026-06-01T20:32:08.845+08:00 DEBUG 31280 --- [pfms] [restartedMain] o.s.d.j.r.query.PartTreeJpaQuery         : QueryPreparer: Derived query for query method [public abstract java.util.List com.app.pfms.Expense.ExpenseDAO.findByDateBetween(java.time.LocalDate,java.time.LocalDate)]: 'SELECT e FROM Expense e WHERE e.date BETWEEN :startDate AND :endDate'
2026-06-01T20:32:08.846+08:00 DEBUG 31280 --- [pfms] [restartedMain] org.hibernate.SQL                        : 
    select
        e1_0.id,
        e1_0.aia,
        e1_0.allowancesForParents,
        e1_0.breakfast,
        e1_0.criticare,
        e1_0.date,
        e1_0.debt,
        e1_0.dinner,
        e1_0.eatingOut,
        e1_0.entertainment,
        e1_0.groceries,
        e1_0.haircut,
        e1_0.holiday,
        e1_0.incomeTax,
        e1_0.internet,
        e1_0.lunch,
        e1_0.medical,
        e1_0.mobilePhone,
        e1_0.mortgage,
        e1_0.others,
        e1_0.privateTransport,
        e1_0.propertyTax,
        e1_0.publicTransport,
        e1_0.shopping,
        e1_0.sports,
        e1_0.tech,
        e1_0.termProtector,
        e1_0.utilities 
    from
        expense e1_0 
    where
        e1_0.date between ? and ?
2026-06-01T20:32:08.847+08:00 DEBUG 31280 --- [pfms] [restartedMain] o.s.d.j.r.query.PartTreeJpaQuery         : QueryPreparer: Derived query for query method [public abstract java.util.List com.app.pfms.Expense.ExpenseDAO.findByDateBetween(java.time.LocalDate,java.time.LocalDate)]: 'SELECT e FROM Expense e WHERE e.date BETWEEN :startDate AND :endDate'
2026-06-01T20:32:08.848+08:00 DEBUG 31280 --- [pfms] [restartedMain] org.hibernate.SQL                        : 
    select
        e1_0.id,
        e1_0.aia,
        e1_0.allowancesForParents,
        e1_0.breakfast,
        e1_0.criticare,
        e1_0.date,
        e1_0.debt,
        e1_0.dinner,
        e1_0.eatingOut,
        e1_0.entertainment,
        e1_0.groceries,
        e1_0.haircut,
        e1_0.holiday,
        e1_0.incomeTax,
        e1_0.internet,
        e1_0.lunch,
        e1_0.medical,
        e1_0.mobilePhone,
        e1_0.mortgage,
        e1_0.others,
        e1_0.privateTransport,
        e1_0.propertyTax,
        e1_0.publicTransport,
        e1_0.shopping,
        e1_0.sports,
        e1_0.tech,
        e1_0.termProtector,
        e1_0.utilities 
    from
        expense e1_0 
    where
        e1_0.date between ? and ?
2026-06-01T20:32:08.849+08:00 DEBUG 31280 --- [pfms] [restartedMain] o.s.orm.jpa.JpaTransactionManager        : Found thread-bound EntityManager [SessionImpl(248694525<open>)] for JPA transaction
2026-06-01T20:32:08.849+08:00 DEBUG 31280 --- [pfms] [restartedMain] o.s.orm.jpa.JpaTransactionManager        : Participating in existing transaction
2026-06-01T20:32:08.849+08:00 DEBUG 31280 --- [pfms] [restartedMain] org.hibernate.SQL                        : 
    insert 
    into
        budget
        (allowancesForParents, debt, food, groceries, haircut, income, insurance, internet, medical, misc, mobilePhone, month, mortgage, retirement, savings, tax, transport, utilities) 
    values
        (?, ?, ?, ?, ?, ?, ?, ?, ?, ?, ?, ?, ?, ?, ?, ?, ?, ?)
2026-06-01T20:32:08.851+08:00 DEBUG 31280 --- [pfms] [restartedMain] o.s.orm.jpa.JpaTransactionManager        : Initiating transaction commit
2026-06-01T20:32:08.851+08:00 DEBUG 31280 --- [pfms] [restartedMain] o.s.orm.jpa.JpaTransactionManager        : Committing JPA transaction on EntityManager [SessionImpl(248694525<open>)]
2026-06-01T20:32:08.852+08:00 DEBUG 31280 --- [pfms] [restartedMain] o.s.orm.jpa.JpaTransactionManager        : Closing JPA EntityManager after transaction
2026-06-01T20:32:08.852+08:00 DEBUG 31280 --- [pfms] [restartedMain] o.s.orm.jpa.JpaTransactionManager        : Creating new transaction with name [com.app.pfms.Budget.BudgetService.createBudget]: PROPAGATION_REQUIRED,ISOLATION_DEFAULT
2026-06-01T20:32:08.852+08:00 DEBUG 31280 --- [pfms] [restartedMain] o.s.orm.jpa.JpaTransactionManager        : Opened new EntityManager [SessionImpl(262156381<open>)] for JPA transaction
2026-06-01T20:32:08.852+08:00 DEBUG 31280 --- [pfms] [restartedMain] o.s.orm.jpa.JpaTransactionManager        : Exposing JPA transaction as JDBC [org.springframework.orm.jpa.vendor.HibernateJpaDialect$HibernateConnectionHandle@95a440e]
2026-06-01T20:32:08.853+08:00 DEBUG 31280 --- [pfms] [restartedMain] o.s.d.j.r.query.PartTreeJpaQuery         : QueryPreparer: Derived query for query method [public abstract java.util.Optional com.app.pfms.Budget.BudgetDAO.findByMonth(java.time.YearMonth)]: 'SELECT b FROM Budget b WHERE b.month = :month'
2026-06-01T20:32:08.853+08:00 DEBUG 31280 --- [pfms] [restartedMain] org.hibernate.SQL                        : 
    select
        b1_0.id,
        b1_0.allowancesForParents,
        b1_0.debt,
        b1_0.food,
        b1_0.groceries,
        b1_0.haircut,
        b1_0.income,
        b1_0.insurance,
        b1_0.internet,
        b1_0.medical,
        b1_0.misc,
        b1_0.mobilePhone,
        b1_0.month,
        b1_0.mortgage,
        b1_0.retirement,
        b1_0.savings,
        b1_0.tax,
        b1_0.transport,
        b1_0.utilities 
    from
        budget b1_0 
    where
        b1_0.month=?
2026-06-01T20:32:08.854+08:00 DEBUG 31280 --- [pfms] [restartedMain] o.s.d.j.r.query.PartTreeJpaQuery         : QueryPreparer: Derived query for query method [public abstract java.util.List com.app.pfms.Expense.ExpenseDAO.findByDateBetween(java.time.LocalDate,java.time.LocalDate)]: 'SELECT e FROM Expense e WHERE e.date BETWEEN :startDate AND :endDate'
2026-06-01T20:32:08.854+08:00 DEBUG 31280 --- [pfms] [restartedMain] org.hibernate.SQL                        : 
    select
        e1_0.id,
        e1_0.aia,
        e1_0.allowancesForParents,
        e1_0.breakfast,
        e1_0.criticare,
        e1_0.date,
        e1_0.debt,
        e1_0.dinner,
        e1_0.eatingOut,
        e1_0.entertainment,
        e1_0.groceries,
        e1_0.haircut,
        e1_0.holiday,
        e1_0.incomeTax,
        e1_0.internet,
        e1_0.lunch,
        e1_0.medical,
        e1_0.mobilePhone,
        e1_0.mortgage,
        e1_0.others,
        e1_0.privateTransport,
        e1_0.propertyTax,
        e1_0.publicTransport,
        e1_0.shopping,
        e1_0.sports,
        e1_0.tech,
        e1_0.termProtector,
        e1_0.utilities 
    from
        expense e1_0 
    where
        e1_0.date between ? and ?
2026-06-01T20:32:08.857+08:00 DEBUG 31280 --- [pfms] [restartedMain] o.s.d.j.r.query.PartTreeJpaQuery         : QueryPreparer: Derived query for query method [public abstract java.util.List com.app.pfms.Expense.ExpenseDAO.findByDateBetween(java.time.LocalDate,java.time.LocalDate)]: 'SELECT e FROM Expense e WHERE e.date BETWEEN :startDate AND :endDate'
2026-06-01T20:32:08.857+08:00 DEBUG 31280 --- [pfms] [restartedMain] org.hibernate.SQL                        : 
    select
        e1_0.id,
        e1_0.aia,
        e1_0.allowancesForParents,
        e1_0.breakfast,
        e1_0.criticare,
        e1_0.date,
        e1_0.debt,
        e1_0.dinner,
        e1_0.eatingOut,
        e1_0.entertainment,
        e1_0.groceries,
        e1_0.haircut,
        e1_0.holiday,
        e1_0.incomeTax,
        e1_0.internet,
        e1_0.lunch,
        e1_0.medical,
        e1_0.mobilePhone,
        e1_0.mortgage,
        e1_0.others,
        e1_0.privateTransport,
        e1_0.propertyTax,
        e1_0.publicTransport,
        e1_0.shopping,
        e1_0.sports,
        e1_0.tech,
        e1_0.termProtector,
        e1_0.utilities 
    from
        expense e1_0 
    where
        e1_0.date between ? and ?
2026-06-01T20:32:08.860+08:00 DEBUG 31280 --- [pfms] [restartedMain] o.s.d.j.r.query.PartTreeJpaQuery         : QueryPreparer: Derived query for query method [public abstract java.util.List com.app.pfms.Expense.ExpenseDAO.findByDateBetween(java.time.LocalDate,java.time.LocalDate)]: 'SELECT e FROM Expense e WHERE e.date BETWEEN :startDate AND :endDate'
2026-06-01T20:32:08.862+08:00 DEBUG 31280 --- [pfms] [restartedMain] org.hibernate.SQL                        : 
    select
        e1_0.id,
        e1_0.aia,
        e1_0.allowancesForParents,
        e1_0.breakfast,
        e1_0.criticare,
        e1_0.date,
        e1_0.debt,
        e1_0.dinner,
        e1_0.eatingOut,
        e1_0.entertainment,
        e1_0.groceries,
        e1_0.haircut,
        e1_0.holiday,
        e1_0.incomeTax,
        e1_0.internet,
        e1_0.lunch,
        e1_0.medical,
        e1_0.mobilePhone,
        e1_0.mortgage,
        e1_0.others,
        e1_0.privateTransport,
        e1_0.propertyTax,
        e1_0.publicTransport,
        e1_0.shopping,
        e1_0.sports,
        e1_0.tech,
        e1_0.termProtector,
        e1_0.utilities 
    from
        expense e1_0 
    where
        e1_0.date between ? and ?
2026-06-01T20:32:08.863+08:00 DEBUG 31280 --- [pfms] [restartedMain] o.s.d.j.r.query.PartTreeJpaQuery         : QueryPreparer: Derived query for query method [public abstract java.util.List com.app.pfms.Expense.ExpenseDAO.findByDateBetween(java.time.LocalDate,java.time.LocalDate)]: 'SELECT e FROM Expense e WHERE e.date BETWEEN :startDate AND :endDate'
2026-06-01T20:32:08.864+08:00 DEBUG 31280 --- [pfms] [restartedMain] org.hibernate.SQL                        : 
    select
        e1_0.id,
        e1_0.aia,
        e1_0.allowancesForParents,
        e1_0.breakfast,
        e1_0.criticare,
        e1_0.date,
        e1_0.debt,
        e1_0.dinner,
        e1_0.eatingOut,
        e1_0.entertainment,
        e1_0.groceries,
        e1_0.haircut,
        e1_0.holiday,
        e1_0.incomeTax,
        e1_0.internet,
        e1_0.lunch,
        e1_0.medical,
        e1_0.mobilePhone,
        e1_0.mortgage,
        e1_0.others,
        e1_0.privateTransport,
        e1_0.propertyTax,
        e1_0.publicTransport,
        e1_0.shopping,
        e1_0.sports,
        e1_0.tech,
        e1_0.termProtector,
        e1_0.utilities 
    from
        expense e1_0 
    where
        e1_0.date between ? and ?
2026-06-01T20:32:08.865+08:00 DEBUG 31280 --- [pfms] [restartedMain] o.s.d.j.r.query.PartTreeJpaQuery         : QueryPreparer: Derived query for query method [public abstract java.util.List com.app.pfms.Expense.ExpenseDAO.findByDateBetween(java.time.LocalDate,java.time.LocalDate)]: 'SELECT e FROM Expense e WHERE e.date BETWEEN :startDate AND :endDate'
2026-06-01T20:32:08.865+08:00 DEBUG 31280 --- [pfms] [restartedMain] org.hibernate.SQL                        : 
    select
        e1_0.id,
        e1_0.aia,
        e1_0.allowancesForParents,
        e1_0.breakfast,
        e1_0.criticare,
        e1_0.date,
        e1_0.debt,
        e1_0.dinner,
        e1_0.eatingOut,
        e1_0.entertainment,
        e1_0.groceries,
        e1_0.haircut,
        e1_0.holiday,
        e1_0.incomeTax,
        e1_0.internet,
        e1_0.lunch,
        e1_0.medical,
        e1_0.mobilePhone,
        e1_0.mortgage,
        e1_0.others,
        e1_0.privateTransport,
        e1_0.propertyTax,
        e1_0.publicTransport,
        e1_0.shopping,
        e1_0.sports,
        e1_0.tech,
        e1_0.termProtector,
        e1_0.utilities 
    from
        expense e1_0 
    where
        e1_0.date between ? and ?
2026-06-01T20:32:08.867+08:00 DEBUG 31280 --- [pfms] [restartedMain] o.s.d.j.r.query.PartTreeJpaQuery         : QueryPreparer: Derived query for query method [public abstract java.util.List com.app.pfms.Expense.ExpenseDAO.findByDateBetween(java.time.LocalDate,java.time.LocalDate)]: 'SELECT e FROM Expense e WHERE e.date BETWEEN :startDate AND :endDate'
2026-06-01T20:32:08.867+08:00 DEBUG 31280 --- [pfms] [restartedMain] org.hibernate.SQL                        : 
    select
        e1_0.id,
        e1_0.aia,
        e1_0.allowancesForParents,
        e1_0.breakfast,
        e1_0.criticare,
        e1_0.date,
        e1_0.debt,
        e1_0.dinner,
        e1_0.eatingOut,
        e1_0.entertainment,
        e1_0.groceries,
        e1_0.haircut,
        e1_0.holiday,
        e1_0.incomeTax,
        e1_0.internet,
        e1_0.lunch,
        e1_0.medical,
        e1_0.mobilePhone,
        e1_0.mortgage,
        e1_0.others,
        e1_0.privateTransport,
        e1_0.propertyTax,
        e1_0.publicTransport,
        e1_0.shopping,
        e1_0.sports,
        e1_0.tech,
        e1_0.termProtector,
        e1_0.utilities 
    from
        expense e1_0 
    where
        e1_0.date between ? and ?
2026-06-01T20:32:08.868+08:00 DEBUG 31280 --- [pfms] [restartedMain] o.s.d.j.r.query.PartTreeJpaQuery         : QueryPreparer: Derived query for query method [public abstract java.util.List com.app.pfms.Expense.ExpenseDAO.findByDateBetween(java.time.LocalDate,java.time.LocalDate)]: 'SELECT e FROM Expense e WHERE e.date BETWEEN :startDate AND :endDate'
2026-06-01T20:32:08.869+08:00 DEBUG 31280 --- [pfms] [restartedMain] org.hibernate.SQL                        : 
    select
        e1_0.id,
        e1_0.aia,
        e1_0.allowancesForParents,
        e1_0.breakfast,
        e1_0.criticare,
        e1_0.date,
        e1_0.debt,
        e1_0.dinner,
        e1_0.eatingOut,
        e1_0.entertainment,
        e1_0.groceries,
        e1_0.haircut,
        e1_0.holiday,
        e1_0.incomeTax,
        e1_0.internet,
        e1_0.lunch,
        e1_0.medical,
        e1_0.mobilePhone,
        e1_0.mortgage,
        e1_0.others,
        e1_0.privateTransport,
        e1_0.propertyTax,
        e1_0.publicTransport,
        e1_0.shopping,
        e1_0.sports,
        e1_0.tech,
        e1_0.termProtector,
        e1_0.utilities 
    from
        expense e1_0 
    where
        e1_0.date between ? and ?
2026-06-01T20:32:08.870+08:00 DEBUG 31280 --- [pfms] [restartedMain] o.s.d.j.r.query.PartTreeJpaQuery         : QueryPreparer: Derived query for query method [public abstract java.util.List com.app.pfms.Expense.ExpenseDAO.findByDateBetween(java.time.LocalDate,java.time.LocalDate)]: 'SELECT e FROM Expense e WHERE e.date BETWEEN :startDate AND :endDate'
2026-06-01T20:32:08.870+08:00 DEBUG 31280 --- [pfms] [restartedMain] org.hibernate.SQL                        : 
    select
        e1_0.id,
        e1_0.aia,
        e1_0.allowancesForParents,
        e1_0.breakfast,
        e1_0.criticare,
        e1_0.date,
        e1_0.debt,
        e1_0.dinner,
        e1_0.eatingOut,
        e1_0.entertainment,
        e1_0.groceries,
        e1_0.haircut,
        e1_0.holiday,
        e1_0.incomeTax,
        e1_0.internet,
        e1_0.lunch,
        e1_0.medical,
        e1_0.mobilePhone,
        e1_0.mortgage,
        e1_0.others,
        e1_0.privateTransport,
        e1_0.propertyTax,
        e1_0.publicTransport,
        e1_0.shopping,
        e1_0.sports,
        e1_0.tech,
        e1_0.termProtector,
        e1_0.utilities 
    from
        expense e1_0 
    where
        e1_0.date between ? and ?
2026-06-01T20:32:08.871+08:00 DEBUG 31280 --- [pfms] [restartedMain] o.s.d.j.r.query.PartTreeJpaQuery         : QueryPreparer: Derived query for query method [public abstract java.util.List com.app.pfms.Expense.ExpenseDAO.findByDateBetween(java.time.LocalDate,java.time.LocalDate)]: 'SELECT e FROM Expense e WHERE e.date BETWEEN :startDate AND :endDate'
2026-06-01T20:32:08.872+08:00 DEBUG 31280 --- [pfms] [restartedMain] org.hibernate.SQL                        : 
    select
        e1_0.id,
        e1_0.aia,
        e1_0.allowancesForParents,
        e1_0.breakfast,
        e1_0.criticare,
        e1_0.date,
        e1_0.debt,
        e1_0.dinner,
        e1_0.eatingOut,
        e1_0.entertainment,
        e1_0.groceries,
        e1_0.haircut,
        e1_0.holiday,
        e1_0.incomeTax,
        e1_0.internet,
        e1_0.lunch,
        e1_0.medical,
        e1_0.mobilePhone,
        e1_0.mortgage,
        e1_0.others,
        e1_0.privateTransport,
        e1_0.propertyTax,
        e1_0.publicTransport,
        e1_0.shopping,
        e1_0.sports,
        e1_0.tech,
        e1_0.termProtector,
        e1_0.utilities 
    from
        expense e1_0 
    where
        e1_0.date between ? and ?
2026-06-01T20:32:08.873+08:00 DEBUG 31280 --- [pfms] [restartedMain] o.s.d.j.r.query.PartTreeJpaQuery         : QueryPreparer: Derived query for query method [public abstract java.util.List com.app.pfms.Expense.ExpenseDAO.findByDateBetween(java.time.LocalDate,java.time.LocalDate)]: 'SELECT e FROM Expense e WHERE e.date BETWEEN :startDate AND :endDate'
2026-06-01T20:32:08.874+08:00 DEBUG 31280 --- [pfms] [restartedMain] org.hibernate.SQL                        : 
    select
        e1_0.id,
        e1_0.aia,
        e1_0.allowancesForParents,
        e1_0.breakfast,
        e1_0.criticare,
        e1_0.date,
        e1_0.debt,
        e1_0.dinner,
        e1_0.eatingOut,
        e1_0.entertainment,
        e1_0.groceries,
        e1_0.haircut,
        e1_0.holiday,
        e1_0.incomeTax,
        e1_0.internet,
        e1_0.lunch,
        e1_0.medical,
        e1_0.mobilePhone,
        e1_0.mortgage,
        e1_0.others,
        e1_0.privateTransport,
        e1_0.propertyTax,
        e1_0.publicTransport,
        e1_0.shopping,
        e1_0.sports,
        e1_0.tech,
        e1_0.termProtector,
        e1_0.utilities 
    from
        expense e1_0 
    where
        e1_0.date between ? and ?
2026-06-01T20:32:08.875+08:00 DEBUG 31280 --- [pfms] [restartedMain] o.s.d.j.r.query.PartTreeJpaQuery         : QueryPreparer: Derived query for query method [public abstract java.util.List com.app.pfms.Expense.ExpenseDAO.findByDateBetween(java.time.LocalDate,java.time.LocalDate)]: 'SELECT e FROM Expense e WHERE e.date BETWEEN :startDate AND :endDate'
2026-06-01T20:32:08.875+08:00 DEBUG 31280 --- [pfms] [restartedMain] org.hibernate.SQL                        : 
    select
        e1_0.id,
        e1_0.aia,
        e1_0.allowancesForParents,
        e1_0.breakfast,
        e1_0.criticare,
        e1_0.date,
        e1_0.debt,
        e1_0.dinner,
        e1_0.eatingOut,
        e1_0.entertainment,
        e1_0.groceries,
        e1_0.haircut,
        e1_0.holiday,
        e1_0.incomeTax,
        e1_0.internet,
        e1_0.lunch,
        e1_0.medical,
        e1_0.mobilePhone,
        e1_0.mortgage,
        e1_0.others,
        e1_0.privateTransport,
        e1_0.propertyTax,
        e1_0.publicTransport,
        e1_0.shopping,
        e1_0.sports,
        e1_0.tech,
        e1_0.termProtector,
        e1_0.utilities 
    from
        expense e1_0 
    where
        e1_0.date between ? and ?
2026-06-01T20:32:08.876+08:00 DEBUG 31280 --- [pfms] [restartedMain] o.s.d.j.r.query.PartTreeJpaQuery         : QueryPreparer: Derived query for query method [public abstract java.util.List com.app.pfms.Expense.ExpenseDAO.findByDateBetween(java.time.LocalDate,java.time.LocalDate)]: 'SELECT e FROM Expense e WHERE e.date BETWEEN :startDate AND :endDate'
2026-06-01T20:32:08.876+08:00 DEBUG 31280 --- [pfms] [restartedMain] org.hibernate.SQL                        : 
    select
        e1_0.id,
        e1_0.aia,
        e1_0.allowancesForParents,
        e1_0.breakfast,
        e1_0.criticare,
        e1_0.date,
        e1_0.debt,
        e1_0.dinner,
        e1_0.eatingOut,
        e1_0.entertainment,
        e1_0.groceries,
        e1_0.haircut,
        e1_0.holiday,
        e1_0.incomeTax,
        e1_0.internet,
        e1_0.lunch,
        e1_0.medical,
        e1_0.mobilePhone,
        e1_0.mortgage,
        e1_0.others,
        e1_0.privateTransport,
        e1_0.propertyTax,
        e1_0.publicTransport,
        e1_0.shopping,
        e1_0.sports,
        e1_0.tech,
        e1_0.termProtector,
        e1_0.utilities 
    from
        expense e1_0 
    where
        e1_0.date between ? and ?
2026-06-01T20:32:08.877+08:00 DEBUG 31280 --- [pfms] [restartedMain] o.s.d.j.r.query.PartTreeJpaQuery         : QueryPreparer: Derived query for query method [public abstract java.util.List com.app.pfms.Expense.ExpenseDAO.findByDateBetween(java.time.LocalDate,java.time.LocalDate)]: 'SELECT e FROM Expense e WHERE e.date BETWEEN :startDate AND :endDate'
2026-06-01T20:32:08.878+08:00 DEBUG 31280 --- [pfms] [restartedMain] org.hibernate.SQL                        : 
    select
        e1_0.id,
        e1_0.aia,
        e1_0.allowancesForParents,
        e1_0.breakfast,
        e1_0.criticare,
        e1_0.date,
        e1_0.debt,
        e1_0.dinner,
        e1_0.eatingOut,
        e1_0.entertainment,
        e1_0.groceries,
        e1_0.haircut,
        e1_0.holiday,
        e1_0.incomeTax,
        e1_0.internet,
        e1_0.lunch,
        e1_0.medical,
        e1_0.mobilePhone,
        e1_0.mortgage,
        e1_0.others,
        e1_0.privateTransport,
        e1_0.propertyTax,
        e1_0.publicTransport,
        e1_0.shopping,
        e1_0.sports,
        e1_0.tech,
        e1_0.termProtector,
        e1_0.utilities 
    from
        expense e1_0 
    where
        e1_0.date between ? and ?
2026-06-01T20:32:08.879+08:00 DEBUG 31280 --- [pfms] [restartedMain] o.s.d.j.r.query.PartTreeJpaQuery         : QueryPreparer: Derived query for query method [public abstract java.util.List com.app.pfms.Expense.ExpenseDAO.findByDateBetween(java.time.LocalDate,java.time.LocalDate)]: 'SELECT e FROM Expense e WHERE e.date BETWEEN :startDate AND :endDate'
2026-06-01T20:32:08.879+08:00 DEBUG 31280 --- [pfms] [restartedMain] org.hibernate.SQL                        : 
    select
        e1_0.id,
        e1_0.aia,
        e1_0.allowancesForParents,
        e1_0.breakfast,
        e1_0.criticare,
        e1_0.date,
        e1_0.debt,
        e1_0.dinner,
        e1_0.eatingOut,
        e1_0.entertainment,
        e1_0.groceries,
        e1_0.haircut,
        e1_0.holiday,
        e1_0.incomeTax,
        e1_0.internet,
        e1_0.lunch,
        e1_0.medical,
        e1_0.mobilePhone,
        e1_0.mortgage,
        e1_0.others,
        e1_0.privateTransport,
        e1_0.propertyTax,
        e1_0.publicTransport,
        e1_0.shopping,
        e1_0.sports,
        e1_0.tech,
        e1_0.termProtector,
        e1_0.utilities 
    from
        expense e1_0 
    where
        e1_0.date between ? and ?
2026-06-01T20:32:08.880+08:00 DEBUG 31280 --- [pfms] [restartedMain] o.s.orm.jpa.JpaTransactionManager        : Found thread-bound EntityManager [SessionImpl(262156381<open>)] for JPA transaction
2026-06-01T20:32:08.880+08:00 DEBUG 31280 --- [pfms] [restartedMain] o.s.orm.jpa.JpaTransactionManager        : Participating in existing transaction
2026-06-01T20:32:08.881+08:00 DEBUG 31280 --- [pfms] [restartedMain] org.hibernate.SQL                        : 
    insert 
    into
        budget
        (allowancesForParents, debt, food, groceries, haircut, income, insurance, internet, medical, misc, mobilePhone, month, mortgage, retirement, savings, tax, transport, utilities) 
    values
        (?, ?, ?, ?, ?, ?, ?, ?, ?, ?, ?, ?, ?, ?, ?, ?, ?, ?)
2026-06-01T20:32:08.882+08:00 DEBUG 31280 --- [pfms] [restartedMain] o.s.orm.jpa.JpaTransactionManager        : Initiating transaction commit
2026-06-01T20:32:08.883+08:00 DEBUG 31280 --- [pfms] [restartedMain] o.s.orm.jpa.JpaTransactionManager        : Committing JPA transaction on EntityManager [SessionImpl(262156381<open>)]
2026-06-01T20:32:08.884+08:00 DEBUG 31280 --- [pfms] [restartedMain] o.s.orm.jpa.JpaTransactionManager        : Closing JPA EntityManager after transaction
2026-06-01T20:32:08.884+08:00 DEBUG 31280 --- [pfms] [restartedMain] o.s.orm.jpa.JpaTransactionManager        : Creating new transaction with name [com.app.pfms.Budget.BudgetService.createBudget]: PROPAGATION_REQUIRED,ISOLATION_DEFAULT
2026-06-01T20:32:08.884+08:00 DEBUG 31280 --- [pfms] [restartedMain] o.s.orm.jpa.JpaTransactionManager        : Opened new EntityManager [SessionImpl(329147333<open>)] for JPA transaction
2026-06-01T20:32:08.884+08:00 DEBUG 31280 --- [pfms] [restartedMain] o.s.orm.jpa.JpaTransactionManager        : Exposing JPA transaction as JDBC [org.springframework.orm.jpa.vendor.HibernateJpaDialect$HibernateConnectionHandle@2ac8b45b]
2026-06-01T20:32:08.884+08:00 DEBUG 31280 --- [pfms] [restartedMain] o.s.d.j.r.query.PartTreeJpaQuery         : QueryPreparer: Derived query for query method [public abstract java.util.Optional com.app.pfms.Budget.BudgetDAO.findByMonth(java.time.YearMonth)]: 'SELECT b FROM Budget b WHERE b.month = :month'
2026-06-01T20:32:08.885+08:00 DEBUG 31280 --- [pfms] [restartedMain] org.hibernate.SQL                        : 
    select
        b1_0.id,
        b1_0.allowancesForParents,
        b1_0.debt,
        b1_0.food,
        b1_0.groceries,
        b1_0.haircut,
        b1_0.income,
        b1_0.insurance,
        b1_0.internet,
        b1_0.medical,
        b1_0.misc,
        b1_0.mobilePhone,
        b1_0.month,
        b1_0.mortgage,
        b1_0.retirement,
        b1_0.savings,
        b1_0.tax,
        b1_0.transport,
        b1_0.utilities 
    from
        budget b1_0 
    where
        b1_0.month=?
2026-06-01T20:32:08.886+08:00 DEBUG 31280 --- [pfms] [restartedMain] o.s.d.j.r.query.PartTreeJpaQuery         : QueryPreparer: Derived query for query method [public abstract java.util.List com.app.pfms.Expense.ExpenseDAO.findByDateBetween(java.time.LocalDate,java.time.LocalDate)]: 'SELECT e FROM Expense e WHERE e.date BETWEEN :startDate AND :endDate'
2026-06-01T20:32:08.886+08:00 DEBUG 31280 --- [pfms] [restartedMain] org.hibernate.SQL                        : 
    select
        e1_0.id,
        e1_0.aia,
        e1_0.allowancesForParents,
        e1_0.breakfast,
        e1_0.criticare,
        e1_0.date,
        e1_0.debt,
        e1_0.dinner,
        e1_0.eatingOut,
        e1_0.entertainment,
        e1_0.groceries,
        e1_0.haircut,
        e1_0.holiday,
        e1_0.incomeTax,
        e1_0.internet,
        e1_0.lunch,
        e1_0.medical,
        e1_0.mobilePhone,
        e1_0.mortgage,
        e1_0.others,
        e1_0.privateTransport,
        e1_0.propertyTax,
        e1_0.publicTransport,
        e1_0.shopping,
        e1_0.sports,
        e1_0.tech,
        e1_0.termProtector,
        e1_0.utilities 
    from
        expense e1_0 
    where
        e1_0.date between ? and ?
2026-06-01T20:32:08.890+08:00 DEBUG 31280 --- [pfms] [restartedMain] o.s.d.j.r.query.PartTreeJpaQuery         : QueryPreparer: Derived query for query method [public abstract java.util.List com.app.pfms.Expense.ExpenseDAO.findByDateBetween(java.time.LocalDate,java.time.LocalDate)]: 'SELECT e FROM Expense e WHERE e.date BETWEEN :startDate AND :endDate'
2026-06-01T20:32:08.891+08:00 DEBUG 31280 --- [pfms] [restartedMain] org.hibernate.SQL                        : 
    select
        e1_0.id,
        e1_0.aia,
        e1_0.allowancesForParents,
        e1_0.breakfast,
        e1_0.criticare,
        e1_0.date,
        e1_0.debt,
        e1_0.dinner,
        e1_0.eatingOut,
        e1_0.entertainment,
        e1_0.groceries,
        e1_0.haircut,
        e1_0.holiday,
        e1_0.incomeTax,
        e1_0.internet,
        e1_0.lunch,
        e1_0.medical,
        e1_0.mobilePhone,
        e1_0.mortgage,
        e1_0.others,
        e1_0.privateTransport,
        e1_0.propertyTax,
        e1_0.publicTransport,
        e1_0.shopping,
        e1_0.sports,
        e1_0.tech,
        e1_0.termProtector,
        e1_0.utilities 
    from
        expense e1_0 
    where
        e1_0.date between ? and ?
2026-06-01T20:32:08.893+08:00 DEBUG 31280 --- [pfms] [restartedMain] o.s.d.j.r.query.PartTreeJpaQuery         : QueryPreparer: Derived query for query method [public abstract java.util.List com.app.pfms.Expense.ExpenseDAO.findByDateBetween(java.time.LocalDate,java.time.LocalDate)]: 'SELECT e FROM Expense e WHERE e.date BETWEEN :startDate AND :endDate'
2026-06-01T20:32:08.894+08:00 DEBUG 31280 --- [pfms] [restartedMain] org.hibernate.SQL                        : 
    select
        e1_0.id,
        e1_0.aia,
        e1_0.allowancesForParents,
        e1_0.breakfast,
        e1_0.criticare,
        e1_0.date,
        e1_0.debt,
        e1_0.dinner,
        e1_0.eatingOut,
        e1_0.entertainment,
        e1_0.groceries,
        e1_0.haircut,
        e1_0.holiday,
        e1_0.incomeTax,
        e1_0.internet,
        e1_0.lunch,
        e1_0.medical,
        e1_0.mobilePhone,
        e1_0.mortgage,
        e1_0.others,
        e1_0.privateTransport,
        e1_0.propertyTax,
        e1_0.publicTransport,
        e1_0.shopping,
        e1_0.sports,
        e1_0.tech,
        e1_0.termProtector,
        e1_0.utilities 
    from
        expense e1_0 
    where
        e1_0.date between ? and ?
2026-06-01T20:32:08.895+08:00 DEBUG 31280 --- [pfms] [restartedMain] o.s.d.j.r.query.PartTreeJpaQuery         : QueryPreparer: Derived query for query method [public abstract java.util.List com.app.pfms.Expense.ExpenseDAO.findByDateBetween(java.time.LocalDate,java.time.LocalDate)]: 'SELECT e FROM Expense e WHERE e.date BETWEEN :startDate AND :endDate'
2026-06-01T20:32:08.895+08:00 DEBUG 31280 --- [pfms] [restartedMain] org.hibernate.SQL                        : 
    select
        e1_0.id,
        e1_0.aia,
        e1_0.allowancesForParents,
        e1_0.breakfast,
        e1_0.criticare,
        e1_0.date,
        e1_0.debt,
        e1_0.dinner,
        e1_0.eatingOut,
        e1_0.entertainment,
        e1_0.groceries,
        e1_0.haircut,
        e1_0.holiday,
        e1_0.incomeTax,
        e1_0.internet,
        e1_0.lunch,
        e1_0.medical,
        e1_0.mobilePhone,
        e1_0.mortgage,
        e1_0.others,
        e1_0.privateTransport,
        e1_0.propertyTax,
        e1_0.publicTransport,
        e1_0.shopping,
        e1_0.sports,
        e1_0.tech,
        e1_0.termProtector,
        e1_0.utilities 
    from
        expense e1_0 
    where
        e1_0.date between ? and ?
2026-06-01T20:32:08.896+08:00 DEBUG 31280 --- [pfms] [restartedMain] o.s.d.j.r.query.PartTreeJpaQuery         : QueryPreparer: Derived query for query method [public abstract java.util.List com.app.pfms.Expense.ExpenseDAO.findByDateBetween(java.time.LocalDate,java.time.LocalDate)]: 'SELECT e FROM Expense e WHERE e.date BETWEEN :startDate AND :endDate'
2026-06-01T20:32:08.897+08:00 DEBUG 31280 --- [pfms] [restartedMain] org.hibernate.SQL                        : 
    select
        e1_0.id,
        e1_0.aia,
        e1_0.allowancesForParents,
        e1_0.breakfast,
        e1_0.criticare,
        e1_0.date,
        e1_0.debt,
        e1_0.dinner,
        e1_0.eatingOut,
        e1_0.entertainment,
        e1_0.groceries,
        e1_0.haircut,
        e1_0.holiday,
        e1_0.incomeTax,
        e1_0.internet,
        e1_0.lunch,
        e1_0.medical,
        e1_0.mobilePhone,
        e1_0.mortgage,
        e1_0.others,
        e1_0.privateTransport,
        e1_0.propertyTax,
        e1_0.publicTransport,
        e1_0.shopping,
        e1_0.sports,
        e1_0.tech,
        e1_0.termProtector,
        e1_0.utilities 
    from
        expense e1_0 
    where
        e1_0.date between ? and ?
2026-06-01T20:32:08.897+08:00 DEBUG 31280 --- [pfms] [restartedMain] o.s.d.j.r.query.PartTreeJpaQuery         : QueryPreparer: Derived query for query method [public abstract java.util.List com.app.pfms.Expense.ExpenseDAO.findByDateBetween(java.time.LocalDate,java.time.LocalDate)]: 'SELECT e FROM Expense e WHERE e.date BETWEEN :startDate AND :endDate'
2026-06-01T20:32:08.898+08:00 DEBUG 31280 --- [pfms] [restartedMain] org.hibernate.SQL                        : 
    select
        e1_0.id,
        e1_0.aia,
        e1_0.allowancesForParents,
        e1_0.breakfast,
        e1_0.criticare,
        e1_0.date,
        e1_0.debt,
        e1_0.dinner,
        e1_0.eatingOut,
        e1_0.entertainment,
        e1_0.groceries,
        e1_0.haircut,
        e1_0.holiday,
        e1_0.incomeTax,
        e1_0.internet,
        e1_0.lunch,
        e1_0.medical,
        e1_0.mobilePhone,
        e1_0.mortgage,
        e1_0.others,
        e1_0.privateTransport,
        e1_0.propertyTax,
        e1_0.publicTransport,
        e1_0.shopping,
        e1_0.sports,
        e1_0.tech,
        e1_0.termProtector,
        e1_0.utilities 
    from
        expense e1_0 
    where
        e1_0.date between ? and ?
2026-06-01T20:32:08.898+08:00 DEBUG 31280 --- [pfms] [restartedMain] o.s.d.j.r.query.PartTreeJpaQuery         : QueryPreparer: Derived query for query method [public abstract java.util.List com.app.pfms.Expense.ExpenseDAO.findByDateBetween(java.time.LocalDate,java.time.LocalDate)]: 'SELECT e FROM Expense e WHERE e.date BETWEEN :startDate AND :endDate'
2026-06-01T20:32:08.899+08:00 DEBUG 31280 --- [pfms] [restartedMain] org.hibernate.SQL                        : 
    select
        e1_0.id,
        e1_0.aia,
        e1_0.allowancesForParents,
        e1_0.breakfast,
        e1_0.criticare,
        e1_0.date,
        e1_0.debt,
        e1_0.dinner,
        e1_0.eatingOut,
        e1_0.entertainment,
        e1_0.groceries,
        e1_0.haircut,
        e1_0.holiday,
        e1_0.incomeTax,
        e1_0.internet,
        e1_0.lunch,
        e1_0.medical,
        e1_0.mobilePhone,
        e1_0.mortgage,
        e1_0.others,
        e1_0.privateTransport,
        e1_0.propertyTax,
        e1_0.publicTransport,
        e1_0.shopping,
        e1_0.sports,
        e1_0.tech,
        e1_0.termProtector,
        e1_0.utilities 
    from
        expense e1_0 
    where
        e1_0.date between ? and ?
2026-06-01T20:32:08.900+08:00 DEBUG 31280 --- [pfms] [restartedMain] o.s.d.j.r.query.PartTreeJpaQuery         : QueryPreparer: Derived query for query method [public abstract java.util.List com.app.pfms.Expense.ExpenseDAO.findByDateBetween(java.time.LocalDate,java.time.LocalDate)]: 'SELECT e FROM Expense e WHERE e.date BETWEEN :startDate AND :endDate'
2026-06-01T20:32:08.900+08:00 DEBUG 31280 --- [pfms] [restartedMain] org.hibernate.SQL                        : 
    select
        e1_0.id,
        e1_0.aia,
        e1_0.allowancesForParents,
        e1_0.breakfast,
        e1_0.criticare,
        e1_0.date,
        e1_0.debt,
        e1_0.dinner,
        e1_0.eatingOut,
        e1_0.entertainment,
        e1_0.groceries,
        e1_0.haircut,
        e1_0.holiday,
        e1_0.incomeTax,
        e1_0.internet,
        e1_0.lunch,
        e1_0.medical,
        e1_0.mobilePhone,
        e1_0.mortgage,
        e1_0.others,
        e1_0.privateTransport,
        e1_0.propertyTax,
        e1_0.publicTransport,
        e1_0.shopping,
        e1_0.sports,
        e1_0.tech,
        e1_0.termProtector,
        e1_0.utilities 
    from
        expense e1_0 
    where
        e1_0.date between ? and ?
2026-06-01T20:32:08.902+08:00 DEBUG 31280 --- [pfms] [restartedMain] o.s.d.j.r.query.PartTreeJpaQuery         : QueryPreparer: Derived query for query method [public abstract java.util.List com.app.pfms.Expense.ExpenseDAO.findByDateBetween(java.time.LocalDate,java.time.LocalDate)]: 'SELECT e FROM Expense e WHERE e.date BETWEEN :startDate AND :endDate'
2026-06-01T20:32:08.902+08:00 DEBUG 31280 --- [pfms] [restartedMain] org.hibernate.SQL                        : 
    select
        e1_0.id,
        e1_0.aia,
        e1_0.allowancesForParents,
        e1_0.breakfast,
        e1_0.criticare,
        e1_0.date,
        e1_0.debt,
        e1_0.dinner,
        e1_0.eatingOut,
        e1_0.entertainment,
        e1_0.groceries,
        e1_0.haircut,
        e1_0.holiday,
        e1_0.incomeTax,
        e1_0.internet,
        e1_0.lunch,
        e1_0.medical,
        e1_0.mobilePhone,
        e1_0.mortgage,
        e1_0.others,
        e1_0.privateTransport,
        e1_0.propertyTax,
        e1_0.publicTransport,
        e1_0.shopping,
        e1_0.sports,
        e1_0.tech,
        e1_0.termProtector,
        e1_0.utilities 
    from
        expense e1_0 
    where
        e1_0.date between ? and ?
2026-06-01T20:32:08.903+08:00 DEBUG 31280 --- [pfms] [restartedMain] o.s.d.j.r.query.PartTreeJpaQuery         : QueryPreparer: Derived query for query method [public abstract java.util.List com.app.pfms.Expense.ExpenseDAO.findByDateBetween(java.time.LocalDate,java.time.LocalDate)]: 'SELECT e FROM Expense e WHERE e.date BETWEEN :startDate AND :endDate'
2026-06-01T20:32:08.904+08:00 DEBUG 31280 --- [pfms] [restartedMain] org.hibernate.SQL                        : 
    select
        e1_0.id,
        e1_0.aia,
        e1_0.allowancesForParents,
        e1_0.breakfast,
        e1_0.criticare,
        e1_0.date,
        e1_0.debt,
        e1_0.dinner,
        e1_0.eatingOut,
        e1_0.entertainment,
        e1_0.groceries,
        e1_0.haircut,
        e1_0.holiday,
        e1_0.incomeTax,
        e1_0.internet,
        e1_0.lunch,
        e1_0.medical,
        e1_0.mobilePhone,
        e1_0.mortgage,
        e1_0.others,
        e1_0.privateTransport,
        e1_0.propertyTax,
        e1_0.publicTransport,
        e1_0.shopping,
        e1_0.sports,
        e1_0.tech,
        e1_0.termProtector,
        e1_0.utilities 
    from
        expense e1_0 
    where
        e1_0.date between ? and ?
2026-06-01T20:32:08.905+08:00 DEBUG 31280 --- [pfms] [restartedMain] o.s.d.j.r.query.PartTreeJpaQuery         : QueryPreparer: Derived query for query method [public abstract java.util.List com.app.pfms.Expense.ExpenseDAO.findByDateBetween(java.time.LocalDate,java.time.LocalDate)]: 'SELECT e FROM Expense e WHERE e.date BETWEEN :startDate AND :endDate'
2026-06-01T20:32:08.906+08:00 DEBUG 31280 --- [pfms] [restartedMain] org.hibernate.SQL                        : 
    select
        e1_0.id,
        e1_0.aia,
        e1_0.allowancesForParents,
        e1_0.breakfast,
        e1_0.criticare,
        e1_0.date,
        e1_0.debt,
        e1_0.dinner,
        e1_0.eatingOut,
        e1_0.entertainment,
        e1_0.groceries,
        e1_0.haircut,
        e1_0.holiday,
        e1_0.incomeTax,
        e1_0.internet,
        e1_0.lunch,
        e1_0.medical,
        e1_0.mobilePhone,
        e1_0.mortgage,
        e1_0.others,
        e1_0.privateTransport,
        e1_0.propertyTax,
        e1_0.publicTransport,
        e1_0.shopping,
        e1_0.sports,
        e1_0.tech,
        e1_0.termProtector,
        e1_0.utilities 
    from
        expense e1_0 
    where
        e1_0.date between ? and ?
2026-06-01T20:32:08.907+08:00 DEBUG 31280 --- [pfms] [restartedMain] o.s.d.j.r.query.PartTreeJpaQuery         : QueryPreparer: Derived query for query method [public abstract java.util.List com.app.pfms.Expense.ExpenseDAO.findByDateBetween(java.time.LocalDate,java.time.LocalDate)]: 'SELECT e FROM Expense e WHERE e.date BETWEEN :startDate AND :endDate'
2026-06-01T20:32:08.908+08:00 DEBUG 31280 --- [pfms] [restartedMain] org.hibernate.SQL                        : 
    select
        e1_0.id,
        e1_0.aia,
        e1_0.allowancesForParents,
        e1_0.breakfast,
        e1_0.criticare,
        e1_0.date,
        e1_0.debt,
        e1_0.dinner,
        e1_0.eatingOut,
        e1_0.entertainment,
        e1_0.groceries,
        e1_0.haircut,
        e1_0.holiday,
        e1_0.incomeTax,
        e1_0.internet,
        e1_0.lunch,
        e1_0.medical,
        e1_0.mobilePhone,
        e1_0.mortgage,
        e1_0.others,
        e1_0.privateTransport,
        e1_0.propertyTax,
        e1_0.publicTransport,
        e1_0.shopping,
        e1_0.sports,
        e1_0.tech,
        e1_0.termProtector,
        e1_0.utilities 
    from
        expense e1_0 
    where
        e1_0.date between ? and ?
2026-06-01T20:32:08.910+08:00 DEBUG 31280 --- [pfms] [restartedMain] o.s.d.j.r.query.PartTreeJpaQuery         : QueryPreparer: Derived query for query method [public abstract java.util.List com.app.pfms.Expense.ExpenseDAO.findByDateBetween(java.time.LocalDate,java.time.LocalDate)]: 'SELECT e FROM Expense e WHERE e.date BETWEEN :startDate AND :endDate'
2026-06-01T20:32:08.910+08:00 DEBUG 31280 --- [pfms] [restartedMain] org.hibernate.SQL                        : 
    select
        e1_0.id,
        e1_0.aia,
        e1_0.allowancesForParents,
        e1_0.breakfast,
        e1_0.criticare,
        e1_0.date,
        e1_0.debt,
        e1_0.dinner,
        e1_0.eatingOut,
        e1_0.entertainment,
        e1_0.groceries,
        e1_0.haircut,
        e1_0.holiday,
        e1_0.incomeTax,
        e1_0.internet,
        e1_0.lunch,
        e1_0.medical,
        e1_0.mobilePhone,
        e1_0.mortgage,
        e1_0.others,
        e1_0.privateTransport,
        e1_0.propertyTax,
        e1_0.publicTransport,
        e1_0.shopping,
        e1_0.sports,
        e1_0.tech,
        e1_0.termProtector,
        e1_0.utilities 
    from
        expense e1_0 
    where
        e1_0.date between ? and ?
2026-06-01T20:32:08.912+08:00 DEBUG 31280 --- [pfms] [restartedMain] o.s.d.j.r.query.PartTreeJpaQuery         : QueryPreparer: Derived query for query method [public abstract java.util.List com.app.pfms.Expense.ExpenseDAO.findByDateBetween(java.time.LocalDate,java.time.LocalDate)]: 'SELECT e FROM Expense e WHERE e.date BETWEEN :startDate AND :endDate'
2026-06-01T20:32:08.912+08:00 DEBUG 31280 --- [pfms] [restartedMain] org.hibernate.SQL                        : 
    select
        e1_0.id,
        e1_0.aia,
        e1_0.allowancesForParents,
        e1_0.breakfast,
        e1_0.criticare,
        e1_0.date,
        e1_0.debt,
        e1_0.dinner,
        e1_0.eatingOut,
        e1_0.entertainment,
        e1_0.groceries,
        e1_0.haircut,
        e1_0.holiday,
        e1_0.incomeTax,
        e1_0.internet,
        e1_0.lunch,
        e1_0.medical,
        e1_0.mobilePhone,
        e1_0.mortgage,
        e1_0.others,
        e1_0.privateTransport,
        e1_0.propertyTax,
        e1_0.publicTransport,
        e1_0.shopping,
        e1_0.sports,
        e1_0.tech,
        e1_0.termProtector,
        e1_0.utilities 
    from
        expense e1_0 
    where
        e1_0.date between ? and ?
2026-06-01T20:32:08.914+08:00 DEBUG 31280 --- [pfms] [restartedMain] o.s.orm.jpa.JpaTransactionManager        : Found thread-bound EntityManager [SessionImpl(329147333<open>)] for JPA transaction
2026-06-01T20:32:08.914+08:00 DEBUG 31280 --- [pfms] [restartedMain] o.s.orm.jpa.JpaTransactionManager        : Participating in existing transaction
2026-06-01T20:32:08.914+08:00 DEBUG 31280 --- [pfms] [restartedMain] org.hibernate.SQL                        : 
    insert 
    into
        budget
        (allowancesForParents, debt, food, groceries, haircut, income, insurance, internet, medical, misc, mobilePhone, month, mortgage, retirement, savings, tax, transport, utilities) 
    values
        (?, ?, ?, ?, ?, ?, ?, ?, ?, ?, ?, ?, ?, ?, ?, ?, ?, ?)
2026-06-01T20:32:08.915+08:00 DEBUG 31280 --- [pfms] [restartedMain] o.s.orm.jpa.JpaTransactionManager        : Initiating transaction commit
2026-06-01T20:32:08.915+08:00 DEBUG 31280 --- [pfms] [restartedMain] o.s.orm.jpa.JpaTransactionManager        : Committing JPA transaction on EntityManager [SessionImpl(329147333<open>)]
2026-06-01T20:32:08.916+08:00 DEBUG 31280 --- [pfms] [restartedMain] o.s.orm.jpa.JpaTransactionManager        : Closing JPA EntityManager after transaction
2026-06-01T20:32:08.917+08:00 DEBUG 31280 --- [pfms] [restartedMain] o.s.orm.jpa.JpaTransactionManager        : Creating new transaction with name [com.app.pfms.Budget.BudgetService.createBudget]: PROPAGATION_REQUIRED,ISOLATION_DEFAULT
2026-06-01T20:32:08.917+08:00 DEBUG 31280 --- [pfms] [restartedMain] o.s.orm.jpa.JpaTransactionManager        : Opened new EntityManager [SessionImpl(1598981283<open>)] for JPA transaction
2026-06-01T20:32:08.917+08:00 DEBUG 31280 --- [pfms] [restartedMain] o.s.orm.jpa.JpaTransactionManager        : Exposing JPA transaction as JDBC [org.springframework.orm.jpa.vendor.HibernateJpaDialect$HibernateConnectionHandle@10ac8826]
2026-06-01T20:32:08.917+08:00 DEBUG 31280 --- [pfms] [restartedMain] o.s.d.j.r.query.PartTreeJpaQuery         : QueryPreparer: Derived query for query method [public abstract java.util.Optional com.app.pfms.Budget.BudgetDAO.findByMonth(java.time.YearMonth)]: 'SELECT b FROM Budget b WHERE b.month = :month'
2026-06-01T20:32:08.917+08:00 DEBUG 31280 --- [pfms] [restartedMain] org.hibernate.SQL                        : 
    select
        b1_0.id,
        b1_0.allowancesForParents,
        b1_0.debt,
        b1_0.food,
        b1_0.groceries,
        b1_0.haircut,
        b1_0.income,
        b1_0.insurance,
        b1_0.internet,
        b1_0.medical,
        b1_0.misc,
        b1_0.mobilePhone,
        b1_0.month,
        b1_0.mortgage,
        b1_0.retirement,
        b1_0.savings,
        b1_0.tax,
        b1_0.transport,
        b1_0.utilities 
    from
        budget b1_0 
    where
        b1_0.month=?
2026-06-01T20:32:08.919+08:00 DEBUG 31280 --- [pfms] [restartedMain] o.s.d.j.r.query.PartTreeJpaQuery         : QueryPreparer: Derived query for query method [public abstract java.util.List com.app.pfms.Expense.ExpenseDAO.findByDateBetween(java.time.LocalDate,java.time.LocalDate)]: 'SELECT e FROM Expense e WHERE e.date BETWEEN :startDate AND :endDate'
2026-06-01T20:32:08.919+08:00 DEBUG 31280 --- [pfms] [restartedMain] org.hibernate.SQL                        : 
    select
        e1_0.id,
        e1_0.aia,
        e1_0.allowancesForParents,
        e1_0.breakfast,
        e1_0.criticare,
        e1_0.date,
        e1_0.debt,
        e1_0.dinner,
        e1_0.eatingOut,
        e1_0.entertainment,
        e1_0.groceries,
        e1_0.haircut,
        e1_0.holiday,
        e1_0.incomeTax,
        e1_0.internet,
        e1_0.lunch,
        e1_0.medical,
        e1_0.mobilePhone,
        e1_0.mortgage,
        e1_0.others,
        e1_0.privateTransport,
        e1_0.propertyTax,
        e1_0.publicTransport,
        e1_0.shopping,
        e1_0.sports,
        e1_0.tech,
        e1_0.termProtector,
        e1_0.utilities 
    from
        expense e1_0 
    where
        e1_0.date between ? and ?
2026-06-01T20:32:08.925+08:00 DEBUG 31280 --- [pfms] [restartedMain] o.s.d.j.r.query.PartTreeJpaQuery         : QueryPreparer: Derived query for query method [public abstract java.util.List com.app.pfms.Expense.ExpenseDAO.findByDateBetween(java.time.LocalDate,java.time.LocalDate)]: 'SELECT e FROM Expense e WHERE e.date BETWEEN :startDate AND :endDate'
2026-06-01T20:32:08.926+08:00 DEBUG 31280 --- [pfms] [restartedMain] org.hibernate.SQL                        : 
    select
        e1_0.id,
        e1_0.aia,
        e1_0.allowancesForParents,
        e1_0.breakfast,
        e1_0.criticare,
        e1_0.date,
        e1_0.debt,
        e1_0.dinner,
        e1_0.eatingOut,
        e1_0.entertainment,
        e1_0.groceries,
        e1_0.haircut,
        e1_0.holiday,
        e1_0.incomeTax,
        e1_0.internet,
        e1_0.lunch,
        e1_0.medical,
        e1_0.mobilePhone,
        e1_0.mortgage,
        e1_0.others,
        e1_0.privateTransport,
        e1_0.propertyTax,
        e1_0.publicTransport,
        e1_0.shopping,
        e1_0.sports,
        e1_0.tech,
        e1_0.termProtector,
        e1_0.utilities 
    from
        expense e1_0 
    where
        e1_0.date between ? and ?
2026-06-01T20:32:08.928+08:00 DEBUG 31280 --- [pfms] [restartedMain] o.s.d.j.r.query.PartTreeJpaQuery         : QueryPreparer: Derived query for query method [public abstract java.util.List com.app.pfms.Expense.ExpenseDAO.findByDateBetween(java.time.LocalDate,java.time.LocalDate)]: 'SELECT e FROM Expense e WHERE e.date BETWEEN :startDate AND :endDate'
2026-06-01T20:32:08.929+08:00 DEBUG 31280 --- [pfms] [restartedMain] org.hibernate.SQL                        : 
    select
        e1_0.id,
        e1_0.aia,
        e1_0.allowancesForParents,
        e1_0.breakfast,
        e1_0.criticare,
        e1_0.date,
        e1_0.debt,
        e1_0.dinner,
        e1_0.eatingOut,
        e1_0.entertainment,
        e1_0.groceries,
        e1_0.haircut,
        e1_0.holiday,
        e1_0.incomeTax,
        e1_0.internet,
        e1_0.lunch,
        e1_0.medical,
        e1_0.mobilePhone,
        e1_0.mortgage,
        e1_0.others,
        e1_0.privateTransport,
        e1_0.propertyTax,
        e1_0.publicTransport,
        e1_0.shopping,
        e1_0.sports,
        e1_0.tech,
        e1_0.termProtector,
        e1_0.utilities 
    from
        expense e1_0 
    where
        e1_0.date between ? and ?
2026-06-01T20:32:08.931+08:00 DEBUG 31280 --- [pfms] [restartedMain] o.s.d.j.r.query.PartTreeJpaQuery         : QueryPreparer: Derived query for query method [public abstract java.util.List com.app.pfms.Expense.ExpenseDAO.findByDateBetween(java.time.LocalDate,java.time.LocalDate)]: 'SELECT e FROM Expense e WHERE e.date BETWEEN :startDate AND :endDate'
2026-06-01T20:32:08.932+08:00 DEBUG 31280 --- [pfms] [restartedMain] org.hibernate.SQL                        : 
    select
        e1_0.id,
        e1_0.aia,
        e1_0.allowancesForParents,
        e1_0.breakfast,
        e1_0.criticare,
        e1_0.date,
        e1_0.debt,
        e1_0.dinner,
        e1_0.eatingOut,
        e1_0.entertainment,
        e1_0.groceries,
        e1_0.haircut,
        e1_0.holiday,
        e1_0.incomeTax,
        e1_0.internet,
        e1_0.lunch,
        e1_0.medical,
        e1_0.mobilePhone,
        e1_0.mortgage,
        e1_0.others,
        e1_0.privateTransport,
        e1_0.propertyTax,
        e1_0.publicTransport,
        e1_0.shopping,
        e1_0.sports,
        e1_0.tech,
        e1_0.termProtector,
        e1_0.utilities 
    from
        expense e1_0 
    where
        e1_0.date between ? and ?
2026-06-01T20:32:08.934+08:00 DEBUG 31280 --- [pfms] [restartedMain] o.s.d.j.r.query.PartTreeJpaQuery         : QueryPreparer: Derived query for query method [public abstract java.util.List com.app.pfms.Expense.ExpenseDAO.findByDateBetween(java.time.LocalDate,java.time.LocalDate)]: 'SELECT e FROM Expense e WHERE e.date BETWEEN :startDate AND :endDate'
2026-06-01T20:32:08.935+08:00 DEBUG 31280 --- [pfms] [restartedMain] org.hibernate.SQL                        : 
    select
        e1_0.id,
        e1_0.aia,
        e1_0.allowancesForParents,
        e1_0.breakfast,
        e1_0.criticare,
        e1_0.date,
        e1_0.debt,
        e1_0.dinner,
        e1_0.eatingOut,
        e1_0.entertainment,
        e1_0.groceries,
        e1_0.haircut,
        e1_0.holiday,
        e1_0.incomeTax,
        e1_0.internet,
        e1_0.lunch,
        e1_0.medical,
        e1_0.mobilePhone,
        e1_0.mortgage,
        e1_0.others,
        e1_0.privateTransport,
        e1_0.propertyTax,
        e1_0.publicTransport,
        e1_0.shopping,
        e1_0.sports,
        e1_0.tech,
        e1_0.termProtector,
        e1_0.utilities 
    from
        expense e1_0 
    where
        e1_0.date between ? and ?
2026-06-01T20:32:08.936+08:00 DEBUG 31280 --- [pfms] [restartedMain] o.s.d.j.r.query.PartTreeJpaQuery         : QueryPreparer: Derived query for query method [public abstract java.util.List com.app.pfms.Expense.ExpenseDAO.findByDateBetween(java.time.LocalDate,java.time.LocalDate)]: 'SELECT e FROM Expense e WHERE e.date BETWEEN :startDate AND :endDate'
2026-06-01T20:32:08.937+08:00 DEBUG 31280 --- [pfms] [restartedMain] org.hibernate.SQL                        : 
    select
        e1_0.id,
        e1_0.aia,
        e1_0.allowancesForParents,
        e1_0.breakfast,
        e1_0.criticare,
        e1_0.date,
        e1_0.debt,
        e1_0.dinner,
        e1_0.eatingOut,
        e1_0.entertainment,
        e1_0.groceries,
        e1_0.haircut,
        e1_0.holiday,
        e1_0.incomeTax,
        e1_0.internet,
        e1_0.lunch,
        e1_0.medical,
        e1_0.mobilePhone,
        e1_0.mortgage,
        e1_0.others,
        e1_0.privateTransport,
        e1_0.propertyTax,
        e1_0.publicTransport,
        e1_0.shopping,
        e1_0.sports,
        e1_0.tech,
        e1_0.termProtector,
        e1_0.utilities 
    from
        expense e1_0 
    where
        e1_0.date between ? and ?
2026-06-01T20:32:08.938+08:00 DEBUG 31280 --- [pfms] [restartedMain] o.s.d.j.r.query.PartTreeJpaQuery         : QueryPreparer: Derived query for query method [public abstract java.util.List com.app.pfms.Expense.ExpenseDAO.findByDateBetween(java.time.LocalDate,java.time.LocalDate)]: 'SELECT e FROM Expense e WHERE e.date BETWEEN :startDate AND :endDate'
2026-06-01T20:32:08.939+08:00 DEBUG 31280 --- [pfms] [restartedMain] org.hibernate.SQL                        : 
    select
        e1_0.id,
        e1_0.aia,
        e1_0.allowancesForParents,
        e1_0.breakfast,
        e1_0.criticare,
        e1_0.date,
        e1_0.debt,
        e1_0.dinner,
        e1_0.eatingOut,
        e1_0.entertainment,
        e1_0.groceries,
        e1_0.haircut,
        e1_0.holiday,
        e1_0.incomeTax,
        e1_0.internet,
        e1_0.lunch,
        e1_0.medical,
        e1_0.mobilePhone,
        e1_0.mortgage,
        e1_0.others,
        e1_0.privateTransport,
        e1_0.propertyTax,
        e1_0.publicTransport,
        e1_0.shopping,
        e1_0.sports,
        e1_0.tech,
        e1_0.termProtector,
        e1_0.utilities 
    from
        expense e1_0 
    where
        e1_0.date between ? and ?
2026-06-01T20:32:08.940+08:00 DEBUG 31280 --- [pfms] [restartedMain] o.s.d.j.r.query.PartTreeJpaQuery         : QueryPreparer: Derived query for query method [public abstract java.util.List com.app.pfms.Expense.ExpenseDAO.findByDateBetween(java.time.LocalDate,java.time.LocalDate)]: 'SELECT e FROM Expense e WHERE e.date BETWEEN :startDate AND :endDate'
2026-06-01T20:32:08.940+08:00 DEBUG 31280 --- [pfms] [restartedMain] org.hibernate.SQL                        : 
    select
        e1_0.id,
        e1_0.aia,
        e1_0.allowancesForParents,
        e1_0.breakfast,
        e1_0.criticare,
        e1_0.date,
        e1_0.debt,
        e1_0.dinner,
        e1_0.eatingOut,
        e1_0.entertainment,
        e1_0.groceries,
        e1_0.haircut,
        e1_0.holiday,
        e1_0.incomeTax,
        e1_0.internet,
        e1_0.lunch,
        e1_0.medical,
        e1_0.mobilePhone,
        e1_0.mortgage,
        e1_0.others,
        e1_0.privateTransport,
        e1_0.propertyTax,
        e1_0.publicTransport,
        e1_0.shopping,
        e1_0.sports,
        e1_0.tech,
        e1_0.termProtector,
        e1_0.utilities 
    from
        expense e1_0 
    where
        e1_0.date between ? and ?
2026-06-01T20:32:08.942+08:00 DEBUG 31280 --- [pfms] [restartedMain] o.s.d.j.r.query.PartTreeJpaQuery         : QueryPreparer: Derived query for query method [public abstract java.util.List com.app.pfms.Expense.ExpenseDAO.findByDateBetween(java.time.LocalDate,java.time.LocalDate)]: 'SELECT e FROM Expense e WHERE e.date BETWEEN :startDate AND :endDate'
2026-06-01T20:32:08.943+08:00 DEBUG 31280 --- [pfms] [restartedMain] org.hibernate.SQL                        : 
    select
        e1_0.id,
        e1_0.aia,
        e1_0.allowancesForParents,
        e1_0.breakfast,
        e1_0.criticare,
        e1_0.date,
        e1_0.debt,
        e1_0.dinner,
        e1_0.eatingOut,
        e1_0.entertainment,
        e1_0.groceries,
        e1_0.haircut,
        e1_0.holiday,
        e1_0.incomeTax,
        e1_0.internet,
        e1_0.lunch,
        e1_0.medical,
        e1_0.mobilePhone,
        e1_0.mortgage,
        e1_0.others,
        e1_0.privateTransport,
        e1_0.propertyTax,
        e1_0.publicTransport,
        e1_0.shopping,
        e1_0.sports,
        e1_0.tech,
        e1_0.termProtector,
        e1_0.utilities 
    from
        expense e1_0 
    where
        e1_0.date between ? and ?
2026-06-01T20:32:08.943+08:00 DEBUG 31280 --- [pfms] [restartedMain] o.s.d.j.r.query.PartTreeJpaQuery         : QueryPreparer: Derived query for query method [public abstract java.util.List com.app.pfms.Expense.ExpenseDAO.findByDateBetween(java.time.LocalDate,java.time.LocalDate)]: 'SELECT e FROM Expense e WHERE e.date BETWEEN :startDate AND :endDate'
2026-06-01T20:32:08.943+08:00 DEBUG 31280 --- [pfms] [restartedMain] org.hibernate.SQL                        : 
    select
        e1_0.id,
        e1_0.aia,
        e1_0.allowancesForParents,
        e1_0.breakfast,
        e1_0.criticare,
        e1_0.date,
        e1_0.debt,
        e1_0.dinner,
        e1_0.eatingOut,
        e1_0.entertainment,
        e1_0.groceries,
        e1_0.haircut,
        e1_0.holiday,
        e1_0.incomeTax,
        e1_0.internet,
        e1_0.lunch,
        e1_0.medical,
        e1_0.mobilePhone,
        e1_0.mortgage,
        e1_0.others,
        e1_0.privateTransport,
        e1_0.propertyTax,
        e1_0.publicTransport,
        e1_0.shopping,
        e1_0.sports,
        e1_0.tech,
        e1_0.termProtector,
        e1_0.utilities 
    from
        expense e1_0 
    where
        e1_0.date between ? and ?
2026-06-01T20:32:08.943+08:00 DEBUG 31280 --- [pfms] [restartedMain] o.s.d.j.r.query.PartTreeJpaQuery         : QueryPreparer: Derived query for query method [public abstract java.util.List com.app.pfms.Expense.ExpenseDAO.findByDateBetween(java.time.LocalDate,java.time.LocalDate)]: 'SELECT e FROM Expense e WHERE e.date BETWEEN :startDate AND :endDate'
2026-06-01T20:32:08.947+08:00 DEBUG 31280 --- [pfms] [restartedMain] org.hibernate.SQL                        : 
    select
        e1_0.id,
        e1_0.aia,
        e1_0.allowancesForParents,
        e1_0.breakfast,
        e1_0.criticare,
        e1_0.date,
        e1_0.debt,
        e1_0.dinner,
        e1_0.eatingOut,
        e1_0.entertainment,
        e1_0.groceries,
        e1_0.haircut,
        e1_0.holiday,
        e1_0.incomeTax,
        e1_0.internet,
        e1_0.lunch,
        e1_0.medical,
        e1_0.mobilePhone,
        e1_0.mortgage,
        e1_0.others,
        e1_0.privateTransport,
        e1_0.propertyTax,
        e1_0.publicTransport,
        e1_0.shopping,
        e1_0.sports,
        e1_0.tech,
        e1_0.termProtector,
        e1_0.utilities 
    from
        expense e1_0 
    where
        e1_0.date between ? and ?
2026-06-01T20:32:08.948+08:00 DEBUG 31280 --- [pfms] [restartedMain] o.s.d.j.r.query.PartTreeJpaQuery         : QueryPreparer: Derived query for query method [public abstract java.util.List com.app.pfms.Expense.ExpenseDAO.findByDateBetween(java.time.LocalDate,java.time.LocalDate)]: 'SELECT e FROM Expense e WHERE e.date BETWEEN :startDate AND :endDate'
2026-06-01T20:32:08.949+08:00 DEBUG 31280 --- [pfms] [restartedMain] org.hibernate.SQL                        : 
    select
        e1_0.id,
        e1_0.aia,
        e1_0.allowancesForParents,
        e1_0.breakfast,
        e1_0.criticare,
        e1_0.date,
        e1_0.debt,
        e1_0.dinner,
        e1_0.eatingOut,
        e1_0.entertainment,
        e1_0.groceries,
        e1_0.haircut,
        e1_0.holiday,
        e1_0.incomeTax,
        e1_0.internet,
        e1_0.lunch,
        e1_0.medical,
        e1_0.mobilePhone,
        e1_0.mortgage,
        e1_0.others,
        e1_0.privateTransport,
        e1_0.propertyTax,
        e1_0.publicTransport,
        e1_0.shopping,
        e1_0.sports,
        e1_0.tech,
        e1_0.termProtector,
        e1_0.utilities 
    from
        expense e1_0 
    where
        e1_0.date between ? and ?
2026-06-01T20:32:08.950+08:00 DEBUG 31280 --- [pfms] [restartedMain] o.s.d.j.r.query.PartTreeJpaQuery         : QueryPreparer: Derived query for query method [public abstract java.util.List com.app.pfms.Expense.ExpenseDAO.findByDateBetween(java.time.LocalDate,java.time.LocalDate)]: 'SELECT e FROM Expense e WHERE e.date BETWEEN :startDate AND :endDate'
2026-06-01T20:32:08.951+08:00 DEBUG 31280 --- [pfms] [restartedMain] org.hibernate.SQL                        : 
    select
        e1_0.id,
        e1_0.aia,
        e1_0.allowancesForParents,
        e1_0.breakfast,
        e1_0.criticare,
        e1_0.date,
        e1_0.debt,
        e1_0.dinner,
        e1_0.eatingOut,
        e1_0.entertainment,
        e1_0.groceries,
        e1_0.haircut,
        e1_0.holiday,
        e1_0.incomeTax,
        e1_0.internet,
        e1_0.lunch,
        e1_0.medical,
        e1_0.mobilePhone,
        e1_0.mortgage,
        e1_0.others,
        e1_0.privateTransport,
        e1_0.propertyTax,
        e1_0.publicTransport,
        e1_0.shopping,
        e1_0.sports,
        e1_0.tech,
        e1_0.termProtector,
        e1_0.utilities 
    from
        expense e1_0 
    where
        e1_0.date between ? and ?
2026-06-01T20:32:08.952+08:00 DEBUG 31280 --- [pfms] [restartedMain] o.s.d.j.r.query.PartTreeJpaQuery         : QueryPreparer: Derived query for query method [public abstract java.util.List com.app.pfms.Expense.ExpenseDAO.findByDateBetween(java.time.LocalDate,java.time.LocalDate)]: 'SELECT e FROM Expense e WHERE e.date BETWEEN :startDate AND :endDate'
2026-06-01T20:32:08.952+08:00 DEBUG 31280 --- [pfms] [restartedMain] org.hibernate.SQL                        : 
    select
        e1_0.id,
        e1_0.aia,
        e1_0.allowancesForParents,
        e1_0.breakfast,
        e1_0.criticare,
        e1_0.date,
        e1_0.debt,
        e1_0.dinner,
        e1_0.eatingOut,
        e1_0.entertainment,
        e1_0.groceries,
        e1_0.haircut,
        e1_0.holiday,
        e1_0.incomeTax,
        e1_0.internet,
        e1_0.lunch,
        e1_0.medical,
        e1_0.mobilePhone,
        e1_0.mortgage,
        e1_0.others,
        e1_0.privateTransport,
        e1_0.propertyTax,
        e1_0.publicTransport,
        e1_0.shopping,
        e1_0.sports,
        e1_0.tech,
        e1_0.termProtector,
        e1_0.utilities 
    from
        expense e1_0 
    where
        e1_0.date between ? and ?
2026-06-01T20:32:08.953+08:00 DEBUG 31280 --- [pfms] [restartedMain] o.s.orm.jpa.JpaTransactionManager        : Found thread-bound EntityManager [SessionImpl(1598981283<open>)] for JPA transaction
2026-06-01T20:32:08.954+08:00 DEBUG 31280 --- [pfms] [restartedMain] o.s.orm.jpa.JpaTransactionManager        : Participating in existing transaction
2026-06-01T20:32:08.954+08:00 DEBUG 31280 --- [pfms] [restartedMain] org.hibernate.SQL                        : 
    insert 
    into
        budget
        (allowancesForParents, debt, food, groceries, haircut, income, insurance, internet, medical, misc, mobilePhone, month, mortgage, retirement, savings, tax, transport, utilities) 
    values
        (?, ?, ?, ?, ?, ?, ?, ?, ?, ?, ?, ?, ?, ?, ?, ?, ?, ?)
2026-06-01T20:32:08.955+08:00 DEBUG 31280 --- [pfms] [restartedMain] o.s.orm.jpa.JpaTransactionManager        : Initiating transaction commit
2026-06-01T20:32:08.956+08:00 DEBUG 31280 --- [pfms] [restartedMain] o.s.orm.jpa.JpaTransactionManager        : Committing JPA transaction on EntityManager [SessionImpl(1598981283<open>)]
2026-06-01T20:32:08.957+08:00 DEBUG 31280 --- [pfms] [restartedMain] o.s.orm.jpa.JpaTransactionManager        : Closing JPA EntityManager after transaction
2026-06-01T20:32:08.957+08:00 DEBUG 31280 --- [pfms] [restartedMain] o.s.orm.jpa.JpaTransactionManager        : Creating new transaction with name [com.app.pfms.Budget.BudgetService.createBudget]: PROPAGATION_REQUIRED,ISOLATION_DEFAULT
2026-06-01T20:32:08.957+08:00 DEBUG 31280 --- [pfms] [restartedMain] o.s.orm.jpa.JpaTransactionManager        : Opened new EntityManager [SessionImpl(361325932<open>)] for JPA transaction
2026-06-01T20:32:08.958+08:00 DEBUG 31280 --- [pfms] [restartedMain] o.s.orm.jpa.JpaTransactionManager        : Exposing JPA transaction as JDBC [org.springframework.orm.jpa.vendor.HibernateJpaDialect$HibernateConnectionHandle@26b2e632]
2026-06-01T20:32:08.958+08:00 DEBUG 31280 --- [pfms] [restartedMain] o.s.d.j.r.query.PartTreeJpaQuery         : QueryPreparer: Derived query for query method [public abstract java.util.Optional com.app.pfms.Budget.BudgetDAO.findByMonth(java.time.YearMonth)]: 'SELECT b FROM Budget b WHERE b.month = :month'
2026-06-01T20:32:08.958+08:00 DEBUG 31280 --- [pfms] [restartedMain] org.hibernate.SQL                        : 
    select
        b1_0.id,
        b1_0.allowancesForParents,
        b1_0.debt,
        b1_0.food,
        b1_0.groceries,
        b1_0.haircut,
        b1_0.income,
        b1_0.insurance,
        b1_0.internet,
        b1_0.medical,
        b1_0.misc,
        b1_0.mobilePhone,
        b1_0.month,
        b1_0.mortgage,
        b1_0.retirement,
        b1_0.savings,
        b1_0.tax,
        b1_0.transport,
        b1_0.utilities 
    from
        budget b1_0 
    where
        b1_0.month=?
2026-06-01T20:32:08.959+08:00 DEBUG 31280 --- [pfms] [restartedMain] o.s.d.j.r.query.PartTreeJpaQuery         : QueryPreparer: Derived query for query method [public abstract java.util.List com.app.pfms.Expense.ExpenseDAO.findByDateBetween(java.time.LocalDate,java.time.LocalDate)]: 'SELECT e FROM Expense e WHERE e.date BETWEEN :startDate AND :endDate'
2026-06-01T20:32:08.959+08:00 DEBUG 31280 --- [pfms] [restartedMain] org.hibernate.SQL                        : 
    select
        e1_0.id,
        e1_0.aia,
        e1_0.allowancesForParents,
        e1_0.breakfast,
        e1_0.criticare,
        e1_0.date,
        e1_0.debt,
        e1_0.dinner,
        e1_0.eatingOut,
        e1_0.entertainment,
        e1_0.groceries,
        e1_0.haircut,
        e1_0.holiday,
        e1_0.incomeTax,
        e1_0.internet,
        e1_0.lunch,
        e1_0.medical,
        e1_0.mobilePhone,
        e1_0.mortgage,
        e1_0.others,
        e1_0.privateTransport,
        e1_0.propertyTax,
        e1_0.publicTransport,
        e1_0.shopping,
        e1_0.sports,
        e1_0.tech,
        e1_0.termProtector,
        e1_0.utilities 
    from
        expense e1_0 
    where
        e1_0.date between ? and ?
2026-06-01T20:32:08.962+08:00 DEBUG 31280 --- [pfms] [restartedMain] o.s.d.j.r.query.PartTreeJpaQuery         : QueryPreparer: Derived query for query method [public abstract java.util.List com.app.pfms.Expense.ExpenseDAO.findByDateBetween(java.time.LocalDate,java.time.LocalDate)]: 'SELECT e FROM Expense e WHERE e.date BETWEEN :startDate AND :endDate'
2026-06-01T20:32:08.962+08:00 DEBUG 31280 --- [pfms] [restartedMain] org.hibernate.SQL                        : 
    select
        e1_0.id,
        e1_0.aia,
        e1_0.allowancesForParents,
        e1_0.breakfast,
        e1_0.criticare,
        e1_0.date,
        e1_0.debt,
        e1_0.dinner,
        e1_0.eatingOut,
        e1_0.entertainment,
        e1_0.groceries,
        e1_0.haircut,
        e1_0.holiday,
        e1_0.incomeTax,
        e1_0.internet,
        e1_0.lunch,
        e1_0.medical,
        e1_0.mobilePhone,
        e1_0.mortgage,
        e1_0.others,
        e1_0.privateTransport,
        e1_0.propertyTax,
        e1_0.publicTransport,
        e1_0.shopping,
        e1_0.sports,
        e1_0.tech,
        e1_0.termProtector,
        e1_0.utilities 
    from
        expense e1_0 
    where
        e1_0.date between ? and ?
2026-06-01T20:32:08.962+08:00 DEBUG 31280 --- [pfms] [restartedMain] o.s.d.j.r.query.PartTreeJpaQuery         : QueryPreparer: Derived query for query method [public abstract java.util.List com.app.pfms.Expense.ExpenseDAO.findByDateBetween(java.time.LocalDate,java.time.LocalDate)]: 'SELECT e FROM Expense e WHERE e.date BETWEEN :startDate AND :endDate'
2026-06-01T20:32:08.964+08:00 DEBUG 31280 --- [pfms] [restartedMain] org.hibernate.SQL                        : 
    select
        e1_0.id,
        e1_0.aia,
        e1_0.allowancesForParents,
        e1_0.breakfast,
        e1_0.criticare,
        e1_0.date,
        e1_0.debt,
        e1_0.dinner,
        e1_0.eatingOut,
        e1_0.entertainment,
        e1_0.groceries,
        e1_0.haircut,
        e1_0.holiday,
        e1_0.incomeTax,
        e1_0.internet,
        e1_0.lunch,
        e1_0.medical,
        e1_0.mobilePhone,
        e1_0.mortgage,
        e1_0.others,
        e1_0.privateTransport,
        e1_0.propertyTax,
        e1_0.publicTransport,
        e1_0.shopping,
        e1_0.sports,
        e1_0.tech,
        e1_0.termProtector,
        e1_0.utilities 
    from
        expense e1_0 
    where
        e1_0.date between ? and ?
2026-06-01T20:32:08.964+08:00 DEBUG 31280 --- [pfms] [restartedMain] o.s.d.j.r.query.PartTreeJpaQuery         : QueryPreparer: Derived query for query method [public abstract java.util.List com.app.pfms.Expense.ExpenseDAO.findByDateBetween(java.time.LocalDate,java.time.LocalDate)]: 'SELECT e FROM Expense e WHERE e.date BETWEEN :startDate AND :endDate'
2026-06-01T20:32:08.965+08:00 DEBUG 31280 --- [pfms] [restartedMain] org.hibernate.SQL                        : 
    select
        e1_0.id,
        e1_0.aia,
        e1_0.allowancesForParents,
        e1_0.breakfast,
        e1_0.criticare,
        e1_0.date,
        e1_0.debt,
        e1_0.dinner,
        e1_0.eatingOut,
        e1_0.entertainment,
        e1_0.groceries,
        e1_0.haircut,
        e1_0.holiday,
        e1_0.incomeTax,
        e1_0.internet,
        e1_0.lunch,
        e1_0.medical,
        e1_0.mobilePhone,
        e1_0.mortgage,
        e1_0.others,
        e1_0.privateTransport,
        e1_0.propertyTax,
        e1_0.publicTransport,
        e1_0.shopping,
        e1_0.sports,
        e1_0.tech,
        e1_0.termProtector,
        e1_0.utilities 
    from
        expense e1_0 
    where
        e1_0.date between ? and ?
2026-06-01T20:32:08.966+08:00 DEBUG 31280 --- [pfms] [restartedMain] o.s.d.j.r.query.PartTreeJpaQuery         : QueryPreparer: Derived query for query method [public abstract java.util.List com.app.pfms.Expense.ExpenseDAO.findByDateBetween(java.time.LocalDate,java.time.LocalDate)]: 'SELECT e FROM Expense e WHERE e.date BETWEEN :startDate AND :endDate'
2026-06-01T20:32:08.966+08:00 DEBUG 31280 --- [pfms] [restartedMain] org.hibernate.SQL                        : 
    select
        e1_0.id,
        e1_0.aia,
        e1_0.allowancesForParents,
        e1_0.breakfast,
        e1_0.criticare,
        e1_0.date,
        e1_0.debt,
        e1_0.dinner,
        e1_0.eatingOut,
        e1_0.entertainment,
        e1_0.groceries,
        e1_0.haircut,
        e1_0.holiday,
        e1_0.incomeTax,
        e1_0.internet,
        e1_0.lunch,
        e1_0.medical,
        e1_0.mobilePhone,
        e1_0.mortgage,
        e1_0.others,
        e1_0.privateTransport,
        e1_0.propertyTax,
        e1_0.publicTransport,
        e1_0.shopping,
        e1_0.sports,
        e1_0.tech,
        e1_0.termProtector,
        e1_0.utilities 
    from
        expense e1_0 
    where
        e1_0.date between ? and ?
2026-06-01T20:32:08.967+08:00 DEBUG 31280 --- [pfms] [restartedMain] o.s.d.j.r.query.PartTreeJpaQuery         : QueryPreparer: Derived query for query method [public abstract java.util.List com.app.pfms.Expense.ExpenseDAO.findByDateBetween(java.time.LocalDate,java.time.LocalDate)]: 'SELECT e FROM Expense e WHERE e.date BETWEEN :startDate AND :endDate'
2026-06-01T20:32:08.968+08:00 DEBUG 31280 --- [pfms] [restartedMain] org.hibernate.SQL                        : 
    select
        e1_0.id,
        e1_0.aia,
        e1_0.allowancesForParents,
        e1_0.breakfast,
        e1_0.criticare,
        e1_0.date,
        e1_0.debt,
        e1_0.dinner,
        e1_0.eatingOut,
        e1_0.entertainment,
        e1_0.groceries,
        e1_0.haircut,
        e1_0.holiday,
        e1_0.incomeTax,
        e1_0.internet,
        e1_0.lunch,
        e1_0.medical,
        e1_0.mobilePhone,
        e1_0.mortgage,
        e1_0.others,
        e1_0.privateTransport,
        e1_0.propertyTax,
        e1_0.publicTransport,
        e1_0.shopping,
        e1_0.sports,
        e1_0.tech,
        e1_0.termProtector,
        e1_0.utilities 
    from
        expense e1_0 
    where
        e1_0.date between ? and ?
2026-06-01T20:32:08.968+08:00 DEBUG 31280 --- [pfms] [restartedMain] o.s.d.j.r.query.PartTreeJpaQuery         : QueryPreparer: Derived query for query method [public abstract java.util.List com.app.pfms.Expense.ExpenseDAO.findByDateBetween(java.time.LocalDate,java.time.LocalDate)]: 'SELECT e FROM Expense e WHERE e.date BETWEEN :startDate AND :endDate'
2026-06-01T20:32:08.968+08:00 DEBUG 31280 --- [pfms] [restartedMain] org.hibernate.SQL                        : 
    select
        e1_0.id,
        e1_0.aia,
        e1_0.allowancesForParents,
        e1_0.breakfast,
        e1_0.criticare,
        e1_0.date,
        e1_0.debt,
        e1_0.dinner,
        e1_0.eatingOut,
        e1_0.entertainment,
        e1_0.groceries,
        e1_0.haircut,
        e1_0.holiday,
        e1_0.incomeTax,
        e1_0.internet,
        e1_0.lunch,
        e1_0.medical,
        e1_0.mobilePhone,
        e1_0.mortgage,
        e1_0.others,
        e1_0.privateTransport,
        e1_0.propertyTax,
        e1_0.publicTransport,
        e1_0.shopping,
        e1_0.sports,
        e1_0.tech,
        e1_0.termProtector,
        e1_0.utilities 
    from
        expense e1_0 
    where
        e1_0.date between ? and ?
2026-06-01T20:32:08.968+08:00 DEBUG 31280 --- [pfms] [restartedMain] o.s.d.j.r.query.PartTreeJpaQuery         : QueryPreparer: Derived query for query method [public abstract java.util.List com.app.pfms.Expense.ExpenseDAO.findByDateBetween(java.time.LocalDate,java.time.LocalDate)]: 'SELECT e FROM Expense e WHERE e.date BETWEEN :startDate AND :endDate'
2026-06-01T20:32:08.968+08:00 DEBUG 31280 --- [pfms] [restartedMain] org.hibernate.SQL                        : 
    select
        e1_0.id,
        e1_0.aia,
        e1_0.allowancesForParents,
        e1_0.breakfast,
        e1_0.criticare,
        e1_0.date,
        e1_0.debt,
        e1_0.dinner,
        e1_0.eatingOut,
        e1_0.entertainment,
        e1_0.groceries,
        e1_0.haircut,
        e1_0.holiday,
        e1_0.incomeTax,
        e1_0.internet,
        e1_0.lunch,
        e1_0.medical,
        e1_0.mobilePhone,
        e1_0.mortgage,
        e1_0.others,
        e1_0.privateTransport,
        e1_0.propertyTax,
        e1_0.publicTransport,
        e1_0.shopping,
        e1_0.sports,
        e1_0.tech,
        e1_0.termProtector,
        e1_0.utilities 
    from
        expense e1_0 
    where
        e1_0.date between ? and ?
2026-06-01T20:32:08.968+08:00 DEBUG 31280 --- [pfms] [restartedMain] o.s.d.j.r.query.PartTreeJpaQuery         : QueryPreparer: Derived query for query method [public abstract java.util.List com.app.pfms.Expense.ExpenseDAO.findByDateBetween(java.time.LocalDate,java.time.LocalDate)]: 'SELECT e FROM Expense e WHERE e.date BETWEEN :startDate AND :endDate'
2026-06-01T20:32:08.972+08:00 DEBUG 31280 --- [pfms] [restartedMain] org.hibernate.SQL                        : 
    select
        e1_0.id,
        e1_0.aia,
        e1_0.allowancesForParents,
        e1_0.breakfast,
        e1_0.criticare,
        e1_0.date,
        e1_0.debt,
        e1_0.dinner,
        e1_0.eatingOut,
        e1_0.entertainment,
        e1_0.groceries,
        e1_0.haircut,
        e1_0.holiday,
        e1_0.incomeTax,
        e1_0.internet,
        e1_0.lunch,
        e1_0.medical,
        e1_0.mobilePhone,
        e1_0.mortgage,
        e1_0.others,
        e1_0.privateTransport,
        e1_0.propertyTax,
        e1_0.publicTransport,
        e1_0.shopping,
        e1_0.sports,
        e1_0.tech,
        e1_0.termProtector,
        e1_0.utilities 
    from
        expense e1_0 
    where
        e1_0.date between ? and ?
2026-06-01T20:32:08.972+08:00 DEBUG 31280 --- [pfms] [restartedMain] o.s.d.j.r.query.PartTreeJpaQuery         : QueryPreparer: Derived query for query method [public abstract java.util.List com.app.pfms.Expense.ExpenseDAO.findByDateBetween(java.time.LocalDate,java.time.LocalDate)]: 'SELECT e FROM Expense e WHERE e.date BETWEEN :startDate AND :endDate'
2026-06-01T20:32:08.973+08:00 DEBUG 31280 --- [pfms] [restartedMain] org.hibernate.SQL                        : 
    select
        e1_0.id,
        e1_0.aia,
        e1_0.allowancesForParents,
        e1_0.breakfast,
        e1_0.criticare,
        e1_0.date,
        e1_0.debt,
        e1_0.dinner,
        e1_0.eatingOut,
        e1_0.entertainment,
        e1_0.groceries,
        e1_0.haircut,
        e1_0.holiday,
        e1_0.incomeTax,
        e1_0.internet,
        e1_0.lunch,
        e1_0.medical,
        e1_0.mobilePhone,
        e1_0.mortgage,
        e1_0.others,
        e1_0.privateTransport,
        e1_0.propertyTax,
        e1_0.publicTransport,
        e1_0.shopping,
        e1_0.sports,
        e1_0.tech,
        e1_0.termProtector,
        e1_0.utilities 
    from
        expense e1_0 
    where
        e1_0.date between ? and ?
2026-06-01T20:32:08.973+08:00 DEBUG 31280 --- [pfms] [restartedMain] o.s.d.j.r.query.PartTreeJpaQuery         : QueryPreparer: Derived query for query method [public abstract java.util.List com.app.pfms.Expense.ExpenseDAO.findByDateBetween(java.time.LocalDate,java.time.LocalDate)]: 'SELECT e FROM Expense e WHERE e.date BETWEEN :startDate AND :endDate'
2026-06-01T20:32:08.975+08:00 DEBUG 31280 --- [pfms] [restartedMain] org.hibernate.SQL                        : 
    select
        e1_0.id,
        e1_0.aia,
        e1_0.allowancesForParents,
        e1_0.breakfast,
        e1_0.criticare,
        e1_0.date,
        e1_0.debt,
        e1_0.dinner,
        e1_0.eatingOut,
        e1_0.entertainment,
        e1_0.groceries,
        e1_0.haircut,
        e1_0.holiday,
        e1_0.incomeTax,
        e1_0.internet,
        e1_0.lunch,
        e1_0.medical,
        e1_0.mobilePhone,
        e1_0.mortgage,
        e1_0.others,
        e1_0.privateTransport,
        e1_0.propertyTax,
        e1_0.publicTransport,
        e1_0.shopping,
        e1_0.sports,
        e1_0.tech,
        e1_0.termProtector,
        e1_0.utilities 
    from
        expense e1_0 
    where
        e1_0.date between ? and ?
2026-06-01T20:32:08.976+08:00 DEBUG 31280 --- [pfms] [restartedMain] o.s.d.j.r.query.PartTreeJpaQuery         : QueryPreparer: Derived query for query method [public abstract java.util.List com.app.pfms.Expense.ExpenseDAO.findByDateBetween(java.time.LocalDate,java.time.LocalDate)]: 'SELECT e FROM Expense e WHERE e.date BETWEEN :startDate AND :endDate'
2026-06-01T20:32:08.976+08:00 DEBUG 31280 --- [pfms] [restartedMain] org.hibernate.SQL                        : 
    select
        e1_0.id,
        e1_0.aia,
        e1_0.allowancesForParents,
        e1_0.breakfast,
        e1_0.criticare,
        e1_0.date,
        e1_0.debt,
        e1_0.dinner,
        e1_0.eatingOut,
        e1_0.entertainment,
        e1_0.groceries,
        e1_0.haircut,
        e1_0.holiday,
        e1_0.incomeTax,
        e1_0.internet,
        e1_0.lunch,
        e1_0.medical,
        e1_0.mobilePhone,
        e1_0.mortgage,
        e1_0.others,
        e1_0.privateTransport,
        e1_0.propertyTax,
        e1_0.publicTransport,
        e1_0.shopping,
        e1_0.sports,
        e1_0.tech,
        e1_0.termProtector,
        e1_0.utilities 
    from
        expense e1_0 
    where
        e1_0.date between ? and ?
2026-06-01T20:32:08.977+08:00 DEBUG 31280 --- [pfms] [restartedMain] o.s.d.j.r.query.PartTreeJpaQuery         : QueryPreparer: Derived query for query method [public abstract java.util.List com.app.pfms.Expense.ExpenseDAO.findByDateBetween(java.time.LocalDate,java.time.LocalDate)]: 'SELECT e FROM Expense e WHERE e.date BETWEEN :startDate AND :endDate'
2026-06-01T20:32:08.977+08:00 DEBUG 31280 --- [pfms] [restartedMain] org.hibernate.SQL                        : 
    select
        e1_0.id,
        e1_0.aia,
        e1_0.allowancesForParents,
        e1_0.breakfast,
        e1_0.criticare,
        e1_0.date,
        e1_0.debt,
        e1_0.dinner,
        e1_0.eatingOut,
        e1_0.entertainment,
        e1_0.groceries,
        e1_0.haircut,
        e1_0.holiday,
        e1_0.incomeTax,
        e1_0.internet,
        e1_0.lunch,
        e1_0.medical,
        e1_0.mobilePhone,
        e1_0.mortgage,
        e1_0.others,
        e1_0.privateTransport,
        e1_0.propertyTax,
        e1_0.publicTransport,
        e1_0.shopping,
        e1_0.sports,
        e1_0.tech,
        e1_0.termProtector,
        e1_0.utilities 
    from
        expense e1_0 
    where
        e1_0.date between ? and ?
2026-06-01T20:32:08.978+08:00 DEBUG 31280 --- [pfms] [restartedMain] o.s.d.j.r.query.PartTreeJpaQuery         : QueryPreparer: Derived query for query method [public abstract java.util.List com.app.pfms.Expense.ExpenseDAO.findByDateBetween(java.time.LocalDate,java.time.LocalDate)]: 'SELECT e FROM Expense e WHERE e.date BETWEEN :startDate AND :endDate'
2026-06-01T20:32:08.979+08:00 DEBUG 31280 --- [pfms] [restartedMain] org.hibernate.SQL                        : 
    select
        e1_0.id,
        e1_0.aia,
        e1_0.allowancesForParents,
        e1_0.breakfast,
        e1_0.criticare,
        e1_0.date,
        e1_0.debt,
        e1_0.dinner,
        e1_0.eatingOut,
        e1_0.entertainment,
        e1_0.groceries,
        e1_0.haircut,
        e1_0.holiday,
        e1_0.incomeTax,
        e1_0.internet,
        e1_0.lunch,
        e1_0.medical,
        e1_0.mobilePhone,
        e1_0.mortgage,
        e1_0.others,
        e1_0.privateTransport,
        e1_0.propertyTax,
        e1_0.publicTransport,
        e1_0.shopping,
        e1_0.sports,
        e1_0.tech,
        e1_0.termProtector,
        e1_0.utilities 
    from
        expense e1_0 
    where
        e1_0.date between ? and ?
2026-06-01T20:32:08.979+08:00 DEBUG 31280 --- [pfms] [restartedMain] o.s.orm.jpa.JpaTransactionManager        : Found thread-bound EntityManager [SessionImpl(361325932<open>)] for JPA transaction
2026-06-01T20:32:08.979+08:00 DEBUG 31280 --- [pfms] [restartedMain] o.s.orm.jpa.JpaTransactionManager        : Participating in existing transaction
2026-06-01T20:32:08.979+08:00 DEBUG 31280 --- [pfms] [restartedMain] org.hibernate.SQL                        : 
    insert 
    into
        budget
        (allowancesForParents, debt, food, groceries, haircut, income, insurance, internet, medical, misc, mobilePhone, month, mortgage, retirement, savings, tax, transport, utilities) 
    values
        (?, ?, ?, ?, ?, ?, ?, ?, ?, ?, ?, ?, ?, ?, ?, ?, ?, ?)
2026-06-01T20:32:08.979+08:00 DEBUG 31280 --- [pfms] [restartedMain] o.s.orm.jpa.JpaTransactionManager        : Initiating transaction commit
2026-06-01T20:32:08.979+08:00 DEBUG 31280 --- [pfms] [restartedMain] o.s.orm.jpa.JpaTransactionManager        : Committing JPA transaction on EntityManager [SessionImpl(361325932<open>)]
2026-06-01T20:32:08.982+08:00 DEBUG 31280 --- [pfms] [restartedMain] o.s.orm.jpa.JpaTransactionManager        : Closing JPA EntityManager after transaction
2026-06-01T20:32:08.982+08:00 DEBUG 31280 --- [pfms] [restartedMain] o.s.boot.devtools.restart.Restarter      : Creating new Restarter for thread Thread[#1,main,5,main]
2026-06-01T20:32:08.982+08:00 DEBUG 31280 --- [pfms] [restartedMain] o.s.boot.devtools.restart.Restarter      : Immediately restarting application
2026-06-01T20:32:08.982+08:00 DEBUG 31280 --- [pfms] [restartedMain] o.s.boot.devtools.restart.Restarter      : Starting application com.app.pfms.PfmsApplication with URLs [file:/C:/Users/Adrian%20Tang/git/repository/pfms/target/classes/]
2026-06-01T20:32:08.982+08:00 DEBUG 31280 --- [pfms] [restartedMain] o.s.b.a.ApplicationAvailabilityBean      : Application availability state ReadinessState changed to ACCEPTING_TRAFFIC
2026-06-01T20:33:28.242+08:00  INFO 31280 --- [pfms] [File Watcher] rtingClassPathChangeChangedEventListener : Restarting due to 1 class path change (0 additions, 0 deletions, 1 modification)
2026-06-01T20:33:28.242+08:00 DEBUG 31280 --- [pfms] [File Watcher] rtingClassPathChangeChangedEventListener : Change set: [C:\Users\Adrian Tang\git\repository\pfms\target\classes [C:\Users\Adrian Tang\git\repository\pfms\target\classes\application.properties (MODIFY)]]
2026-06-01T20:33:28.243+08:00 DEBUG 31280 --- [pfms] [File Watcher] o.s.boot.devtools.restart.Restarter      : Restarting application
2026-06-01T20:33:28.244+08:00 DEBUG 31280 --- [pfms] [Thread-1] o.s.boot.devtools.restart.Restarter      : Stopping application
2026-06-01T20:33:28.245+08:00 DEBUG 31280 --- [pfms] [Thread-1] o.s.b.a.ApplicationAvailabilityBean      : Application availability state ReadinessState changed from ACCEPTING_TRAFFIC to REFUSING_TRAFFIC
2026-06-01T20:33:28.245+08:00 DEBUG 31280 --- [pfms] [Thread-1] ConfigServletWebServerApplicationContext : Closing org.springframework.boot.web.server.servlet.context.AnnotationConfigServletWebServerApplicationContext@21a9f2bc, started on Mon Jun 01 20:32:02 SGT 2026
2026-06-01T20:33:28.248+08:00 DEBUG 31280 --- [pfms] [Thread-1] o.s.c.support.DefaultLifecycleProcessor  : Stopping beans in phase 2147482623
2026-06-01T20:33:28.250+08:00  INFO 31280 --- [pfms] [Thread-1] o.s.boot.tomcat.GracefulShutdown         : Commencing graceful shutdown. Waiting for active requests to complete
2026-06-01T20:33:28.262+08:00  INFO 31280 --- [pfms] [tomcat-shutdown] o.s.boot.tomcat.GracefulShutdown         : Graceful shutdown complete
2026-06-01T20:33:28.262+08:00 DEBUG 31280 --- [pfms] [Thread-1] o.s.c.support.DefaultLifecycleProcessor  : Stopping beans in phase 2147481599
2026-06-01T20:33:28.262+08:00 DEBUG 31280 --- [pfms] [tomcat-shutdown] o.s.c.support.DefaultLifecycleProcessor  : Bean 'webServerGracefulShutdown' completed its stop procedure
2026-06-01T20:33:28.263+08:00 DEBUG 31280 --- [pfms] [Thread-1] o.s.c.support.DefaultLifecycleProcessor  : Bean 'webServerStartStop' completed its stop procedure
2026-06-01T20:33:28.264+08:00 DEBUG 31280 --- [pfms] [Thread-1] o.s.c.support.DefaultLifecycleProcessor  : Stopping beans in phase 1073741823
2026-06-01T20:33:28.264+08:00 DEBUG 31280 --- [pfms] [Thread-1] o.s.c.support.DefaultLifecycleProcessor  : Bean 'applicationTaskExecutor' completed its stop procedure
2026-06-01T20:33:28.264+08:00 DEBUG 31280 --- [pfms] [Thread-1] o.s.c.support.DefaultLifecycleProcessor  : Stopping beans in phase -2147483647
2026-06-01T20:33:28.264+08:00 DEBUG 31280 --- [pfms] [Thread-1] o.s.c.support.DefaultLifecycleProcessor  : Bean 'springBootLoggingLifecycle' completed its stop procedure
2026-06-01T20:33:28.265+08:00 DEBUG 31280 --- [pfms] [Thread-1] o.s.s.c.ThreadPoolTaskScheduler          : Shutting down ExecutorService 'taskScheduler'
2026-06-01T20:33:28.266+08:00  INFO 31280 --- [pfms] [Thread-1] j.LocalContainerEntityManagerFactoryBean : Closing JPA EntityManagerFactory for persistence unit 'default'
2026-06-01T20:33:28.267+08:00 DEBUG 31280 --- [pfms] [Thread-1] org.hibernate.SQL                        : 
    set client_min_messages = WARNING
2026-06-01T20:33:28.271+08:00 DEBUG 31280 --- [pfms] [Thread-1] org.hibernate.SQL                        : 
    drop table if exists budget cascade
2026-06-01T20:33:28.281+08:00 DEBUG 31280 --- [pfms] [Thread-1] org.hibernate.SQL                        : 
    drop table if exists expense cascade
2026-06-01T20:33:28.305+08:00  INFO 31280 --- [pfms] [Thread-1] com.zaxxer.hikari.HikariDataSource       : HikariPool-1 - Shutdown initiated...
2026-06-01T20:33:28.307+08:00  INFO 31280 --- [pfms] [Thread-1] com.zaxxer.hikari.HikariDataSource       : HikariPool-1 - Shutdown completed.
2026-06-01T20:33:28.308+08:00 DEBUG 31280 --- [pfms] [Thread-1] o.s.s.concurrent.ThreadPoolTaskExecutor  : Shutting down ExecutorService 'applicationTaskExecutor'
2026-06-01T20:33:28.376+08:00 DEBUG 31280 --- [pfms] [Thread-1] o.s.boot.devtools.restart.Restarter      : Starting application com.app.pfms.PfmsApplication with URLs [file:/C:/Users/Adrian%20Tang/git/repository/pfms/target/classes/]
2026-06-01T20:33:28.422+08:00  INFO 31280 --- [pfms] [restartedMain] com.app.pfms.PfmsApplication             : Starting PfmsApplication using Java 21.0.8 with PID 31280 (C:\Users\Adrian Tang\git\repository\pfms\target\classes started by Adrian Tang in C:\Users\Adrian Tang\git\repository\pfms)
2026-06-01T20:33:28.422+08:00  INFO 31280 --- [pfms] [restartedMain] com.app.pfms.PfmsApplication             : No active profile set, falling back to 1 default profile: "default"
2026-06-01T20:33:28.422+08:00 DEBUG 31280 --- [pfms] [restartedMain] o.s.boot.SpringApplication               : Loading source class com.app.pfms.PfmsApplication
2026-06-01T20:33:28.422+08:00 DEBUG 31280 --- [pfms] [restartedMain] ConfigServletWebServerApplicationContext : Refreshing org.springframework.boot.web.server.servlet.context.AnnotationConfigServletWebServerApplicationContext@5a013a75
2026-06-01T20:33:28.422+08:00 DEBUG 31280 --- [pfms] [restartedMain] o.s.b.f.s.DefaultListableBeanFactory     : Creating shared instance of singleton bean 'org.springframework.context.annotation.internalConfigurationAnnotationProcessor'
2026-06-01T20:33:28.428+08:00 DEBUG 31280 --- [pfms] [restartedMain] o.s.b.f.s.DefaultListableBeanFactory     : Creating shared instance of singleton bean 'org.springframework.boot.autoconfigure.internalCachingMetadataReaderFactory'
2026-06-01T20:33:28.438+08:00 DEBUG 31280 --- [pfms] [restartedMain] o.s.c.a.ClassPathBeanDefinitionScanner   : Identified candidate component class: file [C:\Users\Adrian Tang\git\repository\pfms\target\classes\com\app\pfms\Budget\BudgetController.class]
2026-06-01T20:33:28.439+08:00 DEBUG 31280 --- [pfms] [restartedMain] o.s.c.a.ClassPathBeanDefinitionScanner   : Ignored because not a concrete top-level class: file [C:\Users\Adrian Tang\git\repository\pfms\target\classes\com\app\pfms\Budget\BudgetDAO.class]
2026-06-01T20:33:28.441+08:00 DEBUG 31280 --- [pfms] [restartedMain] o.s.c.a.ClassPathBeanDefinitionScanner   : Identified candidate component class: file [C:\Users\Adrian Tang\git\repository\pfms\target\classes\com\app\pfms\Budget\BudgetService.class]
2026-06-01T20:33:28.444+08:00 DEBUG 31280 --- [pfms] [restartedMain] o.s.c.a.ClassPathBeanDefinitionScanner   : Identified candidate component class: file [C:\Users\Adrian Tang\git\repository\pfms\target\classes\com\app\pfms\DataLoader\BudgetLoader.class]
2026-06-01T20:33:28.445+08:00 DEBUG 31280 --- [pfms] [restartedMain] o.s.c.a.ClassPathBeanDefinitionScanner   : Identified candidate component class: file [C:\Users\Adrian Tang\git\repository\pfms\target\classes\com\app\pfms\DataLoader\ExpenseLoader.class]
2026-06-01T20:33:28.448+08:00 DEBUG 31280 --- [pfms] [restartedMain] o.s.c.a.ClassPathBeanDefinitionScanner   : Identified candidate component class: file [C:\Users\Adrian Tang\git\repository\pfms\target\classes\com\app\pfms\Exceptions\GlobalExceptionHandler.class]
2026-06-01T20:33:28.448+08:00 DEBUG 31280 --- [pfms] [restartedMain] o.s.c.a.ClassPathBeanDefinitionScanner   : Identified candidate component class: file [C:\Users\Adrian Tang\git\repository\pfms\target\classes\com\app\pfms\Expense\ExpenseController.class]
2026-06-01T20:33:28.448+08:00 DEBUG 31280 --- [pfms] [restartedMain] o.s.c.a.ClassPathBeanDefinitionScanner   : Ignored because not a concrete top-level class: file [C:\Users\Adrian Tang\git\repository\pfms\target\classes\com\app\pfms\Expense\ExpenseDAO.class]
2026-06-01T20:33:28.452+08:00 DEBUG 31280 --- [pfms] [restartedMain] o.s.c.a.ClassPathBeanDefinitionScanner   : Identified candidate component class: file [C:\Users\Adrian Tang\git\repository\pfms\target\classes\com\app\pfms\Expense\ExpenseService.class]
2026-06-01T20:33:28.652+08:00  INFO 31280 --- [pfms] [restartedMain] .s.d.r.c.RepositoryConfigurationDelegate : Bootstrapping Spring Data JPA repositories in DEFAULT mode.
2026-06-01T20:33:28.653+08:00 DEBUG 31280 --- [pfms] [restartedMain] o.s.b.f.s.DefaultListableBeanFactory     : Creating shared instance of singleton bean 'org.springframework.boot.autoconfigure.AutoConfigurationPackages'
2026-06-01T20:33:28.654+08:00 DEBUG 31280 --- [pfms] [restartedMain] o.s.b.a.AutoConfigurationPackages        : @EnableAutoConfiguration was declared on a class in the package 'com.app.pfms'. Automatic @Repository and @Entity scanning is enabled.
2026-06-01T20:33:28.654+08:00 DEBUG 31280 --- [pfms] [restartedMain] .s.d.r.c.RepositoryConfigurationDelegate : Scanning for JPA repositories in packages com.app.pfms.
2026-06-01T20:33:28.660+08:00 DEBUG 31280 --- [pfms] [restartedMain] o.s.d.r.c.RepositoryComponentProvider    : Identified candidate component class: file [C:\Users\Adrian Tang\git\repository\pfms\target\classes\com\app\pfms\Budget\BudgetDAO.class]
2026-06-01T20:33:28.662+08:00 DEBUG 31280 --- [pfms] [restartedMain] o.s.d.r.c.RepositoryComponentProvider    : Identified candidate component class: file [C:\Users\Adrian Tang\git\repository\pfms\target\classes\com\app\pfms\Expense\ExpenseDAO.class]
2026-06-01T20:33:28.683+08:00  INFO 31280 --- [pfms] [restartedMain] .s.d.r.c.RepositoryConfigurationDelegate : Finished Spring Data repository scanning in 29 ms. Found 2 JPA repository interfaces.
2026-06-01T20:33:28.722+08:00 DEBUG 31280 --- [pfms] [restartedMain] o.s.b.f.s.DefaultListableBeanFactory     : Creating shared instance of singleton bean 'propertySourcesPlaceholderConfigurer'
2026-06-01T20:33:28.722+08:00 DEBUG 31280 --- [pfms] [restartedMain] o.s.b.f.s.DefaultListableBeanFactory     : Creating shared instance of singleton bean 'org.springframework.boot.devtools.autoconfigure.DevToolsDataSourceAutoConfiguration$DatabaseShutdownExecutorEntityManagerFactoryDependsOnPostProcessor'
2026-06-01T20:33:28.722+08:00 DEBUG 31280 --- [pfms] [restartedMain] o.s.b.f.s.DefaultListableBeanFactory     : Creating shared instance of singleton bean 'org.springframework.boot.sql.init.dependency.DatabaseInitializationDependencyConfigurer$DependsOnDatabaseInitializationPostProcessor'
2026-06-01T20:33:28.722+08:00 DEBUG 31280 --- [pfms] [restartedMain] o.s.b.f.s.DefaultListableBeanFactory     : Creating shared instance of singleton bean 'org.springframework.context.event.internalEventListenerProcessor'
2026-06-01T20:33:28.722+08:00 DEBUG 31280 --- [pfms] [restartedMain] o.s.b.f.s.DefaultListableBeanFactory     : Creating shared instance of singleton bean 'bootstrapExecutorAliasPostProcessor'
2026-06-01T20:33:28.722+08:00 DEBUG 31280 --- [pfms] [restartedMain] o.s.b.f.s.DefaultListableBeanFactory     : Creating shared instance of singleton bean 'preserveErrorControllerTargetClassPostProcessor'
2026-06-01T20:33:28.722+08:00 DEBUG 31280 --- [pfms] [restartedMain] o.s.b.f.s.DefaultListableBeanFactory     : Creating shared instance of singleton bean 'org.springframework.context.event.internalEventListenerFactory'
2026-06-01T20:33:28.731+08:00 DEBUG 31280 --- [pfms] [restartedMain] o.s.b.f.s.DefaultListableBeanFactory     : Creating shared instance of singleton bean 'org.springframework.transaction.config.internalTransactionalEventListenerFactory'
2026-06-01T20:33:28.732+08:00 DEBUG 31280 --- [pfms] [restartedMain] o.s.b.f.s.DefaultListableBeanFactory     : Creating shared instance of singleton bean 'org.springframework.context.annotation.internalAutowiredAnnotationProcessor'
2026-06-01T20:33:28.732+08:00 DEBUG 31280 --- [pfms] [restartedMain] o.s.b.f.s.DefaultListableBeanFactory     : Creating shared instance of singleton bean 'org.springframework.context.annotation.internalCommonAnnotationProcessor'
2026-06-01T20:33:28.732+08:00 DEBUG 31280 --- [pfms] [restartedMain] o.s.b.f.s.DefaultListableBeanFactory     : Creating shared instance of singleton bean 'org.springframework.context.annotation.internalPersistenceAnnotationProcessor'
2026-06-01T20:33:28.733+08:00 DEBUG 31280 --- [pfms] [restartedMain] o.s.b.f.s.DefaultListableBeanFactory     : Creating shared instance of singleton bean 'org.springframework.boot.context.properties.ConfigurationPropertiesBindingPostProcessor'
2026-06-01T20:33:28.733+08:00 DEBUG 31280 --- [pfms] [restartedMain] o.s.b.f.s.DefaultListableBeanFactory     : Creating shared instance of singleton bean 'org.springframework.boot.context.internalConfigurationPropertiesBinder'
2026-06-01T20:33:28.733+08:00 DEBUG 31280 --- [pfms] [restartedMain] o.s.b.f.s.DefaultListableBeanFactory     : Creating shared instance of singleton bean 'jdbcConnectionDetailsHikariBeanPostProcessor'
2026-06-01T20:33:28.734+08:00 DEBUG 31280 --- [pfms] [restartedMain] o.s.b.f.s.DefaultListableBeanFactory     : Creating shared instance of singleton bean 'org.springframework.scheduling.config.internalScheduledAnnotationProcessor'
2026-06-01T20:33:28.734+08:00 DEBUG 31280 --- [pfms] [restartedMain] o.s.b.f.s.DefaultListableBeanFactory     : Creating shared instance of singleton bean 'org.springframework.scheduling.annotation.SchedulingConfiguration'
2026-06-01T20:33:28.735+08:00 DEBUG 31280 --- [pfms] [restartedMain] o.s.b.f.s.DefaultListableBeanFactory     : Creating shared instance of singleton bean 'methodValidationPostProcessor'
2026-06-01T20:33:28.735+08:00 DEBUG 31280 --- [pfms] [restartedMain] o.s.b.f.s.DefaultListableBeanFactory     : Autowiring by type from bean name 'methodValidationPostProcessor' via factory method to bean named 'environment'
2026-06-01T20:33:28.736+08:00 DEBUG 31280 --- [pfms] [restartedMain] o.s.b.f.s.DefaultListableBeanFactory     : Creating shared instance of singleton bean 'org.springframework.boot.context.properties.EnableConfigurationPropertiesRegistrar.methodValidationExcludeFilter'
2026-06-01T20:33:28.738+08:00 DEBUG 31280 --- [pfms] [restartedMain] o.s.b.f.s.DefaultListableBeanFactory     : Creating shared instance of singleton bean 'org.springframework.aop.framework.autoproxy.defaultProxyConfig'
2026-06-01T20:33:28.739+08:00 DEBUG 31280 --- [pfms] [restartedMain] o.s.b.f.s.DefaultListableBeanFactory     : Creating shared instance of singleton bean 'org.springframework.aop.config.internalAutoProxyCreator'
2026-06-01T20:33:28.740+08:00 DEBUG 31280 --- [pfms] [restartedMain] o.s.b.f.s.DefaultListableBeanFactory     : Creating shared instance of singleton bean 'persistenceExceptionTranslationPostProcessor'
2026-06-01T20:33:28.741+08:00 DEBUG 31280 --- [pfms] [restartedMain] o.s.b.f.s.DefaultListableBeanFactory     : Autowiring by type from bean name 'persistenceExceptionTranslationPostProcessor' via factory method to bean named 'environment'
2026-06-01T20:33:28.741+08:00 DEBUG 31280 --- [pfms] [restartedMain] o.s.b.f.s.DefaultListableBeanFactory     : Creating shared instance of singleton bean 'projectingArgumentResolverBeanPostProcessor'
2026-06-01T20:33:28.742+08:00 DEBUG 31280 --- [pfms] [restartedMain] o.s.b.f.s.DefaultListableBeanFactory     : Creating shared instance of singleton bean 'org.springframework.transaction.config.internalTransactionAdvisor'
2026-06-01T20:33:28.742+08:00 DEBUG 31280 --- [pfms] [restartedMain] o.s.b.f.s.DefaultListableBeanFactory     : Creating shared instance of singleton bean 'org.springframework.transaction.annotation.ProxyTransactionManagementConfiguration'
2026-06-01T20:33:28.746+08:00 DEBUG 31280 --- [pfms] [restartedMain] o.s.b.f.s.DefaultListableBeanFactory     : Creating shared instance of singleton bean 'transactionAttributeSource'
2026-06-01T20:33:28.747+08:00 DEBUG 31280 --- [pfms] [restartedMain] o.s.b.f.s.DefaultListableBeanFactory     : Creating shared instance of singleton bean 'transactionInterceptor'
2026-06-01T20:33:28.748+08:00 DEBUG 31280 --- [pfms] [restartedMain] o.s.b.f.s.DefaultListableBeanFactory     : Autowiring by type from bean name 'transactionInterceptor' via factory method to bean named 'transactionAttributeSource'
2026-06-01T20:33:28.748+08:00 DEBUG 31280 --- [pfms] [restartedMain] o.s.b.f.s.DefaultListableBeanFactory     : Autowiring by type from bean name 'org.springframework.transaction.config.internalTransactionAdvisor' via factory method to bean named 'transactionAttributeSource'
2026-06-01T20:33:28.748+08:00 DEBUG 31280 --- [pfms] [restartedMain] o.s.b.f.s.DefaultListableBeanFactory     : Autowiring by type from bean name 'org.springframework.transaction.config.internalTransactionAdvisor' via factory method to bean named 'transactionInterceptor'
2026-06-01T20:33:28.749+08:00 DEBUG 31280 --- [pfms] [restartedMain] o.s.b.f.s.DefaultListableBeanFactory     : Creating shared instance of singleton bean 'webServerFactoryCustomizerBeanPostProcessor'
2026-06-01T20:33:28.750+08:00 DEBUG 31280 --- [pfms] [restartedMain] o.s.b.f.s.DefaultListableBeanFactory     : Creating shared instance of singleton bean 'errorPageRegistrarBeanPostProcessor'
2026-06-01T20:33:28.750+08:00 DEBUG 31280 --- [pfms] [restartedMain] o.s.b.f.s.DefaultListableBeanFactory     : Creating shared instance of singleton bean 'tomcatServletWebServerFactory'
2026-06-01T20:33:28.751+08:00 DEBUG 31280 --- [pfms] [restartedMain] o.s.b.f.s.DefaultListableBeanFactory     : Creating shared instance of singleton bean 'org.springframework.boot.tomcat.autoconfigure.servlet.TomcatServletWebServerAutoConfiguration'
2026-06-01T20:33:28.751+08:00 DEBUG 31280 --- [pfms] [restartedMain] o.s.b.f.s.DefaultListableBeanFactory     : Creating shared instance of singleton bean 'server.tomcat-org.springframework.boot.tomcat.autoconfigure.TomcatServerProperties'
2026-06-01T20:33:28.752+08:00 DEBUG 31280 --- [pfms] [restartedMain] o.s.b.f.s.DefaultListableBeanFactory     : Creating shared instance of singleton bean 'org.springframework.boot.context.properties.BoundConfigurationProperties'
2026-06-01T20:33:28.754+08:00 DEBUG 31280 --- [pfms] [restartedMain] o.s.b.f.s.DefaultListableBeanFactory     : Autowiring by type from bean name 'org.springframework.boot.tomcat.autoconfigure.servlet.TomcatServletWebServerAutoConfiguration' via constructor to bean named 'server.tomcat-org.springframework.boot.tomcat.autoconfigure.TomcatServerProperties'
2026-06-01T20:33:28.757+08:00 DEBUG 31280 --- [pfms] [restartedMain] o.s.b.f.s.DefaultListableBeanFactory     : Creating shared instance of singleton bean 'servletWebServerFactoryCustomizer'
2026-06-01T20:33:28.758+08:00 DEBUG 31280 --- [pfms] [restartedMain] o.s.b.f.s.DefaultListableBeanFactory     : Creating shared instance of singleton bean 'org.springframework.boot.web.server.autoconfigure.servlet.ServletWebServerConfiguration'
2026-06-01T20:33:28.759+08:00 DEBUG 31280 --- [pfms] [restartedMain] o.s.b.f.s.DefaultListableBeanFactory     : Creating shared instance of singleton bean 'server-org.springframework.boot.web.server.autoconfigure.ServerProperties'
2026-06-01T20:33:28.762+08:00 DEBUG 31280 --- [pfms] [restartedMain] o.s.b.f.s.DefaultListableBeanFactory     : Autowiring by type from bean name 'servletWebServerFactoryCustomizer' via factory method to bean named 'server-org.springframework.boot.web.server.autoconfigure.ServerProperties'
2026-06-01T20:33:28.763+08:00 DEBUG 31280 --- [pfms] [restartedMain] o.s.b.f.s.DefaultListableBeanFactory     : Creating shared instance of singleton bean 'sslBundleRegistry'
2026-06-01T20:33:28.764+08:00 DEBUG 31280 --- [pfms] [restartedMain] o.s.b.f.s.DefaultListableBeanFactory     : Creating shared instance of singleton bean 'org.springframework.boot.autoconfigure.ssl.SslAutoConfiguration'
2026-06-01T20:33:28.764+08:00 DEBUG 31280 --- [pfms] [restartedMain] o.s.b.f.s.DefaultListableBeanFactory     : Creating shared instance of singleton bean 'spring.ssl-org.springframework.boot.autoconfigure.ssl.SslProperties'
2026-06-01T20:33:28.765+08:00 DEBUG 31280 --- [pfms] [restartedMain] o.s.b.f.s.DefaultListableBeanFactory     : Autowiring by type from bean name 'org.springframework.boot.autoconfigure.ssl.SslAutoConfiguration' via constructor to bean named 'org.springframework.boot.web.server.servlet.context.AnnotationConfigServletWebServerApplicationContext@5a013a75'
2026-06-01T20:33:28.765+08:00 DEBUG 31280 --- [pfms] [restartedMain] o.s.b.f.s.DefaultListableBeanFactory     : Autowiring by type from bean name 'org.springframework.boot.autoconfigure.ssl.SslAutoConfiguration' via constructor to bean named 'spring.ssl-org.springframework.boot.autoconfigure.ssl.SslProperties'
2026-06-01T20:33:28.767+08:00 DEBUG 31280 --- [pfms] [restartedMain] o.s.b.f.s.DefaultListableBeanFactory     : Creating shared instance of singleton bean 'sslPropertiesSslBundleRegistrar'
2026-06-01T20:33:28.768+08:00 DEBUG 31280 --- [pfms] [restartedMain] o.s.b.f.s.DefaultListableBeanFactory     : Creating shared instance of singleton bean 'fileWatcher'
2026-06-01T20:33:28.768+08:00 DEBUG 31280 --- [pfms] [restartedMain] o.s.b.f.s.DefaultListableBeanFactory     : Autowiring by type from bean name 'sslPropertiesSslBundleRegistrar' via factory method to bean named 'fileWatcher'
2026-06-01T20:33:28.769+08:00 DEBUG 31280 --- [pfms] [restartedMain] o.s.b.f.s.DefaultListableBeanFactory     : Creating shared instance of singleton bean 'webSocketWebServerCustomizer'
2026-06-01T20:33:28.769+08:00 DEBUG 31280 --- [pfms] [restartedMain] o.s.b.f.s.DefaultListableBeanFactory     : Creating shared instance of singleton bean 'org.springframework.boot.tomcat.autoconfigure.TomcatWebServerConfiguration$TomcatWebSocketConfiguration'
2026-06-01T20:33:28.770+08:00 DEBUG 31280 --- [pfms] [restartedMain] o.s.b.f.s.DefaultListableBeanFactory     : Creating shared instance of singleton bean 'tomcatWebServerFactoryCustomizer'
2026-06-01T20:33:28.770+08:00 DEBUG 31280 --- [pfms] [restartedMain] o.s.b.f.s.DefaultListableBeanFactory     : Creating shared instance of singleton bean 'org.springframework.boot.tomcat.autoconfigure.TomcatWebServerConfiguration'
2026-06-01T20:33:28.772+08:00 DEBUG 31280 --- [pfms] [restartedMain] o.s.b.f.s.DefaultListableBeanFactory     : Creating shared instance of singleton bean 'spring.web-org.springframework.boot.autoconfigure.web.WebProperties'
2026-06-01T20:33:28.775+08:00 DEBUG 31280 --- [pfms] [restartedMain] o.s.b.f.s.DefaultListableBeanFactory     : Autowiring by type from bean name 'tomcatWebServerFactoryCustomizer' via factory method to bean named 'environment'
2026-06-01T20:33:28.776+08:00 DEBUG 31280 --- [pfms] [restartedMain] o.s.b.f.s.DefaultListableBeanFactory     : Autowiring by type from bean name 'tomcatWebServerFactoryCustomizer' via factory method to bean named 'server-org.springframework.boot.web.server.autoconfigure.ServerProperties'
2026-06-01T20:33:28.776+08:00 DEBUG 31280 --- [pfms] [restartedMain] o.s.b.f.s.DefaultListableBeanFactory     : Autowiring by type from bean name 'tomcatWebServerFactoryCustomizer' via factory method to bean named 'server.tomcat-org.springframework.boot.tomcat.autoconfigure.TomcatServerProperties'
2026-06-01T20:33:28.776+08:00 DEBUG 31280 --- [pfms] [restartedMain] o.s.b.f.s.DefaultListableBeanFactory     : Autowiring by type from bean name 'tomcatWebServerFactoryCustomizer' via factory method to bean named 'spring.web-org.springframework.boot.autoconfigure.web.WebProperties'
2026-06-01T20:33:28.777+08:00 DEBUG 31280 --- [pfms] [restartedMain] o.s.b.f.s.DefaultListableBeanFactory     : Creating shared instance of singleton bean 'tomcatServletWebServerFactoryCustomizer'
2026-06-01T20:33:28.777+08:00 DEBUG 31280 --- [pfms] [restartedMain] o.s.b.f.s.DefaultListableBeanFactory     : Autowiring by type from bean name 'tomcatServletWebServerFactoryCustomizer' via factory method to bean named 'server.tomcat-org.springframework.boot.tomcat.autoconfigure.TomcatServerProperties'
2026-06-01T20:33:28.778+08:00 DEBUG 31280 --- [pfms] [restartedMain] o.s.b.f.s.DefaultListableBeanFactory     : Creating shared instance of singleton bean 'errorPageCustomizer'
2026-06-01T20:33:28.779+08:00 DEBUG 31280 --- [pfms] [restartedMain] o.s.b.f.s.DefaultListableBeanFactory     : Creating shared instance of singleton bean 'org.springframework.boot.webmvc.autoconfigure.error.ErrorMvcAutoConfiguration'
2026-06-01T20:33:28.779+08:00 DEBUG 31280 --- [pfms] [restartedMain] o.s.b.f.s.DefaultListableBeanFactory     : Autowiring by type from bean name 'org.springframework.boot.webmvc.autoconfigure.error.ErrorMvcAutoConfiguration' via constructor to bean named 'spring.web-org.springframework.boot.autoconfigure.web.WebProperties'
2026-06-01T20:33:28.780+08:00 DEBUG 31280 --- [pfms] [restartedMain] o.s.b.f.s.DefaultListableBeanFactory     : Creating shared instance of singleton bean 'dispatcherServletRegistration'
2026-06-01T20:33:28.780+08:00 DEBUG 31280 --- [pfms] [restartedMain] o.s.b.f.s.DefaultListableBeanFactory     : Creating shared instance of singleton bean 'org.springframework.boot.webmvc.autoconfigure.DispatcherServletAutoConfiguration$DispatcherServletRegistrationConfiguration'
2026-06-01T20:33:28.781+08:00 DEBUG 31280 --- [pfms] [restartedMain] o.s.b.f.s.DefaultListableBeanFactory     : Creating shared instance of singleton bean 'dispatcherServlet'
2026-06-01T20:33:28.782+08:00 DEBUG 31280 --- [pfms] [restartedMain] o.s.b.f.s.DefaultListableBeanFactory     : Creating shared instance of singleton bean 'org.springframework.boot.webmvc.autoconfigure.DispatcherServletAutoConfiguration$DispatcherServletConfiguration'
2026-06-01T20:33:28.782+08:00 DEBUG 31280 --- [pfms] [restartedMain] o.s.b.f.s.DefaultListableBeanFactory     : Creating shared instance of singleton bean 'spring.mvc-org.springframework.boot.webmvc.autoconfigure.WebMvcProperties'
2026-06-01T20:33:28.782+08:00 DEBUG 31280 --- [pfms] [restartedMain] o.s.b.f.s.DefaultListableBeanFactory     : Autowiring by type from bean name 'dispatcherServlet' via factory method to bean named 'spring.mvc-org.springframework.boot.webmvc.autoconfigure.WebMvcProperties'
2026-06-01T20:33:28.782+08:00 DEBUG 31280 --- [pfms] [restartedMain] o.s.b.f.s.DefaultListableBeanFactory     : Autowiring by type from bean name 'dispatcherServletRegistration' via factory method to bean named 'dispatcherServlet'
2026-06-01T20:33:28.782+08:00 DEBUG 31280 --- [pfms] [restartedMain] o.s.b.f.s.DefaultListableBeanFactory     : Autowiring by type from bean name 'dispatcherServletRegistration' via factory method to bean named 'spring.mvc-org.springframework.boot.webmvc.autoconfigure.WebMvcProperties'
2026-06-01T20:33:28.782+08:00 DEBUG 31280 --- [pfms] [restartedMain] o.s.b.f.s.DefaultListableBeanFactory     : Creating shared instance of singleton bean 'multipartConfigElement'
2026-06-01T20:33:28.782+08:00 DEBUG 31280 --- [pfms] [restartedMain] o.s.b.f.s.DefaultListableBeanFactory     : Creating shared instance of singleton bean 'org.springframework.boot.servlet.autoconfigure.MultipartAutoConfiguration'
2026-06-01T20:33:28.786+08:00 DEBUG 31280 --- [pfms] [restartedMain] o.s.b.f.s.DefaultListableBeanFactory     : Creating shared instance of singleton bean 'spring.servlet.multipart-org.springframework.boot.servlet.autoconfigure.MultipartProperties'
2026-06-01T20:33:28.787+08:00 DEBUG 31280 --- [pfms] [restartedMain] o.s.b.f.s.DefaultListableBeanFactory     : Autowiring by type from bean name 'org.springframework.boot.servlet.autoconfigure.MultipartAutoConfiguration' via constructor to bean named 'spring.servlet.multipart-org.springframework.boot.servlet.autoconfigure.MultipartProperties'
2026-06-01T20:33:28.788+08:00 DEBUG 31280 --- [pfms] [restartedMain] o.s.b.f.s.DefaultListableBeanFactory     : Autowiring by type from bean name 'errorPageCustomizer' via factory method to bean named 'dispatcherServletRegistration'
2026-06-01T20:33:28.793+08:00 DEBUG 31280 --- [pfms] [restartedMain] o.s.b.t.s.TomcatServletWebServerFactory  : Code archive: C:\Users\Adrian Tang\.m2\repository\org\springframework\boot\spring-boot-web-server\4.0.6\spring-boot-web-server-4.0.6.jar
2026-06-01T20:33:28.793+08:00 DEBUG 31280 --- [pfms] [restartedMain] o.s.b.t.s.TomcatServletWebServerFactory  : Code archive: C:\Users\Adrian Tang\.m2\repository\org\springframework\boot\spring-boot-web-server\4.0.6\spring-boot-web-server-4.0.6.jar
2026-06-01T20:33:28.796+08:00 DEBUG 31280 --- [pfms] [restartedMain] o.s.b.t.s.TomcatServletWebServerFactory  : None of the document roots [src/main/webapp, public, static] point to a directory and will be ignored.
2026-06-01T20:33:28.808+08:00  INFO 31280 --- [pfms] [restartedMain] o.s.boot.tomcat.TomcatWebServer          : Tomcat initialized with port 8080 (http)
2026-06-01T20:33:28.808+08:00  INFO 31280 --- [pfms] [restartedMain] o.apache.catalina.core.StandardService   : Starting service [Tomcat]
2026-06-01T20:33:28.809+08:00  INFO 31280 --- [pfms] [restartedMain] o.apache.catalina.core.StandardEngine    : Starting Servlet engine: [Apache Tomcat/11.0.21]
2026-06-01T20:33:28.880+08:00 DEBUG 31280 --- [pfms] [restartedMain] b.w.c.s.WebApplicationContextInitializer : Published root WebApplicationContext as ServletContext attribute with name [org.springframework.web.context.WebApplicationContext.ROOT]
2026-06-01T20:33:28.880+08:00  INFO 31280 --- [pfms] [restartedMain] b.w.c.s.WebApplicationContextInitializer : Root WebApplicationContext: initialization completed in 458 ms
2026-06-01T20:33:28.882+08:00 DEBUG 31280 --- [pfms] [restartedMain] o.s.b.f.s.DefaultListableBeanFactory     : Creating shared instance of singleton bean 'requestContextFilter'
2026-06-01T20:33:28.885+08:00 DEBUG 31280 --- [pfms] [restartedMain] o.s.b.f.s.DefaultListableBeanFactory     : Creating shared instance of singleton bean 'formContentFilter'
2026-06-01T20:33:28.885+08:00 DEBUG 31280 --- [pfms] [restartedMain] o.s.b.f.s.DefaultListableBeanFactory     : Creating shared instance of singleton bean 'org.springframework.boot.webmvc.autoconfigure.WebMvcAutoConfiguration'
2026-06-01T20:33:28.888+08:00 DEBUG 31280 --- [pfms] [restartedMain] o.s.b.f.s.DefaultListableBeanFactory     : Creating shared instance of singleton bean 'characterEncodingFilter'
2026-06-01T20:33:28.888+08:00 DEBUG 31280 --- [pfms] [restartedMain] o.s.b.f.s.DefaultListableBeanFactory     : Creating shared instance of singleton bean 'org.springframework.boot.servlet.autoconfigure.HttpEncodingAutoConfiguration'
2026-06-01T20:33:28.889+08:00 DEBUG 31280 --- [pfms] [restartedMain] o.s.b.f.s.DefaultListableBeanFactory     : Creating shared instance of singleton bean 'spring.servlet.encoding-org.springframework.boot.servlet.autoconfigure.ServletEncodingProperties'
2026-06-01T20:33:28.891+08:00 DEBUG 31280 --- [pfms] [restartedMain] o.s.b.f.s.DefaultListableBeanFactory     : Autowiring by type from bean name 'characterEncodingFilter' via factory method to bean named 'spring.servlet.encoding-org.springframework.boot.servlet.autoconfigure.ServletEncodingProperties'
2026-06-01T20:33:28.894+08:00 DEBUG 31280 --- [pfms] [restartedMain] o.s.b.w.s.ServletContextInitializerBeans : Mapping filters: characterEncodingFilter urls=[/*] order=-2147483648, formContentFilter urls=[/*] order=-9900, requestContextFilter urls=[/*] order=-105
2026-06-01T20:33:28.894+08:00 DEBUG 31280 --- [pfms] [restartedMain] o.s.b.w.s.ServletContextInitializerBeans : Mapping servlets: dispatcherServlet urls=[/]
2026-06-01T20:33:28.896+08:00 DEBUG 31280 --- [pfms] [restartedMain] o.s.b.s.f.OrderedRequestContextFilter    : Filter 'requestContextFilter' configured for use
2026-06-01T20:33:28.896+08:00 DEBUG 31280 --- [pfms] [restartedMain] o.s.b.s.f.OrderedCharacterEncodingFilter : Filter 'characterEncodingFilter' configured for use
2026-06-01T20:33:28.896+08:00 DEBUG 31280 --- [pfms] [restartedMain] o.s.b.s.filter.OrderedFormContentFilter  : Filter 'formContentFilter' configured for use
2026-06-01T20:33:28.898+08:00 DEBUG 31280 --- [pfms] [restartedMain] o.s.b.f.s.DefaultListableBeanFactory     : Creating shared instance of singleton bean 'applicationTaskExecutor'
2026-06-01T20:33:28.898+08:00 DEBUG 31280 --- [pfms] [restartedMain] o.s.b.f.s.DefaultListableBeanFactory     : Creating shared instance of singleton bean 'org.springframework.boot.autoconfigure.task.TaskExecutorConfigurations$TaskExecutorConfiguration'
2026-06-01T20:33:28.899+08:00 DEBUG 31280 --- [pfms] [restartedMain] o.s.b.f.s.DefaultListableBeanFactory     : Creating shared instance of singleton bean 'threadPoolTaskExecutorBuilder'
2026-06-01T20:33:28.899+08:00 DEBUG 31280 --- [pfms] [restartedMain] o.s.b.f.s.DefaultListableBeanFactory     : Creating shared instance of singleton bean 'org.springframework.boot.autoconfigure.task.TaskExecutorConfigurations$ThreadPoolTaskExecutorBuilderConfiguration'
2026-06-01T20:33:28.900+08:00 DEBUG 31280 --- [pfms] [restartedMain] o.s.b.f.s.DefaultListableBeanFactory     : Creating shared instance of singleton bean 'spring.task.execution-org.springframework.boot.autoconfigure.task.TaskExecutionProperties'
2026-06-01T20:33:28.902+08:00 DEBUG 31280 --- [pfms] [restartedMain] o.s.b.f.s.DefaultListableBeanFactory     : Autowiring by type from bean name 'threadPoolTaskExecutorBuilder' via factory method to bean named 'spring.task.execution-org.springframework.boot.autoconfigure.task.TaskExecutionProperties'
2026-06-01T20:33:28.904+08:00 DEBUG 31280 --- [pfms] [restartedMain] o.s.b.f.s.DefaultListableBeanFactory     : Autowiring by type from bean name 'applicationTaskExecutor' via factory method to bean named 'threadPoolTaskExecutorBuilder'
2026-06-01T20:33:28.905+08:00 DEBUG 31280 --- [pfms] [restartedMain] o.s.s.concurrent.ThreadPoolTaskExecutor  : Initializing ExecutorService 'applicationTaskExecutor'
2026-06-01T20:33:28.906+08:00 DEBUG 31280 --- [pfms] [restartedMain] o.s.b.f.s.DefaultListableBeanFactory     : Creating shared instance of singleton bean 'inMemoryDatabaseShutdownExecutor'
2026-06-01T20:33:28.906+08:00 DEBUG 31280 --- [pfms] [restartedMain] o.s.b.f.s.DefaultListableBeanFactory     : Creating shared instance of singleton bean 'org.springframework.boot.devtools.autoconfigure.DevToolsDataSourceAutoConfiguration'
2026-06-01T20:33:28.906+08:00 DEBUG 31280 --- [pfms] [restartedMain] o.s.b.f.s.DefaultListableBeanFactory     : Creating shared instance of singleton bean 'dataSource'
2026-06-01T20:33:28.907+08:00 DEBUG 31280 --- [pfms] [restartedMain] o.s.b.f.s.DefaultListableBeanFactory     : Creating shared instance of singleton bean 'org.springframework.boot.jdbc.autoconfigure.DataSourceConfiguration$Hikari'
2026-06-01T20:33:28.908+08:00 DEBUG 31280 --- [pfms] [restartedMain] o.s.b.f.s.DefaultListableBeanFactory     : Creating shared instance of singleton bean 'spring.datasource-org.springframework.boot.jdbc.autoconfigure.DataSourceProperties'
2026-06-01T20:33:28.911+08:00 DEBUG 31280 --- [pfms] [restartedMain] o.s.b.f.s.DefaultListableBeanFactory     : Creating shared instance of singleton bean 'jdbcConnectionDetails'
2026-06-01T20:33:28.911+08:00 DEBUG 31280 --- [pfms] [restartedMain] o.s.b.f.s.DefaultListableBeanFactory     : Creating shared instance of singleton bean 'org.springframework.boot.jdbc.autoconfigure.DataSourceAutoConfiguration$PooledDataSourceConfiguration'
2026-06-01T20:33:28.912+08:00 DEBUG 31280 --- [pfms] [restartedMain] o.s.b.f.s.DefaultListableBeanFactory     : Autowiring by type from bean name 'jdbcConnectionDetails' via factory method to bean named 'spring.datasource-org.springframework.boot.jdbc.autoconfigure.DataSourceProperties'
2026-06-01T20:33:28.912+08:00 DEBUG 31280 --- [pfms] [restartedMain] o.s.b.f.s.DefaultListableBeanFactory     : Autowiring by type from bean name 'dataSource' via factory method to bean named 'spring.datasource-org.springframework.boot.jdbc.autoconfigure.DataSourceProperties'
2026-06-01T20:33:28.912+08:00 DEBUG 31280 --- [pfms] [restartedMain] o.s.b.f.s.DefaultListableBeanFactory     : Autowiring by type from bean name 'dataSource' via factory method to bean named 'jdbcConnectionDetails'
2026-06-01T20:33:28.912+08:00 DEBUG 31280 --- [pfms] [restartedMain] o.s.b.f.s.DefaultListableBeanFactory     : Autowiring by type from bean name 'dataSource' via factory method to bean named 'environment'
2026-06-01T20:33:28.918+08:00 DEBUG 31280 --- [pfms] [restartedMain] o.s.b.f.s.DefaultListableBeanFactory     : Autowiring by type from bean name 'inMemoryDatabaseShutdownExecutor' via factory method to bean named 'dataSource'
2026-06-01T20:33:28.918+08:00 DEBUG 31280 --- [pfms] [restartedMain] o.s.b.f.s.DefaultListableBeanFactory     : Autowiring by type from bean name 'inMemoryDatabaseShutdownExecutor' via factory method to bean named 'spring.datasource-org.springframework.boot.jdbc.autoconfigure.DataSourceProperties'
2026-06-01T20:33:28.919+08:00 DEBUG 31280 --- [pfms] [restartedMain] o.s.b.f.s.DefaultListableBeanFactory     : Creating shared instance of singleton bean 'dataSourceScriptDatabaseInitializer'
2026-06-01T20:33:28.919+08:00 DEBUG 31280 --- [pfms] [restartedMain] o.s.b.f.s.DefaultListableBeanFactory     : Creating shared instance of singleton bean 'org.springframework.boot.jdbc.autoconfigure.DataSourceInitializationAutoConfiguration'
2026-06-01T20:33:28.920+08:00 DEBUG 31280 --- [pfms] [restartedMain] o.s.b.f.s.DefaultListableBeanFactory     : Creating shared instance of singleton bean 'spring.sql.init-org.springframework.boot.sql.autoconfigure.init.SqlInitializationProperties'
2026-06-01T20:33:28.920+08:00 DEBUG 31280 --- [pfms] [restartedMain] o.s.b.f.s.DefaultListableBeanFactory     : Autowiring by type from bean name 'dataSourceScriptDatabaseInitializer' via factory method to bean named 'dataSource'
2026-06-01T20:33:28.920+08:00 DEBUG 31280 --- [pfms] [restartedMain] o.s.b.f.s.DefaultListableBeanFactory     : Autowiring by type from bean name 'dataSourceScriptDatabaseInitializer' via factory method to bean named 'spring.sql.init-org.springframework.boot.sql.autoconfigure.init.SqlInitializationProperties'
2026-06-01T20:33:28.923+08:00 DEBUG 31280 --- [pfms] [restartedMain] o.s.b.f.s.DefaultListableBeanFactory     : Creating shared instance of singleton bean 'entityManagerFactory'
2026-06-01T20:33:28.923+08:00 DEBUG 31280 --- [pfms] [restartedMain] o.s.b.f.s.DefaultListableBeanFactory     : Creating shared instance of singleton bean 'org.springframework.boot.hibernate.autoconfigure.HibernateJpaConfiguration'
2026-06-01T20:33:28.924+08:00 DEBUG 31280 --- [pfms] [restartedMain] o.s.b.f.s.DefaultListableBeanFactory     : Creating shared instance of singleton bean 'spring.jpa-org.springframework.boot.jpa.autoconfigure.JpaProperties'
2026-06-01T20:33:28.927+08:00 DEBUG 31280 --- [pfms] [restartedMain] o.s.b.f.s.DefaultListableBeanFactory     : Creating shared instance of singleton bean 'spring.jpa.hibernate-org.springframework.boot.hibernate.autoconfigure.HibernateProperties'
2026-06-01T20:33:28.929+08:00 DEBUG 31280 --- [pfms] [restartedMain] o.s.b.f.s.DefaultListableBeanFactory     : Autowiring by type from bean name 'org.springframework.boot.hibernate.autoconfigure.HibernateJpaConfiguration' via constructor to bean named 'dataSource'
2026-06-01T20:33:28.929+08:00 DEBUG 31280 --- [pfms] [restartedMain] o.s.b.f.s.DefaultListableBeanFactory     : Autowiring by type from bean name 'org.springframework.boot.hibernate.autoconfigure.HibernateJpaConfiguration' via constructor to bean named 'spring.jpa-org.springframework.boot.jpa.autoconfigure.JpaProperties'
2026-06-01T20:33:28.929+08:00 DEBUG 31280 --- [pfms] [restartedMain] o.s.b.f.s.DefaultListableBeanFactory     : Autowiring by type from bean name 'org.springframework.boot.hibernate.autoconfigure.HibernateJpaConfiguration' via constructor to bean named 'org.springframework.beans.factory.support.DefaultListableBeanFactory@72556e79'
2026-06-01T20:33:28.930+08:00 DEBUG 31280 --- [pfms] [restartedMain] o.s.b.f.s.DefaultListableBeanFactory     : Autowiring by type from bean name 'org.springframework.boot.hibernate.autoconfigure.HibernateJpaConfiguration' via constructor to bean named 'spring.jpa.hibernate-org.springframework.boot.hibernate.autoconfigure.HibernateProperties'
2026-06-01T20:33:28.931+08:00 DEBUG 31280 --- [pfms] [restartedMain] o.s.b.f.s.DefaultListableBeanFactory     : Creating shared instance of singleton bean 'hikariPoolDataSourceMetadataProvider'
2026-06-01T20:33:28.931+08:00 DEBUG 31280 --- [pfms] [restartedMain] o.s.b.f.s.DefaultListableBeanFactory     : Creating shared instance of singleton bean 'org.springframework.boot.jdbc.autoconfigure.DataSourcePoolMetadataProvidersConfiguration$HikariPoolDataSourceMetadataProviderConfiguration'
2026-06-01T20:33:28.932+08:00 DEBUG 31280 --- [pfms] [restartedMain] o.s.b.f.s.DefaultListableBeanFactory     : Creating shared instance of singleton bean 'entityManagerFactoryBuilder'
2026-06-01T20:33:28.933+08:00 DEBUG 31280 --- [pfms] [restartedMain] o.s.b.f.s.DefaultListableBeanFactory     : Creating shared instance of singleton bean 'jpaVendorAdapter'
2026-06-01T20:33:28.933+08:00 DEBUG 31280 --- [pfms] [restartedMain] o.s.b.f.s.DefaultListableBeanFactory     : Autowiring by type from bean name 'entityManagerFactoryBuilder' via factory method to bean named 'jpaVendorAdapter'
2026-06-01T20:33:28.934+08:00 DEBUG 31280 --- [pfms] [restartedMain] o.s.b.f.s.DefaultListableBeanFactory     : Creating shared instance of singleton bean 'persistenceManagedTypes'
2026-06-01T20:33:28.935+08:00 DEBUG 31280 --- [pfms] [restartedMain] o.s.b.f.s.DefaultListableBeanFactory     : Autowiring by type from bean name 'persistenceManagedTypes' via factory method to bean named 'org.springframework.beans.factory.support.DefaultListableBeanFactory@72556e79'
2026-06-01T20:33:28.935+08:00 DEBUG 31280 --- [pfms] [restartedMain] o.s.b.f.s.DefaultListableBeanFactory     : Autowiring by type from bean name 'persistenceManagedTypes' via factory method to bean named 'org.springframework.boot.web.server.servlet.context.AnnotationConfigServletWebServerApplicationContext@5a013a75'
2026-06-01T20:33:28.942+08:00 DEBUG 31280 --- [pfms] [restartedMain] o.s.b.f.s.DefaultListableBeanFactory     : Autowiring by type from bean name 'entityManagerFactory' via factory method to bean named 'entityManagerFactoryBuilder'
2026-06-01T20:33:28.942+08:00 DEBUG 31280 --- [pfms] [restartedMain] o.s.b.f.s.DefaultListableBeanFactory     : Autowiring by type from bean name 'entityManagerFactory' via factory method to bean named 'persistenceManagedTypes'
2026-06-01T20:33:28.944+08:00 DEBUG 31280 --- [pfms] [restartedMain] j.LocalContainerEntityManagerFactoryBean : Building JPA container EntityManagerFactory for persistence unit 'default'
2026-06-01T20:33:28.944+08:00  INFO 31280 --- [pfms] [restartedMain] org.hibernate.orm.jpa                    : HHH008540: Processing PersistenceUnitInfo [name: default]
2026-06-01T20:33:28.947+08:00 DEBUG 31280 --- [pfms] [restartedMain] o.s.o.jpa.hibernate.SpringBeanContainer  : Falling back to Hibernate's default producer after bean creation failure for interface org.hibernate.engine.jdbc.connections.spi.MultiTenantConnectionProvider: org.springframework.beans.factory.BeanCreationException: Error creating bean with name 'org.hibernate.engine.jdbc.connections.spi.MultiTenantConnectionProvider': Failed to instantiate [org.hibernate.engine.jdbc.connections.spi.MultiTenantConnectionProvider]: Specified class is an interface
2026-06-01T20:33:28.990+08:00  INFO 31280 --- [pfms] [restartedMain] o.s.o.j.p.SpringPersistenceUnitInfo      : No LoadTimeWeaver setup: ignoring JPA class transformer
2026-06-01T20:33:28.993+08:00  INFO 31280 --- [pfms] [restartedMain] com.zaxxer.hikari.HikariDataSource       : HikariPool-2 - Starting...
2026-06-01T20:33:29.084+08:00  INFO 31280 --- [pfms] [restartedMain] com.zaxxer.hikari.pool.HikariPool        : HikariPool-2 - Added connection org.postgresql.jdbc.PgConnection@550fed2a
2026-06-01T20:33:29.084+08:00  INFO 31280 --- [pfms] [restartedMain] com.zaxxer.hikari.HikariDataSource       : HikariPool-2 - Start completed.
2026-06-01T20:33:29.091+08:00  WARN 31280 --- [pfms] [restartedMain] org.hibernate.orm.deprecation            : HHH90000025: PostgreSQLDialect does not need to be specified explicitly using 'hibernate.dialect' (remove the property setting and it will be selected by default)
2026-06-01T20:33:29.098+08:00  INFO 31280 --- [pfms] [restartedMain] org.hibernate.orm.connections.pooling    : HHH10001005: Database info:
	Database JDBC URL [jdbc:postgresql://localhost:5432/postgres]
	Database driver: PostgreSQL JDBC Driver
	Database dialect: PostgreSQLDialect
	Database version: 17.4
	Default catalog/schema: postgres/public
	Autocommit mode: undefined/unknown
	Isolation level: READ_COMMITTED [default READ_COMMITTED]
	JDBC fetch size: none
	Pool: DataSourceConnectionProvider
	Minimum pool size: undefined/unknown
	Maximum pool size: undefined/unknown
2026-06-01T20:33:29.128+08:00 DEBUG 31280 --- [pfms] [restartedMain] o.s.o.jpa.hibernate.SpringBeanContainer  : Falling back to Hibernate's default producer after bean creation failure for interface org.hibernate.context.spi.CurrentTenantIdentifierResolver: org.springframework.beans.factory.NoSuchBeanDefinitionException: No qualifying bean of type 'org.hibernate.context.spi.CurrentTenantIdentifierResolver<?>' available
2026-06-01T20:33:29.129+08:00 DEBUG 31280 --- [pfms] [restartedMain] o.s.o.jpa.hibernate.SpringBeanContainer  : Falling back to Hibernate's default producer after bean creation failure for interface org.hibernate.context.spi.TenantSchemaMapper: org.springframework.beans.factory.NoSuchBeanDefinitionException: No qualifying bean of type 'org.hibernate.context.spi.TenantSchemaMapper<?>' available
2026-06-01T20:33:29.255+08:00  INFO 31280 --- [pfms] [restartedMain] org.hibernate.orm.core                   : HHH000489: No JTA platform available (set 'hibernate.transaction.jta.platform' to enable JTA platform integration)
2026-06-01T20:33:29.315+08:00 DEBUG 31280 --- [pfms] [restartedMain] org.hibernate.SQL                        : 
    create table budget (
        id bigint generated by default as identity,
        allowancesForParents numeric(10,2),
        debt numeric(10,2),
        food numeric(10,2),
        groceries numeric(10,2),
        haircut numeric(10,2),
        income numeric(10,2),
        insurance numeric(10,2),
        internet numeric(10,2),
        medical numeric(10,2),
        misc numeric(10,2),
        mobilePhone numeric(10,2),
        month varchar(7) not null,
        mortgage numeric(10,2),
        retirement numeric(10,2),
        savings numeric(10,2),
        tax numeric(10,2),
        transport numeric(10,2),
        utilities numeric(10,2),
        primary key (id)
    )
2026-06-01T20:33:29.332+08:00 DEBUG 31280 --- [pfms] [restartedMain] org.hibernate.SQL                        : 
    create table expense (
        id bigint generated by default as identity,
        aia numeric(10,2),
        allowancesForParents numeric(10,2),
        breakfast numeric(10,2),
        criticare numeric(10,2),
        date date not null,
        debt numeric(10,2),
        dinner numeric(10,2),
        eatingOut numeric(10,2),
        entertainment numeric(10,2),
        groceries numeric(10,2),
        haircut numeric(10,2),
        holiday numeric(10,2),
        incomeTax numeric(10,2),
        internet numeric(10,2),
        lunch numeric(10,2),
        medical numeric(10,2),
        mobilePhone numeric(10,2),
        mortgage numeric(10,2),
        others numeric(10,2),
        privateTransport numeric(10,2),
        propertyTax numeric(10,2),
        publicTransport numeric(10,2),
        shopping numeric(10,2),
        sports numeric(10,2),
        tech numeric(10,2),
        termProtector numeric(10,2),
        utilities numeric(10,2),
        primary key (id)
    )
2026-06-01T20:33:29.339+08:00 DEBUG 31280 --- [pfms] [restartedMain] org.hibernate.SQL                        : 
    alter table if exists budget 
       drop constraint if exists UK725dtfs6sch1s9wxfeiuejurf
2026-06-01T20:33:29.342+08:00  WARN 31280 --- [pfms] [restartedMain] org.hibernate.orm.jdbc.warn              : HHH000247: ErrorCode: 0, SQLState: 00000
2026-06-01T20:33:29.343+08:00  WARN 31280 --- [pfms] [restartedMain] org.hibernate.orm.jdbc.warn              : constraint "uk725dtfs6sch1s9wxfeiuejurf" of relation "budget" does not exist, skipping
2026-06-01T20:33:29.343+08:00 DEBUG 31280 --- [pfms] [restartedMain] org.hibernate.SQL                        : 
    alter table if exists budget 
       add constraint UK725dtfs6sch1s9wxfeiuejurf unique (month)
2026-06-01T20:33:29.348+08:00 DEBUG 31280 --- [pfms] [restartedMain] org.hibernate.SQL                        : 
    alter table if exists expense 
       drop constraint if exists UKkegwcci20v1vkmen9oskwgji0
2026-06-01T20:33:29.349+08:00  WARN 31280 --- [pfms] [restartedMain] org.hibernate.orm.jdbc.warn              : HHH000247: ErrorCode: 0, SQLState: 00000
2026-06-01T20:33:29.349+08:00  WARN 31280 --- [pfms] [restartedMain] org.hibernate.orm.jdbc.warn              : constraint "ukkegwcci20v1vkmen9oskwgji0" of relation "expense" does not exist, skipping
2026-06-01T20:33:29.350+08:00 DEBUG 31280 --- [pfms] [restartedMain] org.hibernate.SQL                        : 
    alter table if exists expense 
       add constraint UKkegwcci20v1vkmen9oskwgji0 unique (date)
2026-06-01T20:33:29.353+08:00  INFO 31280 --- [pfms] [restartedMain] j.LocalContainerEntityManagerFactoryBean : Initialized JPA EntityManagerFactory for persistence unit 'default'
2026-06-01T20:33:29.376+08:00 DEBUG 31280 --- [pfms] [restartedMain] o.s.b.f.s.DefaultListableBeanFactory     : Creating shared instance of singleton bean 'pfmsApplication'
2026-06-01T20:33:29.377+08:00 DEBUG 31280 --- [pfms] [restartedMain] o.s.b.f.s.DefaultListableBeanFactory     : Creating shared instance of singleton bean 'budgetController'
2026-06-01T20:33:29.381+08:00 DEBUG 31280 --- [pfms] [restartedMain] o.s.b.f.s.DefaultListableBeanFactory     : Creating shared instance of singleton bean 'budgetService'
2026-06-01T20:33:29.387+08:00 DEBUG 31280 --- [pfms] [restartedMain] o.s.b.f.s.DefaultListableBeanFactory     : Creating shared instance of singleton bean 'budgetDAO'
2026-06-01T20:33:29.393+08:00 DEBUG 31280 --- [pfms] [restartedMain] o.s.b.f.s.DefaultListableBeanFactory     : Creating shared instance of singleton bean 'jpa.named-queries#1'
2026-06-01T20:33:29.397+08:00 DEBUG 31280 --- [pfms] [restartedMain] o.s.b.f.s.DefaultListableBeanFactory     : Creating shared instance of singleton bean 'jpa.BudgetDAO.fragments#0'
2026-06-01T20:33:29.398+08:00 DEBUG 31280 --- [pfms] [restartedMain] o.s.b.f.s.DefaultListableBeanFactory     : Creating shared instance of singleton bean 'jpaSharedEM_entityManagerFactory'
2026-06-01T20:33:29.404+08:00 DEBUG 31280 --- [pfms] [restartedMain] o.s.b.f.s.DefaultListableBeanFactory     : Creating shared instance of singleton bean 'jpaMappingContext'
2026-06-01T20:33:29.405+08:00 DEBUG 31280 --- [pfms] [restartedMain] .c.JpaMetamodelMappingContextFactoryBean : Initializing JpaMetamodelMappingContext…
2026-06-01T20:33:29.406+08:00 DEBUG 31280 --- [pfms] [restartedMain] .c.JpaMetamodelMappingContextFactoryBean : Finished initializing JpaMetamodelMappingContext
2026-06-01T20:33:29.409+08:00 DEBUG 31280 --- [pfms] [restartedMain] o.s.beans.CachedIntrospectionResults     : Not strongly caching class [com.app.pfms.Budget.Budget] because it is not cache-safe
2026-06-01T20:33:29.417+08:00 DEBUG 31280 --- [pfms] [restartedMain] o.s.d.r.c.s.RepositoryFactorySupport     : Initializing repository instance for com.app.pfms.Budget.BudgetDAO…
2026-06-01T20:33:29.420+08:00 DEBUG 31280 --- [pfms] [restartedMain] o.s.d.jpa.repository.query.NamedQuery    : Looking up named query 'Budget.findByMonth'
2026-06-01T20:33:29.421+08:00 DEBUG 31280 --- [pfms] [restartedMain] o.s.d.jpa.repository.query.NamedQuery    : Did not find named query Budget.findByMonth
2026-06-01T20:33:29.422+08:00 DEBUG 31280 --- [pfms] [restartedMain] o.s.d.jpa.repository.query.NamedQuery    : Looking up named query 'Budget.findByMonthBetween'
2026-06-01T20:33:29.422+08:00 DEBUG 31280 --- [pfms] [restartedMain] o.s.d.jpa.repository.query.NamedQuery    : Did not find named query Budget.findByMonthBetween
2026-06-01T20:33:29.427+08:00 DEBUG 31280 --- [pfms] [restartedMain] o.s.d.r.c.s.RepositoryFactorySupport     : Finished creation of repository instance for com.app.pfms.Budget.BudgetDAO.
2026-06-01T20:33:29.429+08:00 DEBUG 31280 --- [pfms] [restartedMain] o.s.b.f.s.DefaultListableBeanFactory     : Creating shared instance of singleton bean 'expenseService'
2026-06-01T20:33:29.434+08:00 DEBUG 31280 --- [pfms] [restartedMain] o.s.b.f.s.DefaultListableBeanFactory     : Creating shared instance of singleton bean 'expenseDAO'
2026-06-01T20:33:29.436+08:00 DEBUG 31280 --- [pfms] [restartedMain] o.s.b.f.s.DefaultListableBeanFactory     : Creating shared instance of singleton bean 'jpa.named-queries#0'
2026-06-01T20:33:29.437+08:00 DEBUG 31280 --- [pfms] [restartedMain] o.s.b.f.s.DefaultListableBeanFactory     : Creating shared instance of singleton bean 'jpa.ExpenseDAO.fragments#0'
2026-06-01T20:33:29.438+08:00 DEBUG 31280 --- [pfms] [restartedMain] o.s.beans.CachedIntrospectionResults     : Not strongly caching class [com.app.pfms.Expense.Expense] because it is not cache-safe
2026-06-01T20:33:29.448+08:00 DEBUG 31280 --- [pfms] [restartedMain] o.s.d.r.c.s.RepositoryFactorySupport     : Initializing repository instance for com.app.pfms.Expense.ExpenseDAO…
2026-06-01T20:33:29.451+08:00 DEBUG 31280 --- [pfms] [restartedMain] o.s.d.jpa.repository.query.NamedQuery    : Looking up named query 'Expense.findByDateBetween'
2026-06-01T20:33:29.451+08:00 DEBUG 31280 --- [pfms] [restartedMain] o.s.d.jpa.repository.query.NamedQuery    : Did not find named query Expense.findByDateBetween
2026-06-01T20:33:29.452+08:00 DEBUG 31280 --- [pfms] [restartedMain] o.s.d.jpa.repository.query.NamedQuery    : Looking up named query 'Expense.findByDate'
2026-06-01T20:33:29.452+08:00 DEBUG 31280 --- [pfms] [restartedMain] o.s.d.jpa.repository.query.NamedQuery    : Did not find named query Expense.findByDate
2026-06-01T20:33:29.456+08:00 DEBUG 31280 --- [pfms] [restartedMain] o.s.d.r.c.s.RepositoryFactorySupport     : Finished creation of repository instance for com.app.pfms.Expense.ExpenseDAO.
2026-06-01T20:33:29.457+08:00 DEBUG 31280 --- [pfms] [restartedMain] o.s.b.f.s.DefaultListableBeanFactory     : Autowiring by type from bean name 'expenseService' via constructor to bean named 'expenseDAO'
2026-06-01T20:33:29.473+08:00 DEBUG 31280 --- [pfms] [restartedMain] o.s.b.f.s.DefaultListableBeanFactory     : Autowiring by type from bean name 'budgetService' via constructor to bean named 'budgetDAO'
2026-06-01T20:33:29.474+08:00 DEBUG 31280 --- [pfms] [restartedMain] o.s.b.f.s.DefaultListableBeanFactory     : Autowiring by type from bean name 'budgetService' via constructor to bean named 'expenseService'
2026-06-01T20:33:29.485+08:00 DEBUG 31280 --- [pfms] [restartedMain] o.s.b.f.s.DefaultListableBeanFactory     : Creating shared instance of singleton bean 'budgetLoader'
2026-06-01T20:33:29.486+08:00 DEBUG 31280 --- [pfms] [restartedMain] o.s.b.f.s.DefaultListableBeanFactory     : Autowiring by type from bean name 'budgetLoader' via constructor to bean named 'budgetService'
2026-06-01T20:33:29.486+08:00 DEBUG 31280 --- [pfms] [restartedMain] o.s.b.f.s.DefaultListableBeanFactory     : Creating shared instance of singleton bean 'expenseLoader'
2026-06-01T20:33:29.487+08:00 DEBUG 31280 --- [pfms] [restartedMain] o.s.b.f.s.DefaultListableBeanFactory     : Autowiring by type from bean name 'expenseLoader' via constructor to bean named 'expenseDAO'
2026-06-01T20:33:29.487+08:00 DEBUG 31280 --- [pfms] [restartedMain] o.s.b.f.s.DefaultListableBeanFactory     : Creating shared instance of singleton bean 'globalExceptionHandler'
2026-06-01T20:33:29.488+08:00 DEBUG 31280 --- [pfms] [restartedMain] o.s.b.f.s.DefaultListableBeanFactory     : Creating shared instance of singleton bean 'expenseController'
2026-06-01T20:33:29.490+08:00 DEBUG 31280 --- [pfms] [restartedMain] o.s.b.f.s.DefaultListableBeanFactory     : Creating shared instance of singleton bean 'org.springframework.boot.autoconfigure.context.PropertyPlaceholderAutoConfiguration'
2026-06-01T20:33:29.490+08:00 DEBUG 31280 --- [pfms] [restartedMain] o.s.b.f.s.DefaultListableBeanFactory     : Creating shared instance of singleton bean 'org.springframework.boot.webmvc.autoconfigure.DispatcherServletAutoConfiguration'
2026-06-01T20:33:29.490+08:00 DEBUG 31280 --- [pfms] [restartedMain] o.s.b.f.s.DefaultListableBeanFactory     : Creating shared instance of singleton bean 'org.springframework.boot.autoconfigure.task.TaskExecutorConfigurations$SimpleAsyncTaskExecutorBuilderConfiguration'
2026-06-01T20:33:29.491+08:00 DEBUG 31280 --- [pfms] [restartedMain] o.s.b.f.s.DefaultListableBeanFactory     : Autowiring by type from bean name 'org.springframework.boot.autoconfigure.task.TaskExecutorConfigurations$SimpleAsyncTaskExecutorBuilderConfiguration' via constructor to bean named 'spring.task.execution-org.springframework.boot.autoconfigure.task.TaskExecutionProperties'
2026-06-01T20:33:29.492+08:00 DEBUG 31280 --- [pfms] [restartedMain] o.s.b.f.s.DefaultListableBeanFactory     : Creating shared instance of singleton bean 'simpleAsyncTaskExecutorBuilder'
2026-06-01T20:33:29.493+08:00 DEBUG 31280 --- [pfms] [restartedMain] o.s.b.f.s.DefaultListableBeanFactory     : Creating shared instance of singleton bean 'org.springframework.boot.autoconfigure.task.TaskExecutorConfigurations$AsyncConfigurerConfiguration'
2026-06-01T20:33:29.493+08:00 DEBUG 31280 --- [pfms] [restartedMain] o.s.b.f.s.DefaultListableBeanFactory     : Creating shared instance of singleton bean 'applicationTaskExecutorAsyncConfigurer'
2026-06-01T20:33:29.494+08:00 DEBUG 31280 --- [pfms] [restartedMain] o.s.b.f.s.DefaultListableBeanFactory     : Autowiring by type from bean name 'applicationTaskExecutorAsyncConfigurer' via factory method to bean named 'org.springframework.beans.factory.support.DefaultListableBeanFactory@72556e79'
2026-06-01T20:33:29.494+08:00 DEBUG 31280 --- [pfms] [restartedMain] o.s.b.f.s.DefaultListableBeanFactory     : Creating shared instance of singleton bean 'org.springframework.boot.autoconfigure.task.TaskExecutorConfigurations$BootstrapExecutorConfiguration'
2026-06-01T20:33:29.494+08:00 DEBUG 31280 --- [pfms] [restartedMain] o.s.b.f.s.DefaultListableBeanFactory     : Creating shared instance of singleton bean 'org.springframework.boot.autoconfigure.task.TaskExecutionAutoConfiguration'
2026-06-01T20:33:29.494+08:00 DEBUG 31280 --- [pfms] [restartedMain] o.s.b.f.s.DefaultListableBeanFactory     : Creating shared instance of singleton bean 'org.springframework.boot.validation.autoconfigure.ValidationAutoConfiguration'
2026-06-01T20:33:29.495+08:00 DEBUG 31280 --- [pfms] [restartedMain] o.s.b.f.s.DefaultListableBeanFactory     : Creating shared instance of singleton bean 'defaultValidator'
2026-06-01T20:33:29.495+08:00 DEBUG 31280 --- [pfms] [restartedMain] o.s.b.f.s.DefaultListableBeanFactory     : Autowiring by type from bean name 'defaultValidator' via factory method to bean named 'org.springframework.boot.web.server.servlet.context.AnnotationConfigServletWebServerApplicationContext@5a013a75'
2026-06-01T20:33:29.500+08:00 DEBUG 31280 --- [pfms] [restartedMain] o.s.b.f.s.DefaultListableBeanFactory     : Creating shared instance of singleton bean 'org.springframework.boot.webmvc.autoconfigure.error.ErrorMvcAutoConfiguration$WhitelabelErrorViewConfiguration'
2026-06-01T20:33:29.501+08:00 DEBUG 31280 --- [pfms] [restartedMain] o.s.b.f.s.DefaultListableBeanFactory     : Creating shared instance of singleton bean 'error'
2026-06-01T20:33:29.501+08:00 DEBUG 31280 --- [pfms] [restartedMain] o.s.b.f.s.DefaultListableBeanFactory     : Creating shared instance of singleton bean 'beanNameViewResolver'
2026-06-01T20:33:29.502+08:00 DEBUG 31280 --- [pfms] [restartedMain] o.s.b.f.s.DefaultListableBeanFactory     : Creating shared instance of singleton bean 'org.springframework.boot.webmvc.autoconfigure.error.ErrorMvcAutoConfiguration$DefaultErrorViewResolverConfiguration'
2026-06-01T20:33:29.502+08:00 DEBUG 31280 --- [pfms] [restartedMain] o.s.b.f.s.DefaultListableBeanFactory     : Autowiring by type from bean name 'org.springframework.boot.webmvc.autoconfigure.error.ErrorMvcAutoConfiguration$DefaultErrorViewResolverConfiguration' via constructor to bean named 'org.springframework.boot.web.server.servlet.context.AnnotationConfigServletWebServerApplicationContext@5a013a75'
2026-06-01T20:33:29.502+08:00 DEBUG 31280 --- [pfms] [restartedMain] o.s.b.f.s.DefaultListableBeanFactory     : Autowiring by type from bean name 'org.springframework.boot.webmvc.autoconfigure.error.ErrorMvcAutoConfiguration$DefaultErrorViewResolverConfiguration' via constructor to bean named 'spring.web-org.springframework.boot.autoconfigure.web.WebProperties'
2026-06-01T20:33:29.503+08:00 DEBUG 31280 --- [pfms] [restartedMain] o.s.b.f.s.DefaultListableBeanFactory     : Creating shared instance of singleton bean 'conventionErrorViewResolver'
2026-06-01T20:33:29.504+08:00 DEBUG 31280 --- [pfms] [restartedMain] o.s.b.f.s.DefaultListableBeanFactory     : Creating shared instance of singleton bean 'errorAttributes'
2026-06-01T20:33:29.504+08:00 DEBUG 31280 --- [pfms] [restartedMain] o.s.b.f.s.DefaultListableBeanFactory     : Creating shared instance of singleton bean 'basicErrorController'
2026-06-01T20:33:29.504+08:00 DEBUG 31280 --- [pfms] [restartedMain] o.s.b.f.s.DefaultListableBeanFactory     : Autowiring by type from bean name 'basicErrorController' via factory method to bean named 'errorAttributes'
2026-06-01T20:33:29.505+08:00 DEBUG 31280 --- [pfms] [restartedMain] o.s.b.f.s.DefaultListableBeanFactory     : Creating shared instance of singleton bean 'org.springframework.boot.webmvc.autoconfigure.WebMvcAutoConfiguration$EnableWebMvcConfiguration'
2026-06-01T20:33:29.506+08:00 DEBUG 31280 --- [pfms] [restartedMain] o.s.b.f.s.DefaultListableBeanFactory     : Autowiring by type from bean name 'org.springframework.boot.webmvc.autoconfigure.WebMvcAutoConfiguration$EnableWebMvcConfiguration' via constructor to bean named 'spring.mvc-org.springframework.boot.webmvc.autoconfigure.WebMvcProperties'
2026-06-01T20:33:29.506+08:00 DEBUG 31280 --- [pfms] [restartedMain] o.s.b.f.s.DefaultListableBeanFactory     : Autowiring by type from bean name 'org.springframework.boot.webmvc.autoconfigure.WebMvcAutoConfiguration$EnableWebMvcConfiguration' via constructor to bean named 'spring.web-org.springframework.boot.autoconfigure.web.WebProperties'
2026-06-01T20:33:29.506+08:00 DEBUG 31280 --- [pfms] [restartedMain] o.s.b.f.s.DefaultListableBeanFactory     : Autowiring by type from bean name 'org.springframework.boot.webmvc.autoconfigure.WebMvcAutoConfiguration$EnableWebMvcConfiguration' via constructor to bean named 'org.springframework.beans.factory.support.DefaultListableBeanFactory@72556e79'
2026-06-01T20:33:29.508+08:00 DEBUG 31280 --- [pfms] [restartedMain] o.s.b.f.s.DefaultListableBeanFactory     : Creating shared instance of singleton bean 'org.springframework.boot.webmvc.autoconfigure.WebMvcAutoConfiguration$WebMvcAutoConfigurationAdapter'
2026-06-01T20:33:29.508+08:00 DEBUG 31280 --- [pfms] [restartedMain] o.s.b.f.s.DefaultListableBeanFactory     : Autowiring by type from bean name 'org.springframework.boot.webmvc.autoconfigure.WebMvcAutoConfiguration$WebMvcAutoConfigurationAdapter' via constructor to bean named 'spring.web-org.springframework.boot.autoconfigure.web.WebProperties'
2026-06-01T20:33:29.508+08:00 DEBUG 31280 --- [pfms] [restartedMain] o.s.b.f.s.DefaultListableBeanFactory     : Autowiring by type from bean name 'org.springframework.boot.webmvc.autoconfigure.WebMvcAutoConfiguration$WebMvcAutoConfigurationAdapter' via constructor to bean named 'spring.mvc-org.springframework.boot.webmvc.autoconfigure.WebMvcProperties'
2026-06-01T20:33:29.509+08:00 DEBUG 31280 --- [pfms] [restartedMain] o.s.b.f.s.DefaultListableBeanFactory     : Autowiring by type from bean name 'org.springframework.boot.webmvc.autoconfigure.WebMvcAutoConfiguration$WebMvcAutoConfigurationAdapter' via constructor to bean named 'org.springframework.beans.factory.support.DefaultListableBeanFactory@72556e79'
2026-06-01T20:33:29.509+08:00 DEBUG 31280 --- [pfms] [restartedMain] o.s.b.f.s.DefaultListableBeanFactory     : Creating shared instance of singleton bean 'resourceHandlerRegistrationCustomizer'
2026-06-01T20:33:29.509+08:00 DEBUG 31280 --- [pfms] [restartedMain] o.s.b.f.s.DefaultListableBeanFactory     : Creating shared instance of singleton bean 'org.springframework.boot.webmvc.autoconfigure.WebMvcAutoConfiguration$ResourceChainCustomizerConfiguration'
2026-06-01T20:33:29.510+08:00 DEBUG 31280 --- [pfms] [restartedMain] o.s.b.f.s.DefaultListableBeanFactory     : Autowiring by type from bean name 'resourceHandlerRegistrationCustomizer' via factory method to bean named 'spring.web-org.springframework.boot.autoconfigure.web.WebProperties'
2026-06-01T20:33:29.511+08:00 DEBUG 31280 --- [pfms] [restartedMain] o.s.b.f.s.DefaultListableBeanFactory     : Creating shared instance of singleton bean 'swaggerWebMvcConfigurer'
2026-06-01T20:33:29.511+08:00 DEBUG 31280 --- [pfms] [restartedMain] o.s.b.f.s.DefaultListableBeanFactory     : Creating shared instance of singleton bean 'org.springdoc.webmvc.ui.SwaggerConfig'
2026-06-01T20:33:29.511+08:00 DEBUG 31280 --- [pfms] [restartedMain] o.s.b.f.s.DefaultListableBeanFactory     : Creating shared instance of singleton bean 'org.springdoc.core.properties.SwaggerUiConfigProperties'
2026-06-01T20:33:29.515+08:00 DEBUG 31280 --- [pfms] [restartedMain] o.s.b.f.s.DefaultListableBeanFactory     : Creating shared instance of singleton bean 'indexPageTransformer'
2026-06-01T20:33:29.517+08:00 DEBUG 31280 --- [pfms] [restartedMain] o.s.b.f.s.DefaultListableBeanFactory     : Creating shared instance of singleton bean 'org.springdoc.core.properties.SwaggerUiOAuthProperties'
2026-06-01T20:33:29.519+08:00 DEBUG 31280 --- [pfms] [restartedMain] o.s.b.f.s.DefaultListableBeanFactory     : Creating shared instance of singleton bean 'swaggerWelcome'
2026-06-01T20:33:29.520+08:00 DEBUG 31280 --- [pfms] [restartedMain] o.s.b.f.s.DefaultListableBeanFactory     : Creating shared instance of singleton bean 'org.springdoc.core.properties.SpringDocConfigProperties'
2026-06-01T20:33:29.523+08:00 DEBUG 31280 --- [pfms] [restartedMain] o.s.b.f.s.DefaultListableBeanFactory     : Creating shared instance of singleton bean 'springWebProvider'
2026-06-01T20:33:29.524+08:00 DEBUG 31280 --- [pfms] [restartedMain] o.s.b.f.s.DefaultListableBeanFactory     : Creating shared instance of singleton bean 'org.springdoc.webmvc.core.configuration.SpringDocWebMvcConfiguration'
2026-06-01T20:33:29.525+08:00 DEBUG 31280 --- [pfms] [restartedMain] o.s.b.f.s.DefaultListableBeanFactory     : Autowiring by type from bean name 'swaggerWelcome' via factory method to bean named 'org.springdoc.core.properties.SwaggerUiConfigProperties'
2026-06-01T20:33:29.525+08:00 DEBUG 31280 --- [pfms] [restartedMain] o.s.b.f.s.DefaultListableBeanFactory     : Autowiring by type from bean name 'swaggerWelcome' via factory method to bean named 'org.springdoc.core.properties.SpringDocConfigProperties'
2026-06-01T20:33:29.525+08:00 DEBUG 31280 --- [pfms] [restartedMain] o.s.b.f.s.DefaultListableBeanFactory     : Autowiring by type from bean name 'swaggerWelcome' via factory method to bean named 'springWebProvider'
2026-06-01T20:33:29.527+08:00 DEBUG 31280 --- [pfms] [restartedMain] o.s.b.f.s.DefaultListableBeanFactory     : Creating shared instance of singleton bean 'springdocObjectMapperProvider'
2026-06-01T20:33:29.527+08:00 DEBUG 31280 --- [pfms] [restartedMain] o.s.b.f.s.DefaultListableBeanFactory     : Creating shared instance of singleton bean 'org.springdoc.core.configuration.SpringDocConfiguration'
2026-06-01T20:33:29.528+08:00 DEBUG 31280 --- [pfms] [restartedMain] o.s.b.f.s.DefaultListableBeanFactory     : Autowiring by type from bean name 'springdocObjectMapperProvider' via factory method to bean named 'org.springdoc.core.properties.SpringDocConfigProperties'
2026-06-01T20:33:29.528+08:00 DEBUG 31280 --- [pfms] [restartedMain] o.s.b.f.s.DefaultListableBeanFactory     : Autowiring by type from bean name 'indexPageTransformer' via factory method to bean named 'org.springdoc.core.properties.SwaggerUiConfigProperties'
2026-06-01T20:33:29.529+08:00 DEBUG 31280 --- [pfms] [restartedMain] o.s.b.f.s.DefaultListableBeanFactory     : Autowiring by type from bean name 'indexPageTransformer' via factory method to bean named 'org.springdoc.core.properties.SwaggerUiOAuthProperties'
2026-06-01T20:33:29.529+08:00 DEBUG 31280 --- [pfms] [restartedMain] o.s.b.f.s.DefaultListableBeanFactory     : Autowiring by type from bean name 'indexPageTransformer' via factory method to bean named 'swaggerWelcome'
2026-06-01T20:33:29.529+08:00 DEBUG 31280 --- [pfms] [restartedMain] o.s.b.f.s.DefaultListableBeanFactory     : Autowiring by type from bean name 'indexPageTransformer' via factory method to bean named 'springdocObjectMapperProvider'
2026-06-01T20:33:29.530+08:00 DEBUG 31280 --- [pfms] [restartedMain] o.s.b.f.s.DefaultListableBeanFactory     : Creating shared instance of singleton bean 'swaggerResourceResolver'
2026-06-01T20:33:29.530+08:00 DEBUG 31280 --- [pfms] [restartedMain] o.s.b.f.s.DefaultListableBeanFactory     : Autowiring by type from bean name 'swaggerResourceResolver' via factory method to bean named 'org.springdoc.core.properties.SwaggerUiConfigProperties'
2026-06-01T20:33:29.530+08:00 DEBUG 31280 --- [pfms] [restartedMain] o.s.b.f.s.DefaultListableBeanFactory     : Autowiring by type from bean name 'swaggerWebMvcConfigurer' via factory method to bean named 'org.springdoc.core.properties.SwaggerUiConfigProperties'
2026-06-01T20:33:29.530+08:00 DEBUG 31280 --- [pfms] [restartedMain] o.s.b.f.s.DefaultListableBeanFactory     : Autowiring by type from bean name 'swaggerWebMvcConfigurer' via factory method to bean named 'indexPageTransformer'
2026-06-01T20:33:29.532+08:00 DEBUG 31280 --- [pfms] [restartedMain] o.s.b.f.s.DefaultListableBeanFactory     : Autowiring by type from bean name 'swaggerWebMvcConfigurer' via factory method to bean named 'swaggerResourceResolver'
2026-06-01T20:33:29.532+08:00 DEBUG 31280 --- [pfms] [restartedMain] o.s.b.f.s.DefaultListableBeanFactory     : Creating shared instance of singleton bean 'org.springframework.data.web.config.SpringDataWebConfiguration'
2026-06-01T20:33:29.532+08:00 DEBUG 31280 --- [pfms] [restartedMain] o.s.b.f.s.DefaultListableBeanFactory     : Autowiring by type from bean name 'org.springframework.data.web.config.SpringDataWebConfiguration' via constructor to bean named 'org.springframework.boot.web.server.servlet.context.AnnotationConfigServletWebServerApplicationContext@5a013a75'
2026-06-01T20:33:29.533+08:00 DEBUG 31280 --- [pfms] [restartedMain] o.s.b.f.s.DefaultListableBeanFactory     : Creating shared instance of singleton bean 'openEntityManagerInViewInterceptorConfigurer'
2026-06-01T20:33:29.533+08:00 DEBUG 31280 --- [pfms] [restartedMain] o.s.b.f.s.DefaultListableBeanFactory     : Creating shared instance of singleton bean 'org.springframework.boot.jpa.autoconfigure.JpaBaseConfiguration$JpaWebConfiguration'
2026-06-01T20:33:29.534+08:00 DEBUG 31280 --- [pfms] [restartedMain] o.s.b.f.s.DefaultListableBeanFactory     : Autowiring by type from bean name 'org.springframework.boot.jpa.autoconfigure.JpaBaseConfiguration$JpaWebConfiguration' via constructor to bean named 'spring.jpa-org.springframework.boot.jpa.autoconfigure.JpaProperties'
2026-06-01T20:33:29.535+08:00 DEBUG 31280 --- [pfms] [restartedMain] o.s.b.f.s.DefaultListableBeanFactory     : Creating shared instance of singleton bean 'openEntityManagerInViewInterceptor'
2026-06-01T20:33:29.535+08:00  WARN 31280 --- [pfms] [restartedMain] JpaBaseConfiguration$JpaWebConfiguration : spring.jpa.open-in-view is enabled by default. Therefore, database queries may be performed during view rendering. Explicitly configure spring.jpa.open-in-view to disable this warning
2026-06-01T20:33:29.536+08:00 DEBUG 31280 --- [pfms] [restartedMain] o.s.b.f.s.DefaultListableBeanFactory     : Autowiring by type from bean name 'openEntityManagerInViewInterceptorConfigurer' via factory method to bean named 'openEntityManagerInViewInterceptor'
2026-06-01T20:33:29.537+08:00 DEBUG 31280 --- [pfms] [restartedMain] o.s.b.f.s.DefaultListableBeanFactory     : Creating shared instance of singleton bean 'welcomePageHandlerMapping'
2026-06-01T20:33:29.538+08:00 DEBUG 31280 --- [pfms] [restartedMain] o.s.b.f.s.DefaultListableBeanFactory     : Creating shared instance of singleton bean 'mvcConversionService'
2026-06-01T20:33:29.540+08:00 DEBUG 31280 --- [pfms] [restartedMain] o.s.b.f.s.DefaultListableBeanFactory     : Creating shared instance of singleton bean 'mvcResourceUrlProvider'
2026-06-01T20:33:29.542+08:00 DEBUG 31280 --- [pfms] [restartedMain] o.s.b.f.s.DefaultListableBeanFactory     : Autowiring by type from bean name 'welcomePageHandlerMapping' via factory method to bean named 'org.springframework.boot.web.server.servlet.context.AnnotationConfigServletWebServerApplicationContext@5a013a75'
2026-06-01T20:33:29.542+08:00 DEBUG 31280 --- [pfms] [restartedMain] o.s.b.f.s.DefaultListableBeanFactory     : Autowiring by type from bean name 'welcomePageHandlerMapping' via factory method to bean named 'mvcConversionService'
2026-06-01T20:33:29.542+08:00 DEBUG 31280 --- [pfms] [restartedMain] o.s.b.f.s.DefaultListableBeanFactory     : Autowiring by type from bean name 'welcomePageHandlerMapping' via factory method to bean named 'mvcResourceUrlProvider'
2026-06-01T20:33:29.547+08:00 DEBUG 31280 --- [pfms] [restartedMain] o.s.b.f.s.DefaultListableBeanFactory     : Creating shared instance of singleton bean 'welcomePageNotAcceptableHandlerMapping'
2026-06-01T20:33:29.548+08:00 DEBUG 31280 --- [pfms] [restartedMain] o.s.b.f.s.DefaultListableBeanFactory     : Autowiring by type from bean name 'welcomePageNotAcceptableHandlerMapping' via factory method to bean named 'org.springframework.boot.web.server.servlet.context.AnnotationConfigServletWebServerApplicationContext@5a013a75'
2026-06-01T20:33:29.548+08:00 DEBUG 31280 --- [pfms] [restartedMain] o.s.b.f.s.DefaultListableBeanFactory     : Autowiring by type from bean name 'welcomePageNotAcceptableHandlerMapping' via factory method to bean named 'mvcConversionService'
2026-06-01T20:33:29.548+08:00 DEBUG 31280 --- [pfms] [restartedMain] o.s.b.f.s.DefaultListableBeanFactory     : Autowiring by type from bean name 'welcomePageNotAcceptableHandlerMapping' via factory method to bean named 'mvcResourceUrlProvider'
2026-06-01T20:33:29.550+08:00 DEBUG 31280 --- [pfms] [restartedMain] o.s.b.f.s.DefaultListableBeanFactory     : Creating shared instance of singleton bean 'localeResolver'
2026-06-01T20:33:29.550+08:00 DEBUG 31280 --- [pfms] [restartedMain] o.s.b.f.s.DefaultListableBeanFactory     : Creating shared instance of singleton bean 'flashMapManager'
2026-06-01T20:33:29.550+08:00 DEBUG 31280 --- [pfms] [restartedMain] o.s.b.f.s.DefaultListableBeanFactory     : Creating shared instance of singleton bean 'viewNameTranslator'
2026-06-01T20:33:29.551+08:00 DEBUG 31280 --- [pfms] [restartedMain] o.s.b.f.s.DefaultListableBeanFactory     : Creating shared instance of singleton bean 'mvcValidator'
2026-06-01T20:33:29.552+08:00 DEBUG 31280 --- [pfms] [restartedMain] o.s.b.f.s.DefaultListableBeanFactory     : Creating shared instance of singleton bean 'requestMappingHandlerMapping'
2026-06-01T20:33:29.552+08:00 DEBUG 31280 --- [pfms] [restartedMain] o.s.b.f.s.DefaultListableBeanFactory     : Creating shared instance of singleton bean 'mvcContentNegotiationManager'
2026-06-01T20:33:29.552+08:00 DEBUG 31280 --- [pfms] [restartedMain] o.s.b.f.s.DefaultListableBeanFactory     : Creating shared instance of singleton bean 'stringHttpMessageConvertersCustomizer'
2026-06-01T20:33:29.552+08:00 DEBUG 31280 --- [pfms] [restartedMain] o.s.b.f.s.DefaultListableBeanFactory     : Creating shared instance of singleton bean 'org.springframework.boot.http.converter.autoconfigure.HttpMessageConvertersAutoConfiguration$StringHttpMessageConverterConfiguration'
2026-06-01T20:33:29.553+08:00 DEBUG 31280 --- [pfms] [restartedMain] o.s.b.f.s.DefaultListableBeanFactory     : Creating shared instance of singleton bean 'spring.http.converters-org.springframework.boot.http.converter.autoconfigure.HttpMessageConvertersProperties'
2026-06-01T20:33:29.554+08:00 DEBUG 31280 --- [pfms] [restartedMain] o.s.b.f.s.DefaultListableBeanFactory     : Autowiring by type from bean name 'stringHttpMessageConvertersCustomizer' via factory method to bean named 'spring.http.converters-org.springframework.boot.http.converter.autoconfigure.HttpMessageConvertersProperties'
2026-06-01T20:33:29.555+08:00 DEBUG 31280 --- [pfms] [restartedMain] o.s.b.f.s.DefaultListableBeanFactory     : Creating shared instance of singleton bean 'jacksonJsonHttpMessageConvertersCustomizer'
2026-06-01T20:33:29.555+08:00 DEBUG 31280 --- [pfms] [restartedMain] o.s.b.f.s.DefaultListableBeanFactory     : Creating shared instance of singleton bean 'org.springframework.boot.http.converter.autoconfigure.JacksonHttpMessageConvertersConfiguration$JacksonJsonHttpMessageConverterConfiguration'
2026-06-01T20:33:29.556+08:00 DEBUG 31280 --- [pfms] [restartedMain] o.s.b.f.s.DefaultListableBeanFactory     : Creating shared instance of singleton bean 'jacksonJsonMapper'
2026-06-01T20:33:29.556+08:00 DEBUG 31280 --- [pfms] [restartedMain] o.s.b.f.s.DefaultListableBeanFactory     : Creating shared instance of singleton bean 'org.springframework.boot.jackson.autoconfigure.JacksonAutoConfiguration'
2026-06-01T20:33:29.558+08:00 DEBUG 31280 --- [pfms] [restartedMain] o.s.b.f.s.DefaultListableBeanFactory     : Creating shared instance of singleton bean 'problemDetailJsonMapperBuilderCustomizer'
2026-06-01T20:33:29.558+08:00 DEBUG 31280 --- [pfms] [restartedMain] o.s.b.f.s.DefaultListableBeanFactory     : Creating shared instance of singleton bean 'org.springframework.boot.jackson.autoconfigure.JacksonAutoConfiguration$JsonProblemDetailsConfiguration'
2026-06-01T20:33:29.559+08:00 DEBUG 31280 --- [pfms] [restartedMain] o.s.b.f.s.DefaultListableBeanFactory     : Creating shared instance of singleton bean 'standardJsonMapperBuilderCustomizer'
2026-06-01T20:33:29.559+08:00 DEBUG 31280 --- [pfms] [restartedMain] o.s.b.f.s.DefaultListableBeanFactory     : Creating shared instance of singleton bean 'org.springframework.boot.jackson.autoconfigure.JacksonAutoConfiguration$JacksonJsonMapperBuilderCustomizerConfiguration'
2026-06-01T20:33:29.560+08:00 DEBUG 31280 --- [pfms] [restartedMain] o.s.b.f.s.DefaultListableBeanFactory     : Creating shared instance of singleton bean 'spring.jackson-org.springframework.boot.jackson.autoconfigure.JacksonProperties'
2026-06-01T20:33:29.562+08:00 DEBUG 31280 --- [pfms] [restartedMain] o.s.b.f.s.DefaultListableBeanFactory     : Autowiring by type from bean name 'standardJsonMapperBuilderCustomizer' via factory method to bean named 'spring.jackson-org.springframework.boot.jackson.autoconfigure.JacksonProperties'
2026-06-01T20:33:29.562+08:00 DEBUG 31280 --- [pfms] [restartedMain] o.s.b.f.s.DefaultListableBeanFactory     : Creating shared instance of singleton bean 'jackson3GeoModule'
2026-06-01T20:33:29.563+08:00 DEBUG 31280 --- [pfms] [restartedMain] o.s.b.f.s.DefaultListableBeanFactory     : Creating shared instance of singleton bean 'org.springframework.data.web.config.SpringDataJackson3Configuration'
2026-06-01T20:33:29.563+08:00 DEBUG 31280 --- [pfms] [restartedMain] o.s.b.f.s.DefaultListableBeanFactory     : Creating shared instance of singleton bean 'springDataWebSettings'
2026-06-01T20:33:29.563+08:00 DEBUG 31280 --- [pfms] [restartedMain] o.s.b.f.s.DefaultListableBeanFactory     : Creating shared instance of singleton bean 'org.springframework.boot.data.autoconfigure.web.DataWebAutoConfiguration'
2026-06-01T20:33:29.564+08:00 DEBUG 31280 --- [pfms] [restartedMain] o.s.b.f.s.DefaultListableBeanFactory     : Creating shared instance of singleton bean 'spring.data.web-org.springframework.boot.data.autoconfigure.web.DataWebProperties'
2026-06-01T20:33:29.565+08:00 DEBUG 31280 --- [pfms] [restartedMain] o.s.b.f.s.DefaultListableBeanFactory     : Autowiring by type from bean name 'org.springframework.boot.data.autoconfigure.web.DataWebAutoConfiguration' via constructor to bean named 'spring.data.web-org.springframework.boot.data.autoconfigure.web.DataWebProperties'
2026-06-01T20:33:29.565+08:00 DEBUG 31280 --- [pfms] [restartedMain] o.s.b.f.s.DefaultListableBeanFactory     : Creating shared instance of singleton bean 'jackson3pageModule'
2026-06-01T20:33:29.566+08:00 DEBUG 31280 --- [pfms] [restartedMain] o.s.b.f.s.DefaultListableBeanFactory     : Creating shared instance of singleton bean 'jacksonMixinModule'
2026-06-01T20:33:29.566+08:00 DEBUG 31280 --- [pfms] [restartedMain] o.s.b.f.s.DefaultListableBeanFactory     : Creating shared instance of singleton bean 'org.springframework.boot.jackson.autoconfigure.JacksonAutoConfiguration$JacksonMixinConfiguration'
2026-06-01T20:33:29.567+08:00 DEBUG 31280 --- [pfms] [restartedMain] o.s.b.f.s.DefaultListableBeanFactory     : Creating shared instance of singleton bean 'jacksonMixinModuleEntries'
2026-06-01T20:33:29.567+08:00 DEBUG 31280 --- [pfms] [restartedMain] o.s.b.f.s.DefaultListableBeanFactory     : Autowiring by type from bean name 'jacksonMixinModuleEntries' via factory method to bean named 'org.springframework.boot.web.server.servlet.context.AnnotationConfigServletWebServerApplicationContext@5a013a75'
2026-06-01T20:33:29.576+08:00 DEBUG 31280 --- [pfms] [restartedMain] o.s.b.f.s.DefaultListableBeanFactory     : Autowiring by type from bean name 'jacksonMixinModule' via factory method to bean named 'org.springframework.boot.web.server.servlet.context.AnnotationConfigServletWebServerApplicationContext@5a013a75'
2026-06-01T20:33:29.576+08:00 DEBUG 31280 --- [pfms] [restartedMain] o.s.b.f.s.DefaultListableBeanFactory     : Autowiring by type from bean name 'jacksonMixinModule' via factory method to bean named 'jacksonMixinModuleEntries'
2026-06-01T20:33:29.577+08:00 DEBUG 31280 --- [pfms] [restartedMain] o.s.b.f.s.DefaultListableBeanFactory     : Creating shared instance of singleton bean 'jsonComponentModule'
2026-06-01T20:33:29.579+08:00 DEBUG 31280 --- [pfms] [restartedMain] o.s.b.f.s.DefaultListableBeanFactory     : Autowiring by type from bean name 'jsonMapperBuilder' via factory method to bean named 'problemDetailJsonMapperBuilderCustomizer'
2026-06-01T20:33:29.580+08:00 DEBUG 31280 --- [pfms] [restartedMain] o.s.b.f.s.DefaultListableBeanFactory     : Autowiring by type from bean name 'jsonMapperBuilder' via factory method to bean named 'standardJsonMapperBuilderCustomizer'
2026-06-01T20:33:29.580+08:00 DEBUG 31280 --- [pfms] [restartedMain] o.s.b.f.s.DefaultListableBeanFactory     : Autowiring by type from bean name 'jacksonJsonMapper' via factory method to bean named 'jsonMapperBuilder'
2026-06-01T20:33:29.583+08:00 DEBUG 31280 --- [pfms] [restartedMain] o.s.b.f.s.DefaultListableBeanFactory     : Autowiring by type from bean name 'jacksonJsonHttpMessageConvertersCustomizer' via factory method to bean named 'jacksonJsonMapper'
2026-06-01T20:33:29.584+08:00 DEBUG 31280 --- [pfms] [restartedMain] o.s.b.f.s.DefaultListableBeanFactory     : Creating shared instance of singleton bean 'serverConvertersCustomizer'
2026-06-01T20:33:29.584+08:00 DEBUG 31280 --- [pfms] [restartedMain] o.s.b.f.s.DefaultListableBeanFactory     : Creating shared instance of singleton bean 'org.springframework.boot.http.converter.autoconfigure.HttpMessageConvertersAutoConfiguration'
2026-06-01T20:33:29.589+08:00 DEBUG 31280 --- [pfms] [restartedMain] o.s.b.f.s.DefaultListableBeanFactory     : Creating shared instance of singleton bean 'mvcApiVersionStrategy'
2026-06-01T20:33:29.591+08:00 DEBUG 31280 --- [pfms] [restartedMain] o.s.b.f.s.DefaultListableBeanFactory     : Autowiring by type from bean name 'requestMappingHandlerMapping' via factory method to bean named 'mvcContentNegotiationManager'
2026-06-01T20:33:29.592+08:00 DEBUG 31280 --- [pfms] [restartedMain] o.s.b.f.s.DefaultListableBeanFactory     : Autowiring by type from bean name 'requestMappingHandlerMapping' via factory method to bean named 'mvcApiVersionStrategy'
2026-06-01T20:33:29.592+08:00 DEBUG 31280 --- [pfms] [restartedMain] o.s.b.f.s.DefaultListableBeanFactory     : Autowiring by type from bean name 'requestMappingHandlerMapping' via factory method to bean named 'mvcConversionService'
2026-06-01T20:33:29.592+08:00 DEBUG 31280 --- [pfms] [restartedMain] o.s.b.f.s.DefaultListableBeanFactory     : Autowiring by type from bean name 'requestMappingHandlerMapping' via factory method to bean named 'mvcResourceUrlProvider'
2026-06-01T20:33:29.606+08:00 DEBUG 31280 --- [pfms] [restartedMain] s.w.s.m.m.a.RequestMappingHandlerMapping : 19 mappings in 'requestMappingHandlerMapping'
2026-06-01T20:33:29.607+08:00 DEBUG 31280 --- [pfms] [restartedMain] o.s.b.f.s.DefaultListableBeanFactory     : Creating shared instance of singleton bean 'mvcPatternParser'
2026-06-01T20:33:29.607+08:00 DEBUG 31280 --- [pfms] [restartedMain] o.s.b.f.s.DefaultListableBeanFactory     : Creating shared instance of singleton bean 'mvcUrlPathHelper'
2026-06-01T20:33:29.608+08:00 DEBUG 31280 --- [pfms] [restartedMain] o.s.b.f.s.DefaultListableBeanFactory     : Creating shared instance of singleton bean 'mvcPathMatcher'
2026-06-01T20:33:29.608+08:00 DEBUG 31280 --- [pfms] [restartedMain] o.s.b.f.s.DefaultListableBeanFactory     : Creating shared instance of singleton bean 'viewControllerHandlerMapping'
2026-06-01T20:33:29.609+08:00 DEBUG 31280 --- [pfms] [restartedMain] o.s.b.f.s.DefaultListableBeanFactory     : Autowiring by type from bean name 'viewControllerHandlerMapping' via factory method to bean named 'mvcConversionService'
2026-06-01T20:33:29.609+08:00 DEBUG 31280 --- [pfms] [restartedMain] o.s.b.f.s.DefaultListableBeanFactory     : Autowiring by type from bean name 'viewControllerHandlerMapping' via factory method to bean named 'mvcResourceUrlProvider'
2026-06-01T20:33:29.609+08:00 DEBUG 31280 --- [pfms] [restartedMain] o.s.b.f.s.DefaultListableBeanFactory     : Creating shared instance of singleton bean 'beanNameHandlerMapping'
2026-06-01T20:33:29.610+08:00 DEBUG 31280 --- [pfms] [restartedMain] o.s.b.f.s.DefaultListableBeanFactory     : Autowiring by type from bean name 'beanNameHandlerMapping' via factory method to bean named 'mvcConversionService'
2026-06-01T20:33:29.610+08:00 DEBUG 31280 --- [pfms] [restartedMain] o.s.b.f.s.DefaultListableBeanFactory     : Autowiring by type from bean name 'beanNameHandlerMapping' via factory method to bean named 'mvcResourceUrlProvider'
2026-06-01T20:33:29.612+08:00 DEBUG 31280 --- [pfms] [restartedMain] o.s.b.f.s.DefaultListableBeanFactory     : Creating shared instance of singleton bean 'routerFunctionMapping'
2026-06-01T20:33:29.613+08:00 DEBUG 31280 --- [pfms] [restartedMain] o.s.b.f.s.DefaultListableBeanFactory     : Autowiring by type from bean name 'routerFunctionMapping' via factory method to bean named 'mvcConversionService'
2026-06-01T20:33:29.613+08:00 DEBUG 31280 --- [pfms] [restartedMain] o.s.b.f.s.DefaultListableBeanFactory     : Autowiring by type from bean name 'routerFunctionMapping' via factory method to bean named 'mvcResourceUrlProvider'
2026-06-01T20:33:29.613+08:00 DEBUG 31280 --- [pfms] [restartedMain] o.s.b.f.s.DefaultListableBeanFactory     : Autowiring by type from bean name 'routerFunctionMapping' via factory method to bean named 'mvcApiVersionStrategy'
2026-06-01T20:33:29.614+08:00 DEBUG 31280 --- [pfms] [restartedMain] o.s.b.f.s.DefaultListableBeanFactory     : Creating shared instance of singleton bean 'resourceHandlerMapping'
2026-06-01T20:33:29.615+08:00 DEBUG 31280 --- [pfms] [restartedMain] o.s.b.f.s.DefaultListableBeanFactory     : Autowiring by type from bean name 'resourceHandlerMapping' via factory method to bean named 'mvcContentNegotiationManager'
2026-06-01T20:33:29.615+08:00 DEBUG 31280 --- [pfms] [restartedMain] o.s.b.f.s.DefaultListableBeanFactory     : Autowiring by type from bean name 'resourceHandlerMapping' via factory method to bean named 'mvcConversionService'
2026-06-01T20:33:29.615+08:00 DEBUG 31280 --- [pfms] [restartedMain] o.s.b.f.s.DefaultListableBeanFactory     : Autowiring by type from bean name 'resourceHandlerMapping' via factory method to bean named 'mvcResourceUrlProvider'
2026-06-01T20:33:29.619+08:00 DEBUG 31280 --- [pfms] [restartedMain] o.s.w.s.handler.SimpleUrlHandlerMapping  : Patterns [/webjars/**, /**, /swagger-ui*/*swagger-initializer.js, /swagger-ui*/**] in 'resourceHandlerMapping'
2026-06-01T20:33:29.620+08:00 DEBUG 31280 --- [pfms] [restartedMain] o.s.b.f.s.DefaultListableBeanFactory     : Creating shared instance of singleton bean 'defaultServletHandlerMapping'
2026-06-01T20:33:29.620+08:00 DEBUG 31280 --- [pfms] [restartedMain] o.s.b.f.s.DefaultListableBeanFactory     : Creating shared instance of singleton bean 'requestMappingHandlerAdapter'
2026-06-01T20:33:29.621+08:00 DEBUG 31280 --- [pfms] [restartedMain] o.s.b.f.s.DefaultListableBeanFactory     : Autowiring by type from bean name 'requestMappingHandlerAdapter' via factory method to bean named 'mvcContentNegotiationManager'
2026-06-01T20:33:29.621+08:00 DEBUG 31280 --- [pfms] [restartedMain] o.s.b.f.s.DefaultListableBeanFactory     : Autowiring by type from bean name 'requestMappingHandlerAdapter' via factory method to bean named 'mvcConversionService'
2026-06-01T20:33:29.621+08:00 DEBUG 31280 --- [pfms] [restartedMain] o.s.b.f.s.DefaultListableBeanFactory     : Autowiring by type from bean name 'requestMappingHandlerAdapter' via factory method to bean named 'mvcValidator'
2026-06-01T20:33:29.622+08:00 DEBUG 31280 --- [pfms] [restartedMain] o.s.b.f.s.DefaultListableBeanFactory     : Creating shared instance of singleton bean 'sortResolver'
2026-06-01T20:33:29.622+08:00 DEBUG 31280 --- [pfms] [restartedMain] o.s.b.f.s.DefaultListableBeanFactory     : Creating shared instance of singleton bean 'sortCustomizer'
2026-06-01T20:33:29.623+08:00 DEBUG 31280 --- [pfms] [restartedMain] o.s.b.f.s.DefaultListableBeanFactory     : Creating shared instance of singleton bean 'pageableResolver'
2026-06-01T20:33:29.623+08:00 DEBUG 31280 --- [pfms] [restartedMain] o.s.b.f.s.DefaultListableBeanFactory     : Creating shared instance of singleton bean 'pageableCustomizer'
2026-06-01T20:33:29.626+08:00 DEBUG 31280 --- [pfms] [restartedMain] o.s.b.f.s.DefaultListableBeanFactory     : Creating shared instance of singleton bean 'org.springdoc.core.configuration.SpringDocConfiguration$OpenApiResourceAdvice'
2026-06-01T20:33:29.626+08:00 DEBUG 31280 --- [pfms] [restartedMain] o.s.b.f.s.DefaultListableBeanFactory     : Autowiring by type from bean name 'org.springdoc.core.configuration.SpringDocConfiguration$OpenApiResourceAdvice' via constructor to bean named 'org.springdoc.core.configuration.SpringDocConfiguration'
2026-06-01T20:33:29.627+08:00 DEBUG 31280 --- [pfms] [restartedMain] s.w.s.m.m.a.RequestMappingHandlerAdapter : ControllerAdvice beans: 0 @ModelAttribute, 0 @InitBinder, 2 RequestBodyAdvice, 1 ResponseBodyAdvice
2026-06-01T20:33:29.627+08:00 DEBUG 31280 --- [pfms] [restartedMain] o.s.b.f.s.DefaultListableBeanFactory     : Creating shared instance of singleton bean 'mvcViewResolver'
2026-06-01T20:33:29.628+08:00 DEBUG 31280 --- [pfms] [restartedMain] o.s.b.f.s.DefaultListableBeanFactory     : Autowiring by type from bean name 'mvcViewResolver' via factory method to bean named 'mvcContentNegotiationManager'
2026-06-01T20:33:29.628+08:00 DEBUG 31280 --- [pfms] [restartedMain] o.s.b.f.s.DefaultListableBeanFactory     : Creating shared instance of singleton bean 'defaultViewResolver'
2026-06-01T20:33:29.629+08:00 DEBUG 31280 --- [pfms] [restartedMain] o.s.b.f.s.DefaultListableBeanFactory     : Creating shared instance of singleton bean 'viewResolver'
2026-06-01T20:33:29.629+08:00 DEBUG 31280 --- [pfms] [restartedMain] o.s.b.f.s.DefaultListableBeanFactory     : Autowiring by type from bean name 'viewResolver' via factory method to bean named 'org.springframework.beans.factory.support.DefaultListableBeanFactory@72556e79'
2026-06-01T20:33:29.630+08:00 DEBUG 31280 --- [pfms] [restartedMain] o.s.b.f.s.DefaultListableBeanFactory     : Creating shared instance of singleton bean 'viewResolver'
2026-06-01T20:33:29.631+08:00 DEBUG 31280 --- [pfms] [restartedMain] o.s.b.f.s.DefaultListableBeanFactory     : Creating shared instance of singleton bean 'handlerFunctionAdapter'
2026-06-01T20:33:29.632+08:00 DEBUG 31280 --- [pfms] [restartedMain] o.s.b.f.s.DefaultListableBeanFactory     : Creating shared instance of singleton bean 'mvcUriComponentsContributor'
2026-06-01T20:33:29.632+08:00 DEBUG 31280 --- [pfms] [restartedMain] o.s.b.f.s.DefaultListableBeanFactory     : Autowiring by type from bean name 'mvcUriComponentsContributor' via factory method to bean named 'mvcConversionService'
2026-06-01T20:33:29.632+08:00 DEBUG 31280 --- [pfms] [restartedMain] o.s.b.f.s.DefaultListableBeanFactory     : Autowiring by type from bean name 'mvcUriComponentsContributor' via factory method to bean named 'requestMappingHandlerAdapter'
2026-06-01T20:33:29.633+08:00 DEBUG 31280 --- [pfms] [restartedMain] o.s.b.f.s.DefaultListableBeanFactory     : Creating shared instance of singleton bean 'httpRequestHandlerAdapter'
2026-06-01T20:33:29.633+08:00 DEBUG 31280 --- [pfms] [restartedMain] o.s.b.f.s.DefaultListableBeanFactory     : Creating shared instance of singleton bean 'simpleControllerHandlerAdapter'
2026-06-01T20:33:29.633+08:00 DEBUG 31280 --- [pfms] [restartedMain] o.s.b.f.s.DefaultListableBeanFactory     : Creating shared instance of singleton bean 'handlerExceptionResolver'
2026-06-01T20:33:29.633+08:00 DEBUG 31280 --- [pfms] [restartedMain] o.s.b.f.s.DefaultListableBeanFactory     : Autowiring by type from bean name 'handlerExceptionResolver' via factory method to bean named 'mvcContentNegotiationManager'
2026-06-01T20:33:29.635+08:00 DEBUG 31280 --- [pfms] [restartedMain] .m.m.a.ExceptionHandlerExceptionResolver : ControllerAdvice beans: 2 @ExceptionHandler, 1 ResponseBodyAdvice
2026-06-01T20:33:29.635+08:00 DEBUG 31280 --- [pfms] [restartedMain] o.s.b.f.s.DefaultListableBeanFactory     : Creating shared instance of singleton bean 'org.springdoc.core.configuration.SpringDocConfiguration$QuerydslProvider'
2026-06-01T20:33:29.635+08:00 DEBUG 31280 --- [pfms] [restartedMain] o.s.b.f.s.DefaultListableBeanFactory     : Creating shared instance of singleton bean 'queryDslQuerydslPredicateOperationCustomizer'
2026-06-01T20:33:29.636+08:00 DEBUG 31280 --- [pfms] [restartedMain] o.s.b.f.s.DefaultListableBeanFactory     : Autowiring by type from bean name 'queryDslQuerydslPredicateOperationCustomizer' via factory method to bean named 'org.springdoc.core.properties.SpringDocConfigProperties'
2026-06-01T20:33:29.636+08:00 DEBUG 31280 --- [pfms] [restartedMain] o.s.b.f.s.DefaultListableBeanFactory     : Creating shared instance of singleton bean 'org.springdoc.core.configuration.SpringDocConfiguration$WebConversionServiceConfiguration'
2026-06-01T20:33:29.637+08:00 DEBUG 31280 --- [pfms] [restartedMain] o.s.b.f.s.DefaultListableBeanFactory     : Creating shared instance of singleton bean 'webConversionServiceProvider'
2026-06-01T20:33:29.638+08:00 DEBUG 31280 --- [pfms] [restartedMain] o.s.b.f.s.DefaultListableBeanFactory     : Creating shared instance of singleton bean 'initExtraSchemas'
2026-06-01T20:33:29.638+08:00 DEBUG 31280 --- [pfms] [restartedMain] o.s.b.f.s.DefaultListableBeanFactory     : Creating shared instance of singleton bean 'localSpringDocParameterNameDiscoverer'
2026-06-01T20:33:29.638+08:00 DEBUG 31280 --- [pfms] [restartedMain] o.s.b.f.s.DefaultListableBeanFactory     : Creating shared instance of singleton bean 'additionalModelsConverter'
2026-06-01T20:33:29.639+08:00 DEBUG 31280 --- [pfms] [restartedMain] o.s.b.f.s.DefaultListableBeanFactory     : Autowiring by type from bean name 'additionalModelsConverter' via factory method to bean named 'springdocObjectMapperProvider'
2026-06-01T20:33:29.639+08:00 DEBUG 31280 --- [pfms] [restartedMain] o.s.b.f.s.DefaultListableBeanFactory     : Creating shared instance of singleton bean 'fileSupportConverter'
2026-06-01T20:33:29.639+08:00 DEBUG 31280 --- [pfms] [restartedMain] o.s.b.f.s.DefaultListableBeanFactory     : Autowiring by type from bean name 'fileSupportConverter' via factory method to bean named 'springdocObjectMapperProvider'
2026-06-01T20:33:29.640+08:00 DEBUG 31280 --- [pfms] [restartedMain] o.s.b.f.s.DefaultListableBeanFactory     : Creating shared instance of singleton bean 'responseSupportConverter'
2026-06-01T20:33:29.640+08:00 DEBUG 31280 --- [pfms] [restartedMain] o.s.b.f.s.DefaultListableBeanFactory     : Autowiring by type from bean name 'responseSupportConverter' via factory method to bean named 'springdocObjectMapperProvider'
2026-06-01T20:33:29.640+08:00 DEBUG 31280 --- [pfms] [restartedMain] o.s.b.f.s.DefaultListableBeanFactory     : Creating shared instance of singleton bean 'schemaPropertyDeprecatingConverter'
2026-06-01T20:33:29.640+08:00 DEBUG 31280 --- [pfms] [restartedMain] o.s.b.f.s.DefaultListableBeanFactory     : Creating shared instance of singleton bean 'polymorphicModelConverter'
2026-06-01T20:33:29.642+08:00 DEBUG 31280 --- [pfms] [restartedMain] o.s.b.f.s.DefaultListableBeanFactory     : Autowiring by type from bean name 'polymorphicModelConverter' via factory method to bean named 'springdocObjectMapperProvider'
2026-06-01T20:33:29.642+08:00 DEBUG 31280 --- [pfms] [restartedMain] o.s.b.f.s.DefaultListableBeanFactory     : Creating shared instance of singleton bean 'openAPIBuilder'
2026-06-01T20:33:29.643+08:00 DEBUG 31280 --- [pfms] [restartedMain] o.s.b.f.s.DefaultListableBeanFactory     : Creating shared instance of singleton bean 'securityParser'
2026-06-01T20:33:29.643+08:00 DEBUG 31280 --- [pfms] [restartedMain] o.s.b.f.s.DefaultListableBeanFactory     : Creating shared instance of singleton bean 'propertyResolverUtils'
2026-06-01T20:33:29.643+08:00 DEBUG 31280 --- [pfms] [restartedMain] o.s.b.f.s.DefaultListableBeanFactory     : Autowiring by type from bean name 'propertyResolverUtils' via factory method to bean named 'org.springframework.beans.factory.support.DefaultListableBeanFactory@72556e79'
2026-06-01T20:33:29.643+08:00 DEBUG 31280 --- [pfms] [restartedMain] o.s.b.f.s.DefaultListableBeanFactory     : Autowiring by type from bean name 'propertyResolverUtils' via factory method to bean named 'messageSource'
2026-06-01T20:33:29.644+08:00 DEBUG 31280 --- [pfms] [restartedMain] o.s.b.f.s.DefaultListableBeanFactory     : Autowiring by type from bean name 'propertyResolverUtils' via factory method to bean named 'org.springdoc.core.properties.SpringDocConfigProperties'
2026-06-01T20:33:29.644+08:00 DEBUG 31280 --- [pfms] [restartedMain] o.s.b.f.s.DefaultListableBeanFactory     : Autowiring by type from bean name 'securityParser' via factory method to bean named 'propertyResolverUtils'
2026-06-01T20:33:29.646+08:00 DEBUG 31280 --- [pfms] [restartedMain] o.s.b.f.s.DefaultListableBeanFactory     : Autowiring by type from bean name 'openAPIBuilder' via factory method to bean named 'securityParser'
2026-06-01T20:33:29.646+08:00 DEBUG 31280 --- [pfms] [restartedMain] o.s.b.f.s.DefaultListableBeanFactory     : Autowiring by type from bean name 'openAPIBuilder' via factory method to bean named 'org.springdoc.core.properties.SpringDocConfigProperties'
2026-06-01T20:33:29.647+08:00 DEBUG 31280 --- [pfms] [restartedMain] o.s.b.f.s.DefaultListableBeanFactory     : Autowiring by type from bean name 'openAPIBuilder' via factory method to bean named 'propertyResolverUtils'
2026-06-01T20:33:29.647+08:00 DEBUG 31280 --- [pfms] [restartedMain] o.s.b.f.s.DefaultListableBeanFactory     : Creating shared instance of singleton bean 'modelConverterRegistrar'
2026-06-01T20:33:29.648+08:00 DEBUG 31280 --- [pfms] [restartedMain] o.s.b.f.s.DefaultListableBeanFactory     : Creating shared instance of singleton bean 'pageableOpenAPIConverter'
2026-06-01T20:33:29.648+08:00 DEBUG 31280 --- [pfms] [restartedMain] o.s.b.f.s.DefaultListableBeanFactory     : Creating shared instance of singleton bean 'org.springdoc.core.configuration.SpringDocPageableConfiguration'
2026-06-01T20:33:29.649+08:00 DEBUG 31280 --- [pfms] [restartedMain] o.s.b.f.s.DefaultListableBeanFactory     : Autowiring by type from bean name 'pageableOpenAPIConverter' via factory method to bean named 'springdocObjectMapperProvider'
2026-06-01T20:33:29.649+08:00 DEBUG 31280 --- [pfms] [restartedMain] o.s.b.f.s.DefaultListableBeanFactory     : Creating shared instance of singleton bean 'pageOpenAPIConverter'
2026-06-01T20:33:29.650+08:00 DEBUG 31280 --- [pfms] [restartedMain] o.s.b.f.s.DefaultListableBeanFactory     : Autowiring by type from bean name 'pageOpenAPIConverter' via factory method to bean named 'springDataWebSettings'
2026-06-01T20:33:29.650+08:00 DEBUG 31280 --- [pfms] [restartedMain] o.s.b.f.s.DefaultListableBeanFactory     : Autowiring by type from bean name 'pageOpenAPIConverter' via factory method to bean named 'springdocObjectMapperProvider'
2026-06-01T20:33:29.650+08:00 DEBUG 31280 --- [pfms] [restartedMain] o.s.b.f.s.DefaultListableBeanFactory     : Creating shared instance of singleton bean 'sortOpenAPIConverter'
2026-06-01T20:33:29.650+08:00 DEBUG 31280 --- [pfms] [restartedMain] o.s.b.f.s.DefaultListableBeanFactory     : Creating shared instance of singleton bean 'org.springdoc.core.configuration.SpringDocSortConfiguration'
2026-06-01T20:33:29.651+08:00 DEBUG 31280 --- [pfms] [restartedMain] o.s.b.f.s.DefaultListableBeanFactory     : Autowiring by type from bean name 'sortOpenAPIConverter' via factory method to bean named 'springdocObjectMapperProvider'
2026-06-01T20:33:29.652+08:00 DEBUG 31280 --- [pfms] [restartedMain] o.s.b.f.s.DefaultListableBeanFactory     : Autowiring by type from bean name 'modelConverterRegistrar' via factory method to bean named 'additionalModelsConverter'
2026-06-01T20:33:29.652+08:00 DEBUG 31280 --- [pfms] [restartedMain] o.s.b.f.s.DefaultListableBeanFactory     : Autowiring by type from bean name 'modelConverterRegistrar' via factory method to bean named 'fileSupportConverter'
2026-06-01T20:33:29.652+08:00 DEBUG 31280 --- [pfms] [restartedMain] o.s.b.f.s.DefaultListableBeanFactory     : Autowiring by type from bean name 'modelConverterRegistrar' via factory method to bean named 'responseSupportConverter'
2026-06-01T20:33:29.652+08:00 DEBUG 31280 --- [pfms] [restartedMain] o.s.b.f.s.DefaultListableBeanFactory     : Autowiring by type from bean name 'modelConverterRegistrar' via factory method to bean named 'schemaPropertyDeprecatingConverter'
2026-06-01T20:33:29.652+08:00 DEBUG 31280 --- [pfms] [restartedMain] o.s.b.f.s.DefaultListableBeanFactory     : Autowiring by type from bean name 'modelConverterRegistrar' via factory method to bean named 'polymorphicModelConverter'
2026-06-01T20:33:29.652+08:00 DEBUG 31280 --- [pfms] [restartedMain] o.s.b.f.s.DefaultListableBeanFactory     : Autowiring by type from bean name 'modelConverterRegistrar' via factory method to bean named 'pageableOpenAPIConverter'
2026-06-01T20:33:29.652+08:00 DEBUG 31280 --- [pfms] [restartedMain] o.s.b.f.s.DefaultListableBeanFactory     : Autowiring by type from bean name 'modelConverterRegistrar' via factory method to bean named 'pageOpenAPIConverter'
2026-06-01T20:33:29.652+08:00 DEBUG 31280 --- [pfms] [restartedMain] o.s.b.f.s.DefaultListableBeanFactory     : Autowiring by type from bean name 'modelConverterRegistrar' via factory method to bean named 'sortOpenAPIConverter'
2026-06-01T20:33:29.652+08:00 DEBUG 31280 --- [pfms] [restartedMain] o.s.b.f.s.DefaultListableBeanFactory     : Autowiring by type from bean name 'modelConverterRegistrar' via factory method to bean named 'org.springdoc.core.properties.SpringDocConfigProperties'
2026-06-01T20:33:29.653+08:00 DEBUG 31280 --- [pfms] [restartedMain] o.s.b.f.s.DefaultListableBeanFactory     : Creating shared instance of singleton bean 'operationBuilder'
2026-06-01T20:33:29.654+08:00 DEBUG 31280 --- [pfms] [restartedMain] o.s.b.f.s.DefaultListableBeanFactory     : Creating shared instance of singleton bean 'parameterBuilder'
2026-06-01T20:33:29.654+08:00 DEBUG 31280 --- [pfms] [restartedMain] o.s.b.f.s.DefaultListableBeanFactory     : Creating shared instance of singleton bean 'parameterObjectNamingStrategyCustomizer'
2026-06-01T20:33:29.655+08:00 DEBUG 31280 --- [pfms] [restartedMain] o.s.b.f.s.DefaultListableBeanFactory     : Creating shared instance of singleton bean 'dataRestDelegatingMethodParameterCustomizer'
2026-06-01T20:33:29.656+08:00 DEBUG 31280 --- [pfms] [restartedMain] o.s.b.f.s.DefaultListableBeanFactory     : Autowiring by type from bean name 'parameterBuilder' via factory method to bean named 'propertyResolverUtils'
2026-06-01T20:33:29.657+08:00 DEBUG 31280 --- [pfms] [restartedMain] o.s.b.f.s.DefaultListableBeanFactory     : Autowiring by type from bean name 'parameterBuilder' via factory method to bean named 'parameterObjectNamingStrategyCustomizer'
2026-06-01T20:33:29.657+08:00 DEBUG 31280 --- [pfms] [restartedMain] o.s.b.f.s.DefaultListableBeanFactory     : Autowiring by type from bean name 'parameterBuilder' via factory method to bean named 'dataRestDelegatingMethodParameterCustomizer'
2026-06-01T20:33:29.657+08:00 DEBUG 31280 --- [pfms] [restartedMain] o.s.b.f.s.DefaultListableBeanFactory     : Autowiring by type from bean name 'parameterBuilder' via factory method to bean named 'webConversionServiceProvider'
2026-06-01T20:33:29.657+08:00 DEBUG 31280 --- [pfms] [restartedMain] o.s.b.f.s.DefaultListableBeanFactory     : Autowiring by type from bean name 'parameterBuilder' via factory method to bean named 'springdocObjectMapperProvider'
2026-06-01T20:33:29.658+08:00 DEBUG 31280 --- [pfms] [restartedMain] o.s.b.f.s.DefaultListableBeanFactory     : Creating shared instance of singleton bean 'requestBodyBuilder'
2026-06-01T20:33:29.658+08:00 DEBUG 31280 --- [pfms] [restartedMain] o.s.b.f.s.DefaultListableBeanFactory     : Autowiring by type from bean name 'requestBodyBuilder' via factory method to bean named 'parameterBuilder'
2026-06-01T20:33:29.658+08:00 DEBUG 31280 --- [pfms] [restartedMain] o.s.b.f.s.DefaultListableBeanFactory     : Autowiring by type from bean name 'requestBodyBuilder' via factory method to bean named 'propertyResolverUtils'
2026-06-01T20:33:29.659+08:00 DEBUG 31280 --- [pfms] [restartedMain] o.s.b.f.s.DefaultListableBeanFactory     : Autowiring by type from bean name 'operationBuilder' via factory method to bean named 'parameterBuilder'
2026-06-01T20:33:29.659+08:00 DEBUG 31280 --- [pfms] [restartedMain] o.s.b.f.s.DefaultListableBeanFactory     : Autowiring by type from bean name 'operationBuilder' via factory method to bean named 'requestBodyBuilder'
2026-06-01T20:33:29.659+08:00 DEBUG 31280 --- [pfms] [restartedMain] o.s.b.f.s.DefaultListableBeanFactory     : Autowiring by type from bean name 'operationBuilder' via factory method to bean named 'securityParser'
2026-06-01T20:33:29.659+08:00 DEBUG 31280 --- [pfms] [restartedMain] o.s.b.f.s.DefaultListableBeanFactory     : Autowiring by type from bean name 'operationBuilder' via factory method to bean named 'propertyResolverUtils'
2026-06-01T20:33:29.660+08:00 DEBUG 31280 --- [pfms] [restartedMain] o.s.b.f.s.DefaultListableBeanFactory     : Creating shared instance of singleton bean 'springDocProviders'
2026-06-01T20:33:29.660+08:00 DEBUG 31280 --- [pfms] [restartedMain] o.s.b.f.s.DefaultListableBeanFactory     : Creating shared instance of singleton bean 'routerFunctionProvider'
2026-06-01T20:33:29.661+08:00 DEBUG 31280 --- [pfms] [restartedMain] o.s.b.f.s.DefaultListableBeanFactory     : Creating shared instance of singleton bean 'org.springdoc.webmvc.core.configuration.SpringDocWebMvcConfiguration$SpringDocWebMvcRouterConfiguration'
2026-06-01T20:33:29.661+08:00 DEBUG 31280 --- [pfms] [restartedMain] o.s.b.f.s.DefaultListableBeanFactory     : Autowiring by type from bean name 'springDocProviders' via factory method to bean named 'routerFunctionProvider'
2026-06-01T20:33:29.661+08:00 DEBUG 31280 --- [pfms] [restartedMain] o.s.b.f.s.DefaultListableBeanFactory     : Autowiring by type from bean name 'springDocProviders' via factory method to bean named 'springWebProvider'
2026-06-01T20:33:29.662+08:00 DEBUG 31280 --- [pfms] [restartedMain] o.s.b.f.s.DefaultListableBeanFactory     : Autowiring by type from bean name 'springDocProviders' via factory method to bean named 'springdocObjectMapperProvider'
2026-06-01T20:33:29.662+08:00 DEBUG 31280 --- [pfms] [restartedMain] o.s.b.f.s.DefaultListableBeanFactory     : Creating shared instance of singleton bean 'springDocCustomizers'
2026-06-01T20:33:29.662+08:00 DEBUG 31280 --- [pfms] [restartedMain] o.s.b.f.s.DefaultListableBeanFactory     : Creating shared instance of singleton bean 'globalOpenApiCustomizer'
2026-06-01T20:33:29.665+08:00 DEBUG 31280 --- [pfms] [restartedMain] o.s.b.f.s.DefaultListableBeanFactory     : Autowiring by type from bean name 'springDocCustomizers' via factory method to bean named 'globalOpenApiCustomizer'
2026-06-01T20:33:29.666+08:00 DEBUG 31280 --- [pfms] [restartedMain] o.s.b.f.s.DefaultListableBeanFactory     : Creating shared instance of singleton bean 'openApiResource'
2026-06-01T20:33:29.666+08:00 DEBUG 31280 --- [pfms] [restartedMain] o.s.b.f.s.DefaultListableBeanFactory     : Creating shared instance of singleton bean 'requestBuilder'
2026-06-01T20:33:29.667+08:00 DEBUG 31280 --- [pfms] [restartedMain] o.s.b.f.s.DefaultListableBeanFactory     : Autowiring by type from bean name 'requestBuilder' via factory method to bean named 'parameterBuilder'
2026-06-01T20:33:29.667+08:00 DEBUG 31280 --- [pfms] [restartedMain] o.s.b.f.s.DefaultListableBeanFactory     : Autowiring by type from bean name 'requestBuilder' via factory method to bean named 'requestBodyBuilder'
2026-06-01T20:33:29.668+08:00 DEBUG 31280 --- [pfms] [restartedMain] o.s.b.f.s.DefaultListableBeanFactory     : Autowiring by type from bean name 'requestBuilder' via factory method to bean named 'localSpringDocParameterNameDiscoverer'
2026-06-01T20:33:29.668+08:00 DEBUG 31280 --- [pfms] [restartedMain] o.s.b.f.s.DefaultListableBeanFactory     : Creating shared instance of singleton bean 'responseBuilder'
2026-06-01T20:33:29.668+08:00 DEBUG 31280 --- [pfms] [restartedMain] o.s.b.f.s.DefaultListableBeanFactory     : Autowiring by type from bean name 'responseBuilder' via factory method to bean named 'operationBuilder'
2026-06-01T20:33:29.668+08:00 DEBUG 31280 --- [pfms] [restartedMain] o.s.b.f.s.DefaultListableBeanFactory     : Autowiring by type from bean name 'responseBuilder' via factory method to bean named 'org.springdoc.core.properties.SpringDocConfigProperties'
2026-06-01T20:33:29.669+08:00 DEBUG 31280 --- [pfms] [restartedMain] o.s.b.f.s.DefaultListableBeanFactory     : Autowiring by type from bean name 'responseBuilder' via factory method to bean named 'propertyResolverUtils'
2026-06-01T20:33:29.670+08:00 DEBUG 31280 --- [pfms] [restartedMain] o.s.b.f.s.DefaultListableBeanFactory     : Autowiring by type from bean name 'openApiResource' via factory method to bean named 'requestBuilder'
2026-06-01T20:33:29.670+08:00 DEBUG 31280 --- [pfms] [restartedMain] o.s.b.f.s.DefaultListableBeanFactory     : Autowiring by type from bean name 'openApiResource' via factory method to bean named 'responseBuilder'
2026-06-01T20:33:29.670+08:00 DEBUG 31280 --- [pfms] [restartedMain] o.s.b.f.s.DefaultListableBeanFactory     : Autowiring by type from bean name 'openApiResource' via factory method to bean named 'operationBuilder'
2026-06-01T20:33:29.670+08:00 DEBUG 31280 --- [pfms] [restartedMain] o.s.b.f.s.DefaultListableBeanFactory     : Autowiring by type from bean name 'openApiResource' via factory method to bean named 'org.springdoc.core.properties.SpringDocConfigProperties'
2026-06-01T20:33:29.670+08:00 DEBUG 31280 --- [pfms] [restartedMain] o.s.b.f.s.DefaultListableBeanFactory     : Autowiring by type from bean name 'openApiResource' via factory method to bean named 'springDocProviders'
2026-06-01T20:33:29.671+08:00 DEBUG 31280 --- [pfms] [restartedMain] o.s.b.f.s.DefaultListableBeanFactory     : Autowiring by type from bean name 'openApiResource' via factory method to bean named 'springDocCustomizers'
2026-06-01T20:33:29.671+08:00 DEBUG 31280 --- [pfms] [restartedMain] o.s.b.f.s.DefaultListableBeanFactory     : Creating shared instance of singleton bean 'swaggerConfigResource'
2026-06-01T20:33:29.671+08:00 DEBUG 31280 --- [pfms] [restartedMain] o.s.b.f.s.DefaultListableBeanFactory     : Autowiring by type from bean name 'swaggerConfigResource' via factory method to bean named 'swaggerWelcome'
2026-06-01T20:33:29.672+08:00 DEBUG 31280 --- [pfms] [restartedMain] o.s.b.f.s.DefaultListableBeanFactory     : Creating shared instance of singleton bean 'org.springframework.boot.autoconfigure.aop.AopAutoConfiguration$AspectJAutoProxyingConfiguration$CglibAutoProxyConfiguration'
2026-06-01T20:33:29.672+08:00 DEBUG 31280 --- [pfms] [restartedMain] o.s.b.f.s.DefaultListableBeanFactory     : Creating shared instance of singleton bean 'org.springframework.boot.autoconfigure.aop.AopAutoConfiguration$AspectJAutoProxyingConfiguration'
2026-06-01T20:33:29.672+08:00 DEBUG 31280 --- [pfms] [restartedMain] o.s.b.f.s.DefaultListableBeanFactory     : Creating shared instance of singleton bean 'org.springframework.boot.autoconfigure.aop.AopAutoConfiguration'
2026-06-01T20:33:29.672+08:00 DEBUG 31280 --- [pfms] [restartedMain] o.s.b.f.s.DefaultListableBeanFactory     : Creating shared instance of singleton bean 'org.springframework.boot.autoconfigure.availability.ApplicationAvailabilityAutoConfiguration'
2026-06-01T20:33:29.673+08:00 DEBUG 31280 --- [pfms] [restartedMain] o.s.b.f.s.DefaultListableBeanFactory     : Creating shared instance of singleton bean 'applicationAvailability'
2026-06-01T20:33:29.673+08:00 DEBUG 31280 --- [pfms] [restartedMain] o.s.b.f.s.DefaultListableBeanFactory     : Creating shared instance of singleton bean 'org.springframework.boot.autoconfigure.context.ConfigurationPropertiesAutoConfiguration'
2026-06-01T20:33:29.673+08:00 DEBUG 31280 --- [pfms] [restartedMain] o.s.b.f.s.DefaultListableBeanFactory     : Creating shared instance of singleton bean 'org.springframework.boot.autoconfigure.context.LifecycleAutoConfiguration'
2026-06-01T20:33:29.674+08:00 DEBUG 31280 --- [pfms] [restartedMain] o.s.b.f.s.DefaultListableBeanFactory     : Creating shared instance of singleton bean 'lifecycleProcessor'
2026-06-01T20:33:29.674+08:00 DEBUG 31280 --- [pfms] [restartedMain] o.s.b.f.s.DefaultListableBeanFactory     : Creating shared instance of singleton bean 'spring.lifecycle-org.springframework.boot.autoconfigure.context.LifecycleProperties'
2026-06-01T20:33:29.675+08:00 DEBUG 31280 --- [pfms] [restartedMain] o.s.b.f.s.DefaultListableBeanFactory     : Autowiring by type from bean name 'lifecycleProcessor' via factory method to bean named 'spring.lifecycle-org.springframework.boot.autoconfigure.context.LifecycleProperties'
2026-06-01T20:33:29.676+08:00 DEBUG 31280 --- [pfms] [restartedMain] o.s.b.f.s.DefaultListableBeanFactory     : Creating shared instance of singleton bean 'org.springframework.boot.autoconfigure.info.ProjectInfoAutoConfiguration'
2026-06-01T20:33:29.676+08:00 DEBUG 31280 --- [pfms] [restartedMain] o.s.b.f.s.DefaultListableBeanFactory     : Creating shared instance of singleton bean 'spring.info-org.springframework.boot.autoconfigure.info.ProjectInfoProperties'
2026-06-01T20:33:29.677+08:00 DEBUG 31280 --- [pfms] [restartedMain] o.s.b.f.s.DefaultListableBeanFactory     : Autowiring by type from bean name 'org.springframework.boot.autoconfigure.info.ProjectInfoAutoConfiguration' via constructor to bean named 'spring.info-org.springframework.boot.autoconfigure.info.ProjectInfoProperties'
2026-06-01T20:33:29.677+08:00 DEBUG 31280 --- [pfms] [restartedMain] o.s.b.f.s.DefaultListableBeanFactory     : Creating shared instance of singleton bean 'org.springframework.boot.autoconfigure.task.TaskSchedulingConfigurations$ThreadPoolTaskSchedulerBuilderConfiguration'
2026-06-01T20:33:29.677+08:00 DEBUG 31280 --- [pfms] [restartedMain] o.s.b.f.s.DefaultListableBeanFactory     : Creating shared instance of singleton bean 'threadPoolTaskSchedulerBuilder'
2026-06-01T20:33:29.678+08:00 DEBUG 31280 --- [pfms] [restartedMain] o.s.b.f.s.DefaultListableBeanFactory     : Creating shared instance of singleton bean 'spring.task.scheduling-org.springframework.boot.autoconfigure.task.TaskSchedulingProperties'
2026-06-01T20:33:29.678+08:00 DEBUG 31280 --- [pfms] [restartedMain] o.s.b.f.s.DefaultListableBeanFactory     : Autowiring by type from bean name 'threadPoolTaskSchedulerBuilder' via factory method to bean named 'spring.task.scheduling-org.springframework.boot.autoconfigure.task.TaskSchedulingProperties'
2026-06-01T20:33:29.679+08:00 DEBUG 31280 --- [pfms] [restartedMain] o.s.b.f.s.DefaultListableBeanFactory     : Creating shared instance of singleton bean 'org.springframework.boot.autoconfigure.task.TaskSchedulingConfigurations$SimpleAsyncTaskSchedulerBuilderConfiguration'
2026-06-01T20:33:29.679+08:00 DEBUG 31280 --- [pfms] [restartedMain] o.s.b.f.s.DefaultListableBeanFactory     : Autowiring by type from bean name 'org.springframework.boot.autoconfigure.task.TaskSchedulingConfigurations$SimpleAsyncTaskSchedulerBuilderConfiguration' via constructor to bean named 'spring.task.scheduling-org.springframework.boot.autoconfigure.task.TaskSchedulingProperties'
2026-06-01T20:33:29.680+08:00 DEBUG 31280 --- [pfms] [restartedMain] o.s.b.f.s.DefaultListableBeanFactory     : Creating shared instance of singleton bean 'simpleAsyncTaskSchedulerBuilder'
2026-06-01T20:33:29.680+08:00 DEBUG 31280 --- [pfms] [restartedMain] o.s.b.f.s.DefaultListableBeanFactory     : Creating shared instance of singleton bean 'org.springframework.boot.autoconfigure.task.TaskSchedulingConfigurations$TaskSchedulerConfiguration'
2026-06-01T20:33:29.681+08:00 DEBUG 31280 --- [pfms] [restartedMain] o.s.b.f.s.DefaultListableBeanFactory     : Creating shared instance of singleton bean 'taskScheduler'
2026-06-01T20:33:29.681+08:00 DEBUG 31280 --- [pfms] [restartedMain] o.s.b.f.s.DefaultListableBeanFactory     : Autowiring by type from bean name 'taskScheduler' via factory method to bean named 'threadPoolTaskSchedulerBuilder'
2026-06-01T20:33:29.681+08:00 DEBUG 31280 --- [pfms] [restartedMain] o.s.s.c.ThreadPoolTaskScheduler          : Initializing ExecutorService 'taskScheduler'
2026-06-01T20:33:29.682+08:00 DEBUG 31280 --- [pfms] [restartedMain] o.s.b.f.s.DefaultListableBeanFactory     : Creating shared instance of singleton bean 'org.springframework.boot.autoconfigure.task.TaskSchedulingAutoConfiguration'
2026-06-01T20:33:29.682+08:00 DEBUG 31280 --- [pfms] [restartedMain] o.s.b.f.s.DefaultListableBeanFactory     : Creating shared instance of singleton bean 'scheduledBeanLazyInitializationExcludeFilter'
2026-06-01T20:33:29.683+08:00 DEBUG 31280 --- [pfms] [restartedMain] o.s.b.f.s.DefaultListableBeanFactory     : Creating shared instance of singleton bean 'org.springframework.data.web.config.ProjectingArgumentResolverRegistrar'
2026-06-01T20:33:29.683+08:00 DEBUG 31280 --- [pfms] [restartedMain] o.s.b.f.s.DefaultListableBeanFactory     : Creating shared instance of singleton bean 'offsetResolver'
2026-06-01T20:33:29.683+08:00 DEBUG 31280 --- [pfms] [restartedMain] o.s.b.f.s.DefaultListableBeanFactory     : Creating shared instance of singleton bean 'org.springframework.data.web.config.SpringDataJacksonConfiguration'
2026-06-01T20:33:29.684+08:00 DEBUG 31280 --- [pfms] [restartedMain] o.s.b.f.s.DefaultListableBeanFactory     : Creating shared instance of singleton bean 'jacksonGeoModule'
2026-06-01T20:33:29.684+08:00 DEBUG 31280 --- [pfms] [restartedMain] o.s.b.f.s.DefaultListableBeanFactory     : Creating shared instance of singleton bean 'pageModule'
2026-06-01T20:33:29.685+08:00 DEBUG 31280 --- [pfms] [restartedMain] o.s.b.f.s.DefaultListableBeanFactory     : Creating shared instance of singleton bean 'org.springframework.boot.transaction.jta.autoconfigure.JtaAutoConfiguration'
2026-06-01T20:33:29.685+08:00 DEBUG 31280 --- [pfms] [restartedMain] o.s.b.f.s.DefaultListableBeanFactory     : Creating shared instance of singleton bean 'org.springframework.boot.jdbc.autoconfigure.DataSourcePoolMetadataProvidersConfiguration'
2026-06-01T20:33:29.685+08:00 DEBUG 31280 --- [pfms] [restartedMain] o.s.b.f.s.DefaultListableBeanFactory     : Creating shared instance of singleton bean 'org.springframework.boot.jdbc.autoconfigure.DataSourceAutoConfiguration'
2026-06-01T20:33:29.686+08:00 DEBUG 31280 --- [pfms] [restartedMain] o.s.b.f.s.DefaultListableBeanFactory     : Creating shared instance of singleton bean 'org.springframework.boot.transaction.autoconfigure.TransactionManagerCustomizationAutoConfiguration'
2026-06-01T20:33:29.686+08:00 DEBUG 31280 --- [pfms] [restartedMain] o.s.b.f.s.DefaultListableBeanFactory     : Creating shared instance of singleton bean 'platformTransactionManagerCustomizers'
2026-06-01T20:33:29.686+08:00 DEBUG 31280 --- [pfms] [restartedMain] o.s.b.f.s.DefaultListableBeanFactory     : Creating shared instance of singleton bean 'transactionExecutionListeners'
2026-06-01T20:33:29.687+08:00 DEBUG 31280 --- [pfms] [restartedMain] o.s.b.f.s.DefaultListableBeanFactory     : Creating shared instance of singleton bean 'spring.transaction-org.springframework.boot.transaction.autoconfigure.TransactionProperties'
2026-06-01T20:33:29.688+08:00 DEBUG 31280 --- [pfms] [restartedMain] o.s.b.f.s.DefaultListableBeanFactory     : Creating shared instance of singleton bean 'org.springframework.boot.jpa.autoconfigure.JpaBaseConfiguration$PersistenceManagedTypesConfiguration'
2026-06-01T20:33:29.689+08:00 DEBUG 31280 --- [pfms] [restartedMain] o.s.b.f.s.DefaultListableBeanFactory     : Creating shared instance of singleton bean 'transactionManager'
2026-06-01T20:33:29.690+08:00 DEBUG 31280 --- [pfms] [restartedMain] o.s.b.f.s.DefaultListableBeanFactory     : Creating shared instance of singleton bean 'org.springframework.boot.hibernate.autoconfigure.HibernateJpaAutoConfiguration'
2026-06-01T20:33:29.690+08:00 DEBUG 31280 --- [pfms] [restartedMain] o.s.b.f.s.DefaultListableBeanFactory     : Creating shared instance of singleton bean 'org.springframework.boot.data.jpa.autoconfigure.DataJpaRepositoriesAutoConfiguration'
2026-06-01T20:33:29.690+08:00 DEBUG 31280 --- [pfms] [restartedMain] o.s.b.f.s.DefaultListableBeanFactory     : Creating shared instance of singleton bean 'eagerJpaMetamodelCacheCleanup'
2026-06-01T20:33:29.692+08:00 DEBUG 31280 --- [pfms] [restartedMain] o.s.b.f.s.DefaultListableBeanFactory     : Creating shared instance of singleton bean 'org.springframework.data.jpa.util.JpaMetamodelCacheCleanup'
2026-06-01T20:33:29.692+08:00 DEBUG 31280 --- [pfms] [restartedMain] o.s.b.f.s.DefaultListableBeanFactory     : Creating shared instance of singleton bean 'org.springframework.data.jpa.repository.support.JpaEvaluationContextExtension'
2026-06-01T20:33:29.692+08:00 DEBUG 31280 --- [pfms] [restartedMain] o.s.b.f.s.DefaultListableBeanFactory     : Creating shared instance of singleton bean 'data-jpa.repository-aot-processor#0'
2026-06-01T20:33:29.693+08:00 DEBUG 31280 --- [pfms] [restartedMain] o.s.b.f.s.DefaultListableBeanFactory     : Creating shared instance of singleton bean 'org.springframework.boot.devtools.autoconfigure.DevToolsDataSourceAutoConfiguration$DatabaseShutdownExecutorEntityManagerFactoryDependsOnConfiguration'
2026-06-01T20:33:29.693+08:00 DEBUG 31280 --- [pfms] [restartedMain] o.s.b.f.s.DefaultListableBeanFactory     : Creating shared instance of singleton bean 'org.springframework.boot.devtools.autoconfigure.LocalDevToolsAutoConfiguration$RestartConfiguration'
2026-06-01T20:33:29.694+08:00 DEBUG 31280 --- [pfms] [restartedMain] o.s.b.f.s.DefaultListableBeanFactory     : Creating shared instance of singleton bean 'spring.devtools-org.springframework.boot.devtools.autoconfigure.DevToolsProperties'
2026-06-01T20:33:29.695+08:00 DEBUG 31280 --- [pfms] [restartedMain] o.s.b.f.s.DefaultListableBeanFactory     : Autowiring by type from bean name 'org.springframework.boot.devtools.autoconfigure.LocalDevToolsAutoConfiguration$RestartConfiguration' via constructor to bean named 'spring.devtools-org.springframework.boot.devtools.autoconfigure.DevToolsProperties'
2026-06-01T20:33:29.695+08:00 DEBUG 31280 --- [pfms] [restartedMain] o.s.b.f.s.DefaultListableBeanFactory     : Creating shared instance of singleton bean 'restartingClassPathChangedEventListener'
2026-06-01T20:33:29.695+08:00 DEBUG 31280 --- [pfms] [restartedMain] o.s.b.f.s.DefaultListableBeanFactory     : Creating shared instance of singleton bean 'fileSystemWatcherFactory'
2026-06-01T20:33:29.696+08:00 DEBUG 31280 --- [pfms] [restartedMain] o.s.b.f.s.DefaultListableBeanFactory     : Autowiring by type from bean name 'restartingClassPathChangedEventListener' via factory method to bean named 'fileSystemWatcherFactory'
2026-06-01T20:33:29.696+08:00 DEBUG 31280 --- [pfms] [restartedMain] o.s.b.f.s.DefaultListableBeanFactory     : Creating shared instance of singleton bean 'classPathFileSystemWatcher'
2026-06-01T20:33:29.696+08:00 DEBUG 31280 --- [pfms] [restartedMain] o.s.b.f.s.DefaultListableBeanFactory     : Creating shared instance of singleton bean 'classPathRestartStrategy'
2026-06-01T20:33:29.697+08:00 DEBUG 31280 --- [pfms] [restartedMain] o.s.b.f.s.DefaultListableBeanFactory     : Autowiring by type from bean name 'classPathFileSystemWatcher' via factory method to bean named 'fileSystemWatcherFactory'
2026-06-01T20:33:29.697+08:00 DEBUG 31280 --- [pfms] [restartedMain] o.s.b.f.s.DefaultListableBeanFactory     : Autowiring by type from bean name 'classPathFileSystemWatcher' via factory method to bean named 'classPathRestartStrategy'
2026-06-01T20:33:29.698+08:00 DEBUG 31280 --- [pfms] [restartedMain] o.s.b.f.s.DefaultListableBeanFactory     : Creating shared instance of singleton bean 'conditionEvaluationDeltaLoggingListener'
2026-06-01T20:33:29.698+08:00 DEBUG 31280 --- [pfms] [restartedMain] o.s.b.f.s.DefaultListableBeanFactory     : Creating shared instance of singleton bean 'org.springframework.boot.devtools.autoconfigure.LocalDevToolsAutoConfiguration'
2026-06-01T20:33:29.699+08:00 DEBUG 31280 --- [pfms] [restartedMain] o.s.b.f.s.DefaultListableBeanFactory     : Creating shared instance of singleton bean 'org.springframework.boot.http.converter.autoconfigure.JacksonHttpMessageConvertersConfiguration'
2026-06-01T20:33:29.699+08:00 DEBUG 31280 --- [pfms] [restartedMain] o.s.b.f.s.DefaultListableBeanFactory     : Creating shared instance of singleton bean 'org.springframework.boot.http.converter.autoconfigure.Jackson2HttpMessageConvertersConfiguration'
2026-06-01T20:33:29.699+08:00 DEBUG 31280 --- [pfms] [restartedMain] o.s.b.f.s.DefaultListableBeanFactory     : Creating shared instance of singleton bean 'clientConvertersCustomizer'
2026-06-01T20:33:29.700+08:00 DEBUG 31280 --- [pfms] [restartedMain] o.s.b.f.s.DefaultListableBeanFactory     : Creating shared instance of singleton bean 'org.springframework.boot.jdbc.autoconfigure.JdbcTemplateConfiguration'
2026-06-01T20:33:29.700+08:00 DEBUG 31280 --- [pfms] [restartedMain] o.s.b.f.s.DefaultListableBeanFactory     : Creating shared instance of singleton bean 'jdbcTemplate'
2026-06-01T20:33:29.701+08:00 DEBUG 31280 --- [pfms] [restartedMain] o.s.b.f.s.DefaultListableBeanFactory     : Creating shared instance of singleton bean 'spring.jdbc-org.springframework.boot.jdbc.autoconfigure.JdbcProperties'
2026-06-01T20:33:29.701+08:00 DEBUG 31280 --- [pfms] [restartedMain] o.s.b.f.s.DefaultListableBeanFactory     : Autowiring by type from bean name 'jdbcTemplate' via factory method to bean named 'dataSource'
2026-06-01T20:33:29.702+08:00 DEBUG 31280 --- [pfms] [restartedMain] o.s.b.f.s.DefaultListableBeanFactory     : Autowiring by type from bean name 'jdbcTemplate' via factory method to bean named 'spring.jdbc-org.springframework.boot.jdbc.autoconfigure.JdbcProperties'
2026-06-01T20:33:29.702+08:00 DEBUG 31280 --- [pfms] [restartedMain] o.s.b.f.s.DefaultListableBeanFactory     : Creating shared instance of singleton bean 'org.springframework.boot.jdbc.autoconfigure.NamedParameterJdbcTemplateConfiguration'
2026-06-01T20:33:29.702+08:00 DEBUG 31280 --- [pfms] [restartedMain] o.s.b.f.s.DefaultListableBeanFactory     : Creating shared instance of singleton bean 'namedParameterJdbcTemplate'
2026-06-01T20:33:29.703+08:00 DEBUG 31280 --- [pfms] [restartedMain] o.s.b.f.s.DefaultListableBeanFactory     : Autowiring by type from bean name 'namedParameterJdbcTemplate' via factory method to bean named 'jdbcTemplate'
2026-06-01T20:33:29.703+08:00 DEBUG 31280 --- [pfms] [restartedMain] o.s.b.f.s.DefaultListableBeanFactory     : Creating shared instance of singleton bean 'org.springframework.boot.jdbc.autoconfigure.JdbcTemplateAutoConfiguration'
2026-06-01T20:33:29.703+08:00 DEBUG 31280 --- [pfms] [restartedMain] o.s.b.f.s.DefaultListableBeanFactory     : Creating shared instance of singleton bean 'org.springframework.boot.jdbc.autoconfigure.JdbcClientAutoConfiguration'
2026-06-01T20:33:29.704+08:00 DEBUG 31280 --- [pfms] [restartedMain] o.s.b.f.s.DefaultListableBeanFactory     : Creating shared instance of singleton bean 'jdbcClient'
2026-06-01T20:33:29.704+08:00 DEBUG 31280 --- [pfms] [restartedMain] o.s.b.f.s.DefaultListableBeanFactory     : Autowiring by type from bean name 'jdbcClient' via factory method to bean named 'namedParameterJdbcTemplate'
2026-06-01T20:33:29.704+08:00 DEBUG 31280 --- [pfms] [restartedMain] o.s.b.f.s.DefaultListableBeanFactory     : Creating shared instance of singleton bean 'org.springframework.boot.persistence.autoconfigure.PersistenceExceptionTranslationAutoConfiguration'
2026-06-01T20:33:29.705+08:00 DEBUG 31280 --- [pfms] [restartedMain] o.s.b.f.s.DefaultListableBeanFactory     : Creating shared instance of singleton bean 'multipartResolver'
2026-06-01T20:33:29.705+08:00 DEBUG 31280 --- [pfms] [restartedMain] o.s.b.f.s.DefaultListableBeanFactory     : Creating shared instance of singleton bean 'org.springframework.boot.jdbc.autoconfigure.DataSourceTransactionManagerAutoConfiguration$JdbcTransactionManagerConfiguration'
2026-06-01T20:33:29.705+08:00 DEBUG 31280 --- [pfms] [restartedMain] o.s.b.f.s.DefaultListableBeanFactory     : Creating shared instance of singleton bean 'org.springframework.boot.jdbc.autoconfigure.DataSourceTransactionManagerAutoConfiguration'
2026-06-01T20:33:29.706+08:00 DEBUG 31280 --- [pfms] [restartedMain] o.s.b.f.s.DefaultListableBeanFactory     : Creating shared instance of singleton bean 'org.springframework.boot.transaction.autoconfigure.TransactionAutoConfiguration$EnableTransactionManagementConfiguration$CglibAutoProxyConfiguration'
2026-06-01T20:33:29.706+08:00 DEBUG 31280 --- [pfms] [restartedMain] o.s.b.f.s.DefaultListableBeanFactory     : Creating shared instance of singleton bean 'org.springframework.boot.transaction.autoconfigure.TransactionAutoConfiguration$EnableTransactionManagementConfiguration'
2026-06-01T20:33:29.706+08:00 DEBUG 31280 --- [pfms] [restartedMain] o.s.b.f.s.DefaultListableBeanFactory     : Creating shared instance of singleton bean 'org.springframework.boot.transaction.autoconfigure.TransactionAutoConfiguration$TransactionTemplateConfiguration'
2026-06-01T20:33:29.707+08:00 DEBUG 31280 --- [pfms] [restartedMain] o.s.b.f.s.DefaultListableBeanFactory     : Creating shared instance of singleton bean 'transactionTemplate'
2026-06-01T20:33:29.707+08:00 DEBUG 31280 --- [pfms] [restartedMain] o.s.b.f.s.DefaultListableBeanFactory     : Autowiring by type from bean name 'transactionTemplate' via factory method to bean named 'transactionManager'
2026-06-01T20:33:29.707+08:00 DEBUG 31280 --- [pfms] [restartedMain] o.s.b.f.s.DefaultListableBeanFactory     : Creating shared instance of singleton bean 'org.springframework.boot.transaction.autoconfigure.TransactionAutoConfiguration'
2026-06-01T20:33:29.709+08:00 DEBUG 31280 --- [pfms] [restartedMain] o.s.c.e.EventListenerMethodProcessor     : Could not resolve methods for bean with name 'queryDslQuerydslPredicateOperationCustomizer'

java.lang.IllegalStateException: Failed to introspect Class [org.springdoc.core.customizers.QuerydslPredicateOperationCustomizer] from ClassLoader [jdk.internal.loader.ClassLoaders$AppClassLoader@33909752]
	at org.springframework.util.ReflectionUtils.getDeclaredMethods(ReflectionUtils.java:483) ~[spring-core-7.0.7.jar:7.0.7]
	at org.springframework.util.ReflectionUtils.doWithMethods(ReflectionUtils.java:360) ~[spring-core-7.0.7.jar:7.0.7]
	at org.springframework.core.MethodIntrospector.selectMethods(MethodIntrospector.java:74) ~[spring-core-7.0.7.jar:7.0.7]
	at org.springframework.context.event.EventListenerMethodProcessor.processBean(EventListenerMethodProcessor.java:159) ~[spring-context-7.0.7.jar:7.0.7]
	at org.springframework.context.event.EventListenerMethodProcessor.afterSingletonsInstantiated(EventListenerMethodProcessor.java:141) ~[spring-context-7.0.7.jar:7.0.7]
	at org.springframework.beans.factory.support.DefaultListableBeanFactory.preInstantiateSingletons(DefaultListableBeanFactory.java:1147) ~[spring-beans-7.0.7.jar:7.0.7]
	at org.springframework.context.support.AbstractApplicationContext.finishBeanFactoryInitialization(AbstractApplicationContext.java:994) ~[spring-context-7.0.7.jar:7.0.7]
	at org.springframework.context.support.AbstractApplicationContext.refresh(AbstractApplicationContext.java:621) ~[spring-context-7.0.7.jar:7.0.7]
	at org.springframework.boot.web.server.servlet.context.ServletWebServerApplicationContext.refresh(ServletWebServerApplicationContext.java:143) ~[spring-boot-web-server-4.0.6.jar:4.0.6]
	at org.springframework.boot.SpringApplication.refresh(SpringApplication.java:756) ~[spring-boot-4.0.6.jar:4.0.6]
	at org.springframework.boot.SpringApplication.refreshContext(SpringApplication.java:445) ~[spring-boot-4.0.6.jar:4.0.6]
	at org.springframework.boot.SpringApplication.run(SpringApplication.java:321) ~[spring-boot-4.0.6.jar:4.0.6]
	at org.springframework.boot.SpringApplication.run(SpringApplication.java:1365) ~[spring-boot-4.0.6.jar:4.0.6]
	at org.springframework.boot.SpringApplication.run(SpringApplication.java:1354) ~[spring-boot-4.0.6.jar:4.0.6]
	at com.app.pfms.PfmsApplication.main(PfmsApplication.java:10) ~[classes/:na]
	at java.base/jdk.internal.reflect.DirectMethodHandleAccessor.invoke(DirectMethodHandleAccessor.java:103) ~[na:na]
	at java.base/java.lang.reflect.Method.invoke(Method.java:580) ~[na:na]
	at org.springframework.boot.devtools.restart.RestartLauncher.run(RestartLauncher.java:52) ~[spring-boot-devtools-4.0.6.jar:4.0.6]
Caused by: java.lang.NoClassDefFoundError: org/springframework/data/util/TypeInformation
	at java.base/java.lang.Class.getDeclaredMethods0(Native Method) ~[na:na]
	at java.base/java.lang.Class.privateGetDeclaredMethods(Class.java:3578) ~[na:na]
	at java.base/java.lang.Class.getDeclaredMethods(Class.java:2676) ~[na:na]
	at org.springframework.util.ReflectionUtils.getDeclaredMethods(ReflectionUtils.java:465) ~[spring-core-7.0.7.jar:7.0.7]
	... 17 common frames omitted
Caused by: java.lang.ClassNotFoundException: org.springframework.data.util.TypeInformation
	at java.base/jdk.internal.loader.BuiltinClassLoader.loadClass(BuiltinClassLoader.java:641) ~[na:na]
	at java.base/jdk.internal.loader.ClassLoaders$AppClassLoader.loadClass(ClassLoaders.java:188) ~[na:na]
	at java.base/java.lang.ClassLoader.loadClass(ClassLoader.java:526) ~[na:na]
	... 21 common frames omitted

2026-06-01T20:33:29.718+08:00 DEBUG 31280 --- [pfms] [restartedMain] o.s.c.support.DefaultLifecycleProcessor  : Starting beans in phase -2147483647
2026-06-01T20:33:29.719+08:00 DEBUG 31280 --- [pfms] [restartedMain] o.s.c.support.DefaultLifecycleProcessor  : Successfully started bean 'springBootLoggingLifecycle'
2026-06-01T20:33:29.719+08:00 DEBUG 31280 --- [pfms] [restartedMain] o.s.c.support.DefaultLifecycleProcessor  : Starting beans in phase 1073741823
2026-06-01T20:33:29.719+08:00 DEBUG 31280 --- [pfms] [restartedMain] o.s.c.support.DefaultLifecycleProcessor  : Starting beans in phase 2147481599
2026-06-01T20:33:29.725+08:00  INFO 31280 --- [pfms] [restartedMain] o.s.boot.tomcat.TomcatWebServer          : Tomcat started on port 8080 (http) with context path '/'
2026-06-01T20:33:29.725+08:00 DEBUG 31280 --- [pfms] [restartedMain] o.s.c.support.DefaultLifecycleProcessor  : Successfully started bean 'webServerStartStop'
2026-06-01T20:33:29.726+08:00 DEBUG 31280 --- [pfms] [restartedMain] o.s.c.support.DefaultLifecycleProcessor  : Starting beans in phase 2147482623
2026-06-01T20:33:29.726+08:00 DEBUG 31280 --- [pfms] [restartedMain] o.s.c.support.DefaultLifecycleProcessor  : Successfully started bean 'webServerGracefulShutdown'
2026-06-01T20:33:29.731+08:00 DEBUG 31280 --- [pfms] [restartedMain] .s.b.a.l.ConditionEvaluationReportLogger : 


============================
CONDITIONS EVALUATION REPORT
============================


Positive matches:
-----------------

   AopAutoConfiguration matched:
      - @ConditionalOnBooleanProperty (spring.aop.auto=true) matched (OnPropertyCondition)

   AopAutoConfiguration.AspectJAutoProxyingConfiguration matched:
      - @ConditionalOnClass found required class 'org.aspectj.weaver.Advice' (OnClassCondition)

   AopAutoConfiguration.AspectJAutoProxyingConfiguration.CglibAutoProxyConfiguration matched:
      - @ConditionalOnBooleanProperty (spring.aop.proxy-target-class=true) matched (OnPropertyCondition)

   ApplicationAvailabilityAutoConfiguration#applicationAvailability matched:
      - @ConditionalOnMissingBean (types: org.springframework.boot.availability.ApplicationAvailability; SearchStrategy: all) did not find any beans (OnBeanCondition)

   DataJpaRepositoriesAutoConfiguration matched:
      - @ConditionalOnClass found required class 'org.springframework.data.jpa.repository.JpaRepository' (OnClassCondition)
      - @ConditionalOnBooleanProperty (spring.data.jpa.repositories.enabled=true) matched (OnPropertyCondition)
      - @ConditionalOnBean (types: javax.sql.DataSource; SearchStrategy: all) found bean 'dataSource'; @ConditionalOnMissingBean (types: org.springframework.data.jpa.repository.support.JpaRepositoryFactoryBean,org.springframework.data.jpa.repository.config.JpaRepositoryConfigExtension; SearchStrategy: all) did not find any beans (OnBeanCondition)

   DataSourceAutoConfiguration matched:
      - @ConditionalOnClass found required classes 'javax.sql.DataSource', 'org.springframework.jdbc.datasource.embedded.EmbeddedDatabaseType' (OnClassCondition)
      - @ConditionalOnMissingBean (types: io.r2dbc.spi.ConnectionFactory; SearchStrategy: all) did not find any beans (OnBeanCondition)

   DataSourceAutoConfiguration.PooledDataSourceConfiguration matched:
      - AnyNestedCondition 1 matched 1 did not; NestedCondition on DataSourceAutoConfiguration.PooledDataSourceCondition.PooledDataSourceAvailable PooledDataSource found supported DataSource; NestedCondition on DataSourceAutoConfiguration.PooledDataSourceCondition.ExplicitType @ConditionalOnProperty (spring.datasource.type) did not find property 'spring.datasource.type' (DataSourceAutoConfiguration.PooledDataSourceCondition)
      - @ConditionalOnMissingBean (types: javax.sql.DataSource,javax.sql.XADataSource; SearchStrategy: all) did not find any beans (OnBeanCondition)

   DataSourceAutoConfiguration.PooledDataSourceConfiguration#jdbcConnectionDetails matched:
      - @ConditionalOnMissingBean (types: org.springframework.boot.jdbc.autoconfigure.JdbcConnectionDetails; SearchStrategy: all) did not find any beans (OnBeanCondition)

   DataSourceConfiguration.Hikari matched:
      - @ConditionalOnClass found required class 'com.zaxxer.hikari.HikariDataSource' (OnClassCondition)
      - @ConditionalOnProperty (spring.datasource.type=com.zaxxer.hikari.HikariDataSource) matched (OnPropertyCondition)
      - @ConditionalOnMissingBean (types: javax.sql.DataSource; SearchStrategy: all) did not find any beans (OnBeanCondition)

   DataSourceInitializationAutoConfiguration matched:
      - @ConditionalOnClass found required class 'org.springframework.jdbc.datasource.init.DatabasePopulator' (OnClassCondition)
      - SQL InitializationDatabase Initialization default value is EMBEDDED (OnSqlInitializationCondition)
      - @ConditionalOnSingleCandidate (types: javax.sql.DataSource; SearchStrategy: all) found a single bean 'dataSource'; @ConditionalOnMissingBean (types: org.springframework.boot.sql.autoconfigure.init.ApplicationScriptDatabaseInitializer; SearchStrategy: all) did not find any beans (OnBeanCondition)

   DataSourcePoolMetadataProvidersConfiguration.HikariPoolDataSourceMetadataProviderConfiguration matched:
      - @ConditionalOnClass found required class 'com.zaxxer.hikari.HikariDataSource' (OnClassCondition)

   DataSourceTransactionManagerAutoConfiguration matched:
      - @ConditionalOnClass found required classes 'javax.sql.DataSource', 'org.springframework.jdbc.core.JdbcTemplate', 'org.springframework.transaction.TransactionManager' (OnClassCondition)

   DataSourceTransactionManagerAutoConfiguration.JdbcTransactionManagerConfiguration matched:
      - @ConditionalOnSingleCandidate (types: javax.sql.DataSource; SearchStrategy: all) found a single bean 'dataSource' (OnBeanCondition)

   DataWebAutoConfiguration matched:
      - @ConditionalOnClass found required classes 'org.springframework.data.web.PageableHandlerMethodArgumentResolver', 'org.springframework.web.servlet.config.annotation.WebMvcConfigurer' (OnClassCondition)
      - found 'session' scope (OnWebApplicationCondition)
      - @ConditionalOnMissingBean (types: org.springframework.data.web.PageableHandlerMethodArgumentResolver; SearchStrategy: all) did not find any beans (OnBeanCondition)

   DataWebAutoConfiguration#pageableCustomizer matched:
      - @ConditionalOnMissingBean (types: org.springframework.data.web.config.PageableHandlerMethodArgumentResolverCustomizer; SearchStrategy: all) did not find any beans (OnBeanCondition)

   DataWebAutoConfiguration#sortCustomizer matched:
      - @ConditionalOnMissingBean (types: org.springframework.data.web.config.SortHandlerMethodArgumentResolverCustomizer; SearchStrategy: all) did not find any beans (OnBeanCondition)

   DataWebAutoConfiguration#springDataWebSettings matched:
      - @ConditionalOnMissingBean (types: org.springframework.data.web.config.SpringDataWebSettings; SearchStrategy: all) did not find any beans (OnBeanCondition)

   DevToolsDataSourceAutoConfiguration matched:
      - @ConditionalOnClass found required class 'javax.sql.DataSource' (OnClassCondition)
      - Devtools devtools enabled. (OnEnabledDevToolsCondition)
      - DevTools DataSource Condition found auto-configured DataSource (DevToolsDataSourceAutoConfiguration.DevToolsDataSourceCondition)

   DevToolsDataSourceAutoConfiguration.DatabaseShutdownExecutorEntityManagerFactoryDependsOnConfiguration matched:
      - @ConditionalOnClass found required classes 'org.springframework.boot.jpa.autoconfigure.EntityManagerFactoryDependsOnPostProcessor', 'org.springframework.orm.jpa.LocalContainerEntityManagerFactoryBean' (OnClassCondition)
      - @ConditionalOnBean (types: org.springframework.orm.jpa.AbstractEntityManagerFactoryBean; SearchStrategy: all) found bean '&entityManagerFactory' (OnBeanCondition)

   DispatcherServletAutoConfiguration matched:
      - @ConditionalOnClass found required class 'org.springframework.web.servlet.DispatcherServlet' (OnClassCondition)
      - found 'session' scope (OnWebApplicationCondition)

   DispatcherServletAutoConfiguration.DispatcherServletConfiguration matched:
      - @ConditionalOnClass found required class 'jakarta.servlet.ServletRegistration' (OnClassCondition)
      - Default DispatcherServlet did not find dispatcher servlet beans (DispatcherServletAutoConfiguration.DefaultDispatcherServletCondition)

   DispatcherServletAutoConfiguration.DispatcherServletRegistrationConfiguration matched:
      - @ConditionalOnClass found required class 'jakarta.servlet.ServletRegistration' (OnClassCondition)
      - DispatcherServlet Registration did not find servlet registration bean (DispatcherServletAutoConfiguration.DispatcherServletRegistrationCondition)

   DispatcherServletAutoConfiguration.DispatcherServletRegistrationConfiguration#dispatcherServletRegistration matched:
      - @ConditionalOnBean (names: dispatcherServlet types: org.springframework.web.servlet.DispatcherServlet; SearchStrategy: all) found bean 'dispatcherServlet' (OnBeanCondition)

   ErrorMvcAutoConfiguration matched:
      - @ConditionalOnClass found required classes 'jakarta.servlet.Servlet', 'org.springframework.web.servlet.DispatcherServlet' (OnClassCondition)
      - found 'session' scope (OnWebApplicationCondition)

   ErrorMvcAutoConfiguration#basicErrorController matched:
      - @ConditionalOnMissingBean (types: org.springframework.boot.webmvc.error.ErrorController; SearchStrategy: current) did not find any beans (OnBeanCondition)

   ErrorMvcAutoConfiguration#errorAttributes matched:
      - @ConditionalOnMissingBean (types: org.springframework.boot.webmvc.error.ErrorAttributes; SearchStrategy: current) did not find any beans (OnBeanCondition)

   ErrorMvcAutoConfiguration.DefaultErrorViewResolverConfiguration#conventionErrorViewResolver matched:
      - @ConditionalOnBean (types: org.springframework.web.servlet.DispatcherServlet; SearchStrategy: all) found bean 'dispatcherServlet'; @ConditionalOnMissingBean (types: org.springframework.boot.webmvc.autoconfigure.error.ErrorViewResolver; SearchStrategy: all) did not find any beans (OnBeanCondition)

   ErrorMvcAutoConfiguration.WhitelabelErrorViewConfiguration matched:
      - @ConditionalOnBooleanProperty (spring.web.error.whitelabel.enabled=true) matched (OnPropertyCondition)
      - ErrorTemplate Missing did not find error template view (ErrorMvcAutoConfiguration.ErrorTemplateMissingCondition)

   ErrorMvcAutoConfiguration.WhitelabelErrorViewConfiguration#beanNameViewResolver matched:
      - @ConditionalOnMissingBean (types: org.springframework.web.servlet.view.BeanNameViewResolver; SearchStrategy: all) did not find any beans (OnBeanCondition)

   ErrorMvcAutoConfiguration.WhitelabelErrorViewConfiguration#defaultErrorView matched:
      - @ConditionalOnMissingBean (names: error; SearchStrategy: all) did not find any beans (OnBeanCondition)

   HibernateJpaAutoConfiguration matched:
      - @ConditionalOnClass found required classes 'org.springframework.orm.jpa.LocalContainerEntityManagerFactoryBean', 'jakarta.persistence.EntityManager', 'org.hibernate.engine.spi.SessionImplementor' (OnClassCondition)

   HibernateJpaConfiguration matched:
      - @ConditionalOnSingleCandidate (types: javax.sql.DataSource; SearchStrategy: all) found a single bean 'dataSource' (OnBeanCondition)

   HttpEncodingAutoConfiguration matched:
      - @ConditionalOnClass found required class 'org.springframework.web.filter.CharacterEncodingFilter' (OnClassCondition)
      - found 'session' scope (OnWebApplicationCondition)
      - @ConditionalOnBooleanProperty (spring.servlet.encoding.enabled=true) matched (OnPropertyCondition)

   HttpEncodingAutoConfiguration#characterEncodingFilter matched:
      - @ConditionalOnMissingBean (types: org.springframework.web.filter.CharacterEncodingFilter; SearchStrategy: all) did not find any beans (OnBeanCondition)

   HttpMessageConvertersAutoConfiguration matched:
      - @ConditionalOnClass found required class 'org.springframework.http.converter.HttpMessageConverter' (OnClassCondition)
      - NoneNestedConditions 0 matched 1 did not; NestedCondition on HttpMessageConvertersAutoConfiguration.NotReactiveWebApplicationCondition.ReactiveWebApplication did not find reactive web application classes (HttpMessageConvertersAutoConfiguration.NotReactiveWebApplicationCondition)

   HttpMessageConvertersAutoConfiguration.StringHttpMessageConverterConfiguration#stringHttpMessageConvertersCustomizer matched:
      - @ConditionalOnMissingBean (types: org.springframework.http.converter.StringHttpMessageConverter; SearchStrategy: all) did not find any beans (OnBeanCondition)

   JacksonAutoConfiguration matched:
      - @ConditionalOnClass found required class 'tools.jackson.databind.json.JsonMapper' (OnClassCondition)

   JacksonAutoConfiguration#jacksonJsonMapper matched:
      - @ConditionalOnMissingBean (types: tools.jackson.databind.json.JsonMapper; SearchStrategy: all) did not find any beans (OnBeanCondition)

   JacksonAutoConfiguration#jsonMapperBuilder matched:
      - @ConditionalOnMissingBean (types: tools.jackson.databind.json.JsonMapper$Builder; SearchStrategy: all) did not find any beans (OnBeanCondition)

   JacksonAutoConfiguration.JsonProblemDetailsConfiguration matched:
      - @ConditionalOnClass found required class 'org.springframework.http.ProblemDetail' (OnClassCondition)

   JacksonHttpMessageConvertersConfiguration.JacksonJsonHttpMessageConverterConfiguration matched:
      - @ConditionalOnClass found required class 'tools.jackson.databind.json.JsonMapper' (OnClassCondition)
      - @ConditionalOnProperty (spring.http.converters.preferred-json-mapper=jackson) matched (OnPropertyCondition)
      - @ConditionalOnBean (types: tools.jackson.databind.json.JsonMapper; SearchStrategy: all) found bean 'jacksonJsonMapper' (OnBeanCondition)

   JacksonHttpMessageConvertersConfiguration.JacksonJsonHttpMessageConverterConfiguration#jacksonJsonHttpMessageConvertersCustomizer matched:
      - @ConditionalOnMissingBean (types: org.springframework.http.converter.json.JacksonJsonHttpMessageConverter ignored: org.springframework.hateoas.server.mvc.TypeConstrainedJacksonJsonHttpMessageConverter,org.springframework.data.rest.webmvc.alps.AlpsJacksonJsonHttpMessageConverter; SearchStrategy: all) did not find any beans (OnBeanCondition)

   JdbcClientAutoConfiguration matched:
      - @ConditionalOnSingleCandidate (types: org.springframework.jdbc.core.namedparam.NamedParameterJdbcTemplate; SearchStrategy: all) found a single bean 'namedParameterJdbcTemplate'; @ConditionalOnMissingBean (types: org.springframework.jdbc.core.simple.JdbcClient; SearchStrategy: all) did not find any beans (OnBeanCondition)

   JdbcTemplateAutoConfiguration matched:
      - @ConditionalOnClass found required classes 'javax.sql.DataSource', 'org.springframework.jdbc.core.JdbcTemplate' (OnClassCondition)
      - @ConditionalOnSingleCandidate (types: javax.sql.DataSource; SearchStrategy: all) found a single bean 'dataSource' (OnBeanCondition)

   JdbcTemplateConfiguration matched:
      - @ConditionalOnMissingBean (types: org.springframework.jdbc.core.JdbcOperations; SearchStrategy: all) did not find any beans (OnBeanCondition)

   JpaBaseConfiguration#entityManagerFactory matched:
      - @ConditionalOnMissingBean (types: org.springframework.orm.jpa.LocalContainerEntityManagerFactoryBean,jakarta.persistence.EntityManagerFactory; SearchStrategy: all) did not find any beans (OnBeanCondition)

   JpaBaseConfiguration#entityManagerFactoryBuilder matched:
      - @ConditionalOnMissingBean (types: org.springframework.boot.jpa.EntityManagerFactoryBuilder; SearchStrategy: all) did not find any beans (OnBeanCondition)

   JpaBaseConfiguration#jpaVendorAdapter matched:
      - @ConditionalOnMissingBean (types: org.springframework.orm.jpa.JpaVendorAdapter; SearchStrategy: all) did not find any beans (OnBeanCondition)

   JpaBaseConfiguration#transactionManager matched:
      - @ConditionalOnMissingBean (types: org.springframework.transaction.TransactionManager; SearchStrategy: all) did not find any beans (OnBeanCondition)

   JpaBaseConfiguration.JpaWebConfiguration matched:
      - @ConditionalOnClass found required class 'org.springframework.web.servlet.config.annotation.WebMvcConfigurer' (OnClassCondition)
      - found 'session' scope (OnWebApplicationCondition)
      - @ConditionalOnBooleanProperty (spring.jpa.open-in-view=true) matched (OnPropertyCondition)
      - @ConditionalOnMissingBean (types: org.springframework.orm.jpa.support.OpenEntityManagerInViewInterceptor,org.springframework.orm.jpa.support.OpenEntityManagerInViewFilter; SearchStrategy: all) did not find any beans (OnBeanCondition)

   JpaBaseConfiguration.PersistenceManagedTypesConfiguration matched:
      - @ConditionalOnMissingBean (types: org.springframework.orm.jpa.LocalContainerEntityManagerFactoryBean,jakarta.persistence.EntityManagerFactory; SearchStrategy: all) did not find any beans (OnBeanCondition)

   JpaBaseConfiguration.PersistenceManagedTypesConfiguration#persistenceManagedTypes matched:
      - @ConditionalOnMissingBean (types: org.springframework.orm.jpa.persistenceunit.PersistenceManagedTypes; SearchStrategy: all) did not find any beans (OnBeanCondition)

   JtaAutoConfiguration matched:
      - @ConditionalOnClass found required class 'jakarta.transaction.Transaction' (OnClassCondition)
      - @ConditionalOnBooleanProperty (spring.jta.enabled=true) matched (OnPropertyCondition)

   LifecycleAutoConfiguration#defaultLifecycleProcessor matched:
      - @ConditionalOnMissingBean (names: lifecycleProcessor; SearchStrategy: current) did not find any beans (OnBeanCondition)

   LocalDevToolsAutoConfiguration matched:
      - Initialized Restarter Condition available and initialized (OnInitializedRestarterCondition)

   LocalDevToolsAutoConfiguration.RestartConfiguration matched:
      - @ConditionalOnBooleanProperty (spring.devtools.restart.enabled=true) matched (OnPropertyCondition)

   LocalDevToolsAutoConfiguration.RestartConfiguration#classPathFileSystemWatcher matched:
      - @ConditionalOnMissingBean (types: org.springframework.boot.devtools.classpath.ClassPathFileSystemWatcher; SearchStrategy: all) did not find any beans (OnBeanCondition)

   LocalDevToolsAutoConfiguration.RestartConfiguration#classPathRestartStrategy matched:
      - @ConditionalOnMissingBean (types: org.springframework.boot.devtools.classpath.ClassPathRestartStrategy; SearchStrategy: all) did not find any beans (OnBeanCondition)

   LocalDevToolsAutoConfiguration.RestartConfiguration#conditionEvaluationDeltaLoggingListener matched:
      - @ConditionalOnBooleanProperty (spring.devtools.restart.log-condition-evaluation-delta=true) matched (OnPropertyCondition)

   MultipartAutoConfiguration matched:
      - @ConditionalOnClass found required classes 'jakarta.servlet.Servlet', 'org.springframework.web.multipart.support.StandardServletMultipartResolver', 'jakarta.servlet.MultipartConfigElement' (OnClassCondition)
      - found 'session' scope (OnWebApplicationCondition)
      - @ConditionalOnBooleanProperty (spring.servlet.multipart.enabled=true) matched (OnPropertyCondition)

   MultipartAutoConfiguration#multipartConfigElement matched:
      - @ConditionalOnMissingBean (types: jakarta.servlet.MultipartConfigElement; SearchStrategy: all) did not find any beans (OnBeanCondition)

   MultipartAutoConfiguration#multipartResolver matched:
      - @ConditionalOnMissingBean (types: org.springframework.web.multipart.MultipartResolver; SearchStrategy: all) did not find any beans (OnBeanCondition)

   NamedParameterJdbcTemplateConfiguration matched:
      - @ConditionalOnSingleCandidate (types: org.springframework.jdbc.core.JdbcTemplate; SearchStrategy: all) found a single bean 'jdbcTemplate'; @ConditionalOnMissingBean (types: org.springframework.jdbc.core.namedparam.NamedParameterJdbcOperations; SearchStrategy: all) did not find any beans (OnBeanCondition)

   PersistenceExceptionTranslationAutoConfiguration matched:
      - @ConditionalOnClass found required class 'org.springframework.dao.annotation.PersistenceExceptionTranslationPostProcessor' (OnClassCondition)

   PersistenceExceptionTranslationAutoConfiguration#persistenceExceptionTranslationPostProcessor matched:
      - @ConditionalOnBooleanProperty (spring.persistence.exceptiontranslation.enabled=true) matched (OnPropertyCondition)
      - @ConditionalOnMissingBean (types: org.springframework.dao.annotation.PersistenceExceptionTranslationPostProcessor; SearchStrategy: all) did not find any beans (OnBeanCondition)

   PropertyPlaceholderAutoConfiguration#propertySourcesPlaceholderConfigurer matched:
      - @ConditionalOnMissingBean (types: org.springframework.context.support.PropertySourcesPlaceholderConfigurer; SearchStrategy: current) did not find any beans (OnBeanCondition)

   SpringDocConfigProperties matched:
      - @ConditionalOnProperty (springdoc.api-docs.enabled) matched (OnPropertyCondition)
      - @ConditionalOnBean (types: org.springdoc.core.configuration.SpringDocConfiguration; SearchStrategy: all) found bean 'org.springdoc.core.configuration.SpringDocConfiguration' (OnBeanCondition)

   SpringDocConfiguration matched:
      - @ConditionalOnWebApplication (required) found 'session' scope (OnWebApplicationCondition)
      - @ConditionalOnProperty (springdoc.api-docs.enabled) matched (OnPropertyCondition)

   SpringDocConfiguration#fileSupportConverter matched:
      - @ConditionalOnMissingBean (types: org.springdoc.core.converters.FileSupportConverter; SearchStrategy: all) did not find any beans (OnBeanCondition)

   SpringDocConfiguration#globalOpenApiCustomizer matched:
      - @ConditionalOnMissingBean (names: globalOpenApiCustomizer; SearchStrategy: all) did not find any beans (OnBeanCondition)

   SpringDocConfiguration#initExtraSchemas matched:
      - @ConditionalOnProperty (springdoc.enable-extra-schemas) matched (OnPropertyCondition)

   SpringDocConfiguration#openAPIBuilder matched:
      - @ConditionalOnMissingBean (types: org.springdoc.core.service.OpenAPIService; SearchStrategy: all) did not find any beans (OnBeanCondition)

   SpringDocConfiguration#operationBuilder matched:
      - @ConditionalOnMissingBean (types: org.springdoc.core.service.OperationService; SearchStrategy: all) did not find any beans (OnBeanCondition)

   SpringDocConfiguration#parameterBuilder matched:
      - @ConditionalOnMissingBean (types: org.springdoc.core.service.GenericParameterService; SearchStrategy: all) did not find any beans (OnBeanCondition)

   SpringDocConfiguration#parameterObjectNamingStrategyCustomizer matched:
      - @ConditionalOnMissingBean (types: org.springdoc.core.customizers.ParameterObjectNamingStrategyCustomizer; SearchStrategy: all) did not find any beans (OnBeanCondition)

   SpringDocConfiguration#polymorphicModelConverter matched:
      - @ConditionalOnProperty (springdoc.model-converters.polymorphic-converter.enabled) matched (OnPropertyCondition)
      - @ConditionalOnMissingBean (types: org.springdoc.core.converters.PolymorphicModelConverter; SearchStrategy: all) did not find any beans (OnBeanCondition)

   SpringDocConfiguration#requestBodyBuilder matched:
      - @ConditionalOnMissingBean (types: org.springdoc.core.service.RequestBodyService; SearchStrategy: all) did not find any beans (OnBeanCondition)

   SpringDocConfiguration#responseSupportConverter matched:
      - @ConditionalOnMissingBean (types: org.springdoc.core.converters.ResponseSupportConverter; SearchStrategy: all) did not find any beans (OnBeanCondition)

   SpringDocConfiguration#schemaPropertyDeprecatingConverter matched:
      - @ConditionalOnProperty (springdoc.model-converters.deprecating-converter.enabled) matched (OnPropertyCondition)
      - @ConditionalOnMissingBean (types: org.springdoc.core.converters.SchemaPropertyDeprecatingConverter; SearchStrategy: all) did not find any beans (OnBeanCondition)

   SpringDocConfiguration#securityParser matched:
      - @ConditionalOnMissingBean (types: org.springdoc.core.service.SecurityService; SearchStrategy: all) did not find any beans (OnBeanCondition)

   SpringDocConfiguration#springDocCustomizers matched:
      - @ConditionalOnMissingBean (types: org.springdoc.core.customizers.SpringDocCustomizers; SearchStrategy: all) did not find any beans (OnBeanCondition)

   SpringDocConfiguration#springDocProviders matched:
      - @ConditionalOnMissingBean (types: org.springdoc.core.providers.SpringDocProviders; SearchStrategy: all) did not find any beans (OnBeanCondition)

   SpringDocConfiguration#springdocObjectMapperProvider matched:
      - @ConditionalOnMissingBean (types: org.springdoc.core.providers.ObjectMapperProvider; SearchStrategy: all) did not find any beans (OnBeanCondition)

   SpringDocConfiguration.QuerydslProvider matched:
      - @ConditionalOnClass found required class 'org.springframework.data.querydsl.binding.QuerydslBindingsFactory' (OnClassCondition)

   SpringDocConfiguration.QuerydslProvider#queryDslQuerydslPredicateOperationCustomizer matched:
      - @ConditionalOnMissingBean (types: org.springdoc.core.customizers.QuerydslPredicateOperationCustomizer; SearchStrategy: all) did not find any beans (OnBeanCondition)

   SpringDocConfiguration.WebConversionServiceConfiguration matched:
      - @ConditionalOnClass found required class 'org.springframework.boot.autoconfigure.web.format.WebConversionService' (OnClassCondition)

   SpringDocPageableConfiguration matched:
      - @ConditionalOnClass found required class 'org.springframework.data.domain.Pageable' (OnClassCondition)
      - @ConditionalOnWebApplication (required) found 'session' scope (OnWebApplicationCondition)
      - @ConditionalOnProperty (springdoc.api-docs.enabled) matched (OnPropertyCondition)
      - @ConditionalOnBean (types: org.springdoc.core.configuration.SpringDocConfiguration; SearchStrategy: all) found bean 'org.springdoc.core.configuration.SpringDocConfiguration' (OnBeanCondition)

   SpringDocPageableConfiguration#dataRestDelegatingMethodParameterCustomizer matched:
      - @ConditionalOnMissingBean (types: org.springdoc.core.customizers.DataRestDelegatingMethodParameterCustomizer; SearchStrategy: all) did not find any beans (OnBeanCondition)

   SpringDocPageableConfiguration#pageOpenAPIConverter matched:
      - @ConditionalOnClass found required classes 'org.springframework.data.web.PagedModel', 'org.springframework.data.web.config.SpringDataWebSettings' (OnClassCondition)
      - @ConditionalOnMissingBean (types: org.springdoc.core.converters.PageOpenAPIConverter; SearchStrategy: all) did not find any beans (OnBeanCondition)

   SpringDocPageableConfiguration#pageableOpenAPIConverter matched:
      - @ConditionalOnProperty (springdoc.model-converters.pageable-converter.enabled) matched (OnPropertyCondition)
      - @ConditionalOnMissingBean (types: org.springdoc.core.converters.PageableOpenAPIConverter; SearchStrategy: all) did not find any beans (OnBeanCondition)

   SpringDocSortConfiguration matched:
      - @ConditionalOnClass found required class 'org.springframework.data.domain.Sort' (OnClassCondition)
      - @ConditionalOnWebApplication (required) found 'session' scope (OnWebApplicationCondition)
      - @ConditionalOnProperty (springdoc.api-docs.enabled) matched (OnPropertyCondition)
      - @ConditionalOnBean (types: org.springdoc.core.configuration.SpringDocConfiguration; SearchStrategy: all) found bean 'org.springdoc.core.configuration.SpringDocConfiguration' (OnBeanCondition)

   SpringDocSortConfiguration#sortOpenAPIConverter matched:
      - @ConditionalOnProperty (springdoc.sort-converter.enabled) matched (OnPropertyCondition)
      - @ConditionalOnMissingBean (types: org.springdoc.core.converters.SortOpenAPIConverter; SearchStrategy: all) did not find any beans (OnBeanCondition)

   SpringDocWebMvcConfiguration matched:
      - found 'session' scope (OnWebApplicationCondition)
      - @ConditionalOnProperty (springdoc.api-docs.enabled) matched (OnPropertyCondition)
      - @ConditionalOnBean (types: org.springdoc.core.configuration.SpringDocConfiguration; SearchStrategy: all) found bean 'org.springdoc.core.configuration.SpringDocConfiguration' (OnBeanCondition)

   SpringDocWebMvcConfiguration#openApiResource matched:
      - @ConditionalOnExpression (#{(${springdoc.use-management-port:false} == false ) and ${springdoc.enable-default-api-docs:true}}) resulted in true (OnExpressionCondition)
      - @ConditionalOnMissingBean (types: org.springdoc.webmvc.api.OpenApiWebMvcResource; SearchStrategy: all) did not find any beans (OnBeanCondition)

   SpringDocWebMvcConfiguration#requestBuilder matched:
      - @ConditionalOnMissingBean (types: org.springdoc.webmvc.core.service.RequestService; SearchStrategy: all) did not find any beans (OnBeanCondition)

   SpringDocWebMvcConfiguration#responseBuilder matched:
      - @ConditionalOnMissingBean (types: org.springdoc.core.service.GenericResponseService; SearchStrategy: all) did not find any beans (OnBeanCondition)

   SpringDocWebMvcConfiguration#springWebProvider matched:
      - @ConditionalOnMissingBean (types: org.springdoc.core.providers.SpringWebProvider; SearchStrategy: all) did not find any beans (OnBeanCondition)

   SpringDocWebMvcConfiguration.SpringDocWebMvcRouterConfiguration matched:
      - @ConditionalOnClass found required class 'org.springframework.web.servlet.function.RouterFunction' (OnClassCondition)

   SpringDocWebMvcConfiguration.SpringDocWebMvcRouterConfiguration#routerFunctionProvider matched:
      - @ConditionalOnMissingBean (types: org.springdoc.webmvc.core.providers.RouterFunctionWebMvcProvider; SearchStrategy: all) did not find any beans (OnBeanCondition)

   SslAutoConfiguration#sslBundleRegistry matched:
      - @ConditionalOnMissingBean (types: org.springframework.boot.ssl.SslBundleRegistry,org.springframework.boot.ssl.SslBundles; SearchStrategy: all) did not find any beans (OnBeanCondition)

   SwaggerConfig matched:
      - found 'session' scope (OnWebApplicationCondition)
      - @ConditionalOnProperty (springdoc.swagger-ui.enabled) matched (OnPropertyCondition)
      - @ConditionalOnBean (types: org.springdoc.core.configuration.SpringDocConfiguration; SearchStrategy: all) found bean 'org.springdoc.core.configuration.SpringDocConfiguration' (OnBeanCondition)

   SwaggerConfig#indexPageTransformer matched:
      - @ConditionalOnMissingBean (types: org.springdoc.webmvc.ui.SwaggerIndexTransformer; SearchStrategy: all) did not find any beans (OnBeanCondition)

   SwaggerConfig#swaggerConfigResource matched:
      - @ConditionalOnProperty (springdoc.use-management-port=false) matched (OnPropertyCondition)
      - @ConditionalOnMissingBean (types: org.springdoc.webmvc.ui.SwaggerConfigResource; SearchStrategy: all) did not find any beans (OnBeanCondition)

   SwaggerConfig#swaggerResourceResolver matched:
      - @ConditionalOnMissingBean (types: org.springdoc.webmvc.ui.SwaggerResourceResolver; SearchStrategy: all) did not find any beans (OnBeanCondition)

   SwaggerConfig#swaggerWebMvcConfigurer matched:
      - @ConditionalOnMissingBean (types: org.springdoc.webmvc.ui.SwaggerWebMvcConfigurer; SearchStrategy: all) did not find any beans (OnBeanCondition)

   SwaggerConfig#swaggerWelcome matched:
      - @ConditionalOnProperty (springdoc.use-management-port=false) matched (OnPropertyCondition)
      - @ConditionalOnMissingBean (types: org.springdoc.webmvc.ui.SwaggerWelcomeWebMvc; SearchStrategy: all) did not find any beans (OnBeanCondition)

   SwaggerUiConfigProperties matched:
      - @ConditionalOnProperty (springdoc.swagger-ui.enabled) matched (OnPropertyCondition)
      - @ConditionalOnBean (types: org.springdoc.core.configuration.SpringDocConfiguration; SearchStrategy: all) found bean 'org.springdoc.core.configuration.SpringDocConfiguration' (OnBeanCondition)

   SwaggerUiOAuthProperties matched:
      - @ConditionalOnProperty (springdoc.swagger-ui.enabled) matched (OnPropertyCondition)
      - @ConditionalOnBean (types: org.springdoc.core.configuration.SpringDocConfiguration; SearchStrategy: all) found bean 'org.springdoc.core.configuration.SpringDocConfiguration' (OnBeanCondition)

   TaskExecutionAutoConfiguration matched:
      - @ConditionalOnClass found required class 'org.springframework.scheduling.concurrent.ThreadPoolTaskExecutor' (OnClassCondition)

   TaskExecutorConfigurations.AsyncConfigurerConfiguration matched:
      - @ConditionalOnMissingBean (types: org.springframework.scheduling.annotation.AsyncConfigurer; SearchStrategy: all) did not find any beans (OnBeanCondition)

   TaskExecutorConfigurations.SimpleAsyncTaskExecutorBuilderConfiguration#simpleAsyncTaskExecutorBuilder matched:
      - @ConditionalOnMissingBean (types: org.springframework.boot.task.SimpleAsyncTaskExecutorBuilder; SearchStrategy: all) did not find any beans (OnBeanCondition)
      - @ConditionalOnThreading found PLATFORM (OnThreadingCondition)

   TaskExecutorConfigurations.TaskExecutorConfiguration matched:
      - AnyNestedCondition 1 matched 1 did not; NestedCondition on TaskExecutorConfigurations.OnExecutorCondition.ModelCondition @ConditionalOnProperty (spring.task.execution.mode=force) did not find property 'spring.task.execution.mode'; NestedCondition on TaskExecutorConfigurations.OnExecutorCondition.ExecutorBeanCondition @ConditionalOnMissingBean (types: java.util.concurrent.Executor; SearchStrategy: all) did not find any beans (TaskExecutorConfigurations.OnExecutorCondition)

   TaskExecutorConfigurations.TaskExecutorConfiguration#applicationTaskExecutor matched:
      - @ConditionalOnThreading found PLATFORM (OnThreadingCondition)

   TaskExecutorConfigurations.ThreadPoolTaskExecutorBuilderConfiguration#threadPoolTaskExecutorBuilder matched:
      - @ConditionalOnMissingBean (types: org.springframework.boot.task.ThreadPoolTaskExecutorBuilder; SearchStrategy: all) did not find any beans (OnBeanCondition)

   TaskSchedulingAutoConfiguration matched:
      - @ConditionalOnClass found required class 'org.springframework.scheduling.concurrent.ThreadPoolTaskScheduler' (OnClassCondition)

   TaskSchedulingAutoConfiguration#scheduledBeanLazyInitializationExcludeFilter matched:
      - @ConditionalOnBean (names: org.springframework.scheduling.config.internalScheduledAnnotationProcessor; SearchStrategy: all) found bean 'org.springframework.scheduling.config.internalScheduledAnnotationProcessor' (OnBeanCondition)

   TaskSchedulingConfigurations.SimpleAsyncTaskSchedulerBuilderConfiguration#simpleAsyncTaskSchedulerBuilder matched:
      - @ConditionalOnMissingBean (types: org.springframework.boot.task.SimpleAsyncTaskSchedulerBuilder; SearchStrategy: all) did not find any beans (OnBeanCondition)
      - @ConditionalOnThreading found PLATFORM (OnThreadingCondition)

   TaskSchedulingConfigurations.TaskSchedulerConfiguration matched:
      - @ConditionalOnBean (names: org.springframework.scheduling.config.internalScheduledAnnotationProcessor; SearchStrategy: all) found bean 'org.springframework.scheduling.config.internalScheduledAnnotationProcessor'; @ConditionalOnMissingBean (types: org.springframework.scheduling.TaskScheduler,java.util.concurrent.ScheduledExecutorService; SearchStrategy: all) did not find any beans (OnBeanCondition)

   TaskSchedulingConfigurations.TaskSchedulerConfiguration#taskScheduler matched:
      - @ConditionalOnThreading found PLATFORM (OnThreadingCondition)

   TaskSchedulingConfigurations.ThreadPoolTaskSchedulerBuilderConfiguration#threadPoolTaskSchedulerBuilder matched:
      - @ConditionalOnMissingBean (types: org.springframework.boot.task.ThreadPoolTaskSchedulerBuilder; SearchStrategy: all) did not find any beans (OnBeanCondition)

   TomcatServletWebServerAutoConfiguration matched:
      - @ConditionalOnClass found required classes 'jakarta.servlet.ServletRequest', 'org.apache.catalina.startup.Tomcat', 'org.apache.coyote.UpgradeProtocol', 'org.springframework.boot.tomcat.servlet.TomcatServletWebServerFactory' (OnClassCondition)
      - found 'session' scope (OnWebApplicationCondition)

   TomcatServletWebServerAutoConfiguration#tomcatServletWebServerFactory matched:
      - @ConditionalOnMissingBean (types: org.springframework.boot.web.server.servlet.ServletWebServerFactory; SearchStrategy: current) did not find any beans (OnBeanCondition)

   TomcatWebServerConfiguration matched:
      - @ConditionalOnWarDeployment the application is not deployed as a WAR file. (OnWarDeploymentCondition)

   TomcatWebServerConfiguration.TomcatWebSocketConfiguration matched:
      - @ConditionalOnClass found required class 'org.apache.tomcat.websocket.server.WsSci' (OnClassCondition)

   TransactionAutoConfiguration matched:
      - @ConditionalOnClass found required class 'org.springframework.transaction.PlatformTransactionManager' (OnClassCondition)

   TransactionAutoConfiguration.EnableTransactionManagementConfiguration matched:
      - @ConditionalOnBean (types: org.springframework.transaction.TransactionManager; SearchStrategy: all) found bean 'transactionManager'; @ConditionalOnMissingBean (types: org.springframework.transaction.annotation.AbstractTransactionManagementConfiguration; SearchStrategy: all) did not find any beans (OnBeanCondition)

   TransactionAutoConfiguration.EnableTransactionManagementConfiguration.CglibAutoProxyConfiguration matched:
      - @ConditionalOnBooleanProperty (spring.aop.proxy-target-class=true) matched (OnPropertyCondition)

   TransactionAutoConfiguration.TransactionTemplateConfiguration matched:
      - @ConditionalOnSingleCandidate (types: org.springframework.transaction.PlatformTransactionManager; SearchStrategy: all) found a single bean 'transactionManager' (OnBeanCondition)

   TransactionAutoConfiguration.TransactionTemplateConfiguration#transactionTemplate matched:
      - @ConditionalOnMissingBean (types: org.springframework.transaction.support.TransactionOperations; SearchStrategy: all) did not find any beans (OnBeanCondition)

   TransactionManagerCustomizationAutoConfiguration matched:
      - @ConditionalOnClass found required class 'org.springframework.transaction.PlatformTransactionManager' (OnClassCondition)

   TransactionManagerCustomizationAutoConfiguration#platformTransactionManagerCustomizers matched:
      - @ConditionalOnMissingBean (types: org.springframework.boot.transaction.autoconfigure.TransactionManagerCustomizers; SearchStrategy: all) did not find any beans (OnBeanCondition)

   ValidationAutoConfiguration matched:
      - @ConditionalOnClass found required class 'jakarta.validation.executable.ExecutableValidator' (OnClassCondition)
      - @ConditionalOnResource found location classpath:META-INF/services/jakarta.validation.spi.ValidationProvider (OnResourceCondition)

   ValidationAutoConfiguration#defaultValidator matched:
      - @ConditionalOnMissingBean (types: jakarta.validation.Validator; SearchStrategy: all) did not find any beans (OnBeanCondition)

   ValidationAutoConfiguration#methodValidationPostProcessor matched:
      - @ConditionalOnMissingBean (types: org.springframework.validation.beanvalidation.MethodValidationPostProcessor; SearchStrategy: current) did not find any beans (OnBeanCondition)

   WebMvcAutoConfiguration matched:
      - @ConditionalOnClass found required classes 'jakarta.servlet.Servlet', 'org.springframework.web.servlet.DispatcherServlet', 'org.springframework.web.servlet.config.annotation.WebMvcConfigurer' (OnClassCondition)
      - found 'session' scope (OnWebApplicationCondition)
      - @ConditionalOnMissingBean (types: org.springframework.web.servlet.config.annotation.WebMvcConfigurationSupport; SearchStrategy: all) did not find any beans (OnBeanCondition)

   WebMvcAutoConfiguration#formContentFilter matched:
      - @ConditionalOnBooleanProperty (spring.mvc.formcontent.filter.enabled=true) matched (OnPropertyCondition)
      - @ConditionalOnMissingBean (types: org.springframework.web.filter.FormContentFilter; SearchStrategy: all) did not find any beans (OnBeanCondition)

   WebMvcAutoConfiguration.EnableWebMvcConfiguration#flashMapManager matched:
      - @ConditionalOnMissingBean (names: flashMapManager; SearchStrategy: all) did not find any beans (OnBeanCondition)

   WebMvcAutoConfiguration.EnableWebMvcConfiguration#localeResolver matched:
      - @ConditionalOnMissingBean (names: localeResolver; SearchStrategy: all) did not find any beans (OnBeanCondition)

   WebMvcAutoConfiguration.EnableWebMvcConfiguration#viewNameTranslator matched:
      - @ConditionalOnMissingBean (names: viewNameTranslator; SearchStrategy: all) did not find any beans (OnBeanCondition)

   WebMvcAutoConfiguration.ResourceChainCustomizerConfiguration matched:
      - @ConditionalOnEnabledResourceChain found class org.webjars.WebJarVersionLocator (OnEnabledResourceChainCondition)

   WebMvcAutoConfiguration.WebMvcAutoConfigurationAdapter#defaultViewResolver matched:
      - @ConditionalOnMissingBean (types: org.springframework.web.servlet.view.InternalResourceViewResolver; SearchStrategy: all) did not find any beans (OnBeanCondition)

   WebMvcAutoConfiguration.WebMvcAutoConfigurationAdapter#requestContextFilter matched:
      - @ConditionalOnMissingBean (types: org.springframework.web.context.request.RequestContextListener,org.springframework.web.filter.RequestContextFilter; SearchStrategy: all) did not find any beans (OnBeanCondition)

   WebMvcAutoConfiguration.WebMvcAutoConfigurationAdapter#viewResolver matched:
      - @ConditionalOnBean (types: org.springframework.web.servlet.ViewResolver; SearchStrategy: all) found beans 'defaultViewResolver', 'beanNameViewResolver', 'mvcViewResolver'; @ConditionalOnMissingBean (names: viewResolver types: org.springframework.web.servlet.view.ContentNegotiatingViewResolver; SearchStrategy: all) did not find any beans (OnBeanCondition)


Negative matches:
-----------------

   AopAutoConfiguration.AspectJAutoProxyingConfiguration.JdkDynamicAutoProxyConfiguration:
      Did not match:
         - @ConditionalOnBooleanProperty (spring.aop.proxy-target-class=false) did not find property 'spring.aop.proxy-target-class' (OnPropertyCondition)

   AopAutoConfiguration.ClassProxyingConfiguration:
      Did not match:
         - @ConditionalOnMissingClass found unwanted class 'org.aspectj.weaver.Advice' (OnClassCondition)

   DataJpaRepositoriesAutoConfiguration#entityManagerFactoryBootstrapExecutorCustomizer:
      Did not match:
         - AnyNestedCondition 0 matched 2 did not; NestedCondition on DataJpaRepositoriesAutoConfiguration.BootstrapExecutorCondition.LazyBootstrapMode @ConditionalOnProperty (spring.data.jpa.repositories.bootstrap-mode=lazy) did not find property 'spring.data.jpa.repositories.bootstrap-mode'; NestedCondition on DataJpaRepositoriesAutoConfiguration.BootstrapExecutorCondition.DeferredBootstrapMode @ConditionalOnProperty (spring.data.jpa.repositories.bootstrap-mode=deferred) did not find property 'spring.data.jpa.repositories.bootstrap-mode' (DataJpaRepositoriesAutoConfiguration.BootstrapExecutorCondition)

   DataRepositoryMetricsAutoConfiguration:
      Did not match:
         - @ConditionalOnBean did not find required type 'io.micrometer.core.instrument.MeterRegistry' (OnBeanCondition)

   DataSourceAutoConfiguration.EmbeddedDatabaseConfiguration:
      Did not match:
         - EmbeddedDataSource spring.datasource.url is set (DataSourceAutoConfiguration.EmbeddedDatabaseCondition)

   DataSourceCheckpointRestoreConfiguration:
      Did not match:
         - @ConditionalOnClass did not find required class 'org.crac.Resource' (OnClassCondition)

   DataSourceConfiguration.Dbcp2:
      Did not match:
         - @ConditionalOnClass did not find required class 'org.apache.commons.dbcp2.BasicDataSource' (OnClassCondition)

   DataSourceConfiguration.Generic:
      Did not match:
         - @ConditionalOnProperty (spring.datasource.type) did not find property 'spring.datasource.type' (OnPropertyCondition)

   DataSourceConfiguration.OracleUcp:
      Did not match:
         - @ConditionalOnClass did not find required classes 'oracle.ucp.jdbc.PoolDataSourceImpl', 'oracle.jdbc.OracleConnection' (OnClassCondition)

   DataSourceConfiguration.Tomcat:
      Did not match:
         - @ConditionalOnClass did not find required class 'org.apache.tomcat.jdbc.pool.DataSource' (OnClassCondition)

   DataSourceHealthContributorAutoConfiguration:
      Did not match:
         - @ConditionalOnClass did not find required class 'org.springframework.boot.health.autoconfigure.contributor.ConditionalOnEnabledHealthIndicator' (OnClassCondition)

   DataSourceJmxConfiguration:
      Did not match:
         - @ConditionalOnBooleanProperty (spring.jmx.enabled=true) did not find property 'spring.jmx.enabled' (OnPropertyCondition)

   DataSourcePoolMetadataProvidersConfiguration.CommonsDbcp2PoolDataSourceMetadataProviderConfiguration:
      Did not match:
         - @ConditionalOnClass did not find required class 'org.apache.commons.dbcp2.BasicDataSource' (OnClassCondition)

   DataSourcePoolMetadataProvidersConfiguration.OracleUcpPoolDataSourceMetadataProviderConfiguration:
      Did not match:
         - @ConditionalOnClass did not find required classes 'oracle.ucp.jdbc.PoolDataSource', 'oracle.jdbc.OracleConnection' (OnClassCondition)

   DataSourcePoolMetadataProvidersConfiguration.TomcatDataSourcePoolMetadataProviderConfiguration:
      Did not match:
         - @ConditionalOnClass did not find required class 'org.apache.tomcat.jdbc.pool.DataSource' (OnClassCondition)

   DataSourcePoolMetricsAutoConfiguration:
      Did not match:
         - @ConditionalOnClass did not find required class 'io.micrometer.core.instrument.MeterRegistry' (OnClassCondition)

   DataSourceTransactionManagerAutoConfiguration.JdbcTransactionManagerConfiguration#transactionManager:
      Did not match:
         - @ConditionalOnMissingBean (types: org.springframework.transaction.TransactionManager; SearchStrategy: all) found beans of type 'org.springframework.transaction.TransactionManager' transactionManager (OnBeanCondition)

   DevToolsR2dbcAutoConfiguration:
      Did not match:
         - @ConditionalOnClass did not find required class 'io.r2dbc.spi.ConnectionFactory' (OnClassCondition)

   DispatcherServletAutoConfiguration.DispatcherServletConfiguration#multipartResolver:
      Did not match:
         - @ConditionalOnBean (types: org.springframework.web.multipart.MultipartResolver; SearchStrategy: all) did not find any beans of type org.springframework.web.multipart.MultipartResolver (OnBeanCondition)

   GsonHttpMessageConvertersConfiguration:
      Did not match:
         - @ConditionalOnClass did not find required class 'com.google.gson.Gson' (OnClassCondition)

   HibernateMetricsAutoConfiguration:
      Did not match:
         - @ConditionalOnClass did not find required class 'io.micrometer.core.instrument.MeterRegistry' (OnClassCondition)

   Jackson2HttpMessageConvertersConfiguration.MappingJackson2HttpMessageConverterConfiguration:
      Did not match:
         - AnyNestedCondition 0 matched 2 did not; NestedCondition on Jackson2HttpMessageConvertersConfiguration.PreferJackson2OrJacksonUnavailableCondition.JacksonUnavailable @ConditionalOnMissingBean (types: org.springframework.boot.http.converter.autoconfigure.JacksonHttpMessageConvertersConfiguration$JacksonJsonHttpMessageConvertersCustomizer; SearchStrategy: all) found beans of type 'org.springframework.boot.http.converter.autoconfigure.JacksonHttpMessageConvertersConfiguration$JacksonJsonHttpMessageConvertersCustomizer' jacksonJsonHttpMessageConvertersCustomizer; NestedCondition on Jackson2HttpMessageConvertersConfiguration.PreferJackson2OrJacksonUnavailableCondition.Jackson2Preferred @ConditionalOnProperty (spring.http.converters.preferred-json-mapper=jackson2) did not find property 'spring.http.converters.preferred-json-mapper' (Jackson2HttpMessageConvertersConfiguration.PreferJackson2OrJacksonUnavailableCondition)
      Matched:
         - @ConditionalOnClass found required class 'com.fasterxml.jackson.databind.ObjectMapper' (OnClassCondition)

   Jackson2HttpMessageConvertersConfiguration.MappingJackson2XmlHttpMessageConverterConfiguration:
      Did not match:
         - @ConditionalOnClass did not find required class 'com.fasterxml.jackson.dataformat.xml.XmlMapper' (OnClassCondition)

   JacksonAutoConfiguration.CborConfiguration:
      Did not match:
         - @ConditionalOnClass did not find required class 'tools.jackson.dataformat.cbor.CBORMapper' (OnClassCondition)

   JacksonAutoConfiguration.XmlConfiguration:
      Did not match:
         - @ConditionalOnClass did not find required class 'tools.jackson.dataformat.xml.XmlMapper' (OnClassCondition)

   JacksonHttpMessageConvertersConfiguration.JacksonXmlHttpMessageConverterConfiguration:
      Did not match:
         - @ConditionalOnClass did not find required class 'tools.jackson.dataformat.xml.XmlMapper' (OnClassCondition)

   JmxAutoConfiguration:
      Did not match:
         - @ConditionalOnBooleanProperty (spring.jmx.enabled=true) did not find property 'spring.jmx.enabled' (OnPropertyCondition)
      Matched:
         - @ConditionalOnClass found required class 'org.springframework.jmx.export.MBeanExporter' (OnClassCondition)

   JndiDataSourceAutoConfiguration:
      Did not match:
         - @ConditionalOnProperty (spring.datasource.jndi-name) did not find property 'spring.datasource.jndi-name' (OnPropertyCondition)
      Matched:
         - @ConditionalOnClass found required classes 'javax.sql.DataSource', 'org.springframework.jdbc.datasource.embedded.EmbeddedDatabaseType' (OnClassCondition)

   JndiJtaConfiguration:
      Did not match:
         - @ConditionalOnJndi JNDI environment is not available (OnJndiCondition)
      Matched:
         - @ConditionalOnClass found required class 'org.springframework.transaction.jta.JtaTransactionManager' (OnClassCondition)

   JsonbHttpMessageConvertersConfiguration:
      Did not match:
         - @ConditionalOnClass did not find required class 'jakarta.json.bind.Jsonb' (OnClassCondition)

   KotlinSerializationHttpMessageConvertersConfiguration:
      Did not match:
         - @ConditionalOnClass did not find required classes 'kotlinx.serialization.Serializable', 'kotlinx.serialization.json.Json' (OnClassCondition)

   LocalDevToolsAutoConfiguration.LiveReloadConfiguration:
      Did not match:
         - @ConditionalOnBooleanProperty (spring.devtools.livereload.enabled=true) did not find property 'spring.devtools.livereload.enabled' (OnPropertyCondition)

   MessageSourceAutoConfiguration:
      Did not match:
         - ResourceBundle did not find bundle with basename messages (MessageSourceAutoConfiguration.ResourceBundleCondition)

   MultipleOpenApiSupportConfiguration:
      Did not match:
         - AnyNestedCondition 0 matched 2 did not; NestedCondition on MultipleOpenApiSupportCondition.OnActuatorDifferentPort @ConditionalOnProperty (springdoc.show-actuator) did not find property 'springdoc.show-actuator'; NestedCondition on MultipleOpenApiSupportCondition.OnMultipleOpenApiSupportCondition AnyNestedCondition 0 matched 3 did not; NestedCondition on MultipleOpenApiGroupsCondition.OnListGroupedOpenApiBean @ConditionalOnBean (types: org.springdoc.core.models.GroupedOpenApi; SearchStrategy: all) did not find any beans of type org.springdoc.core.models.GroupedOpenApi; NestedCondition on MultipleOpenApiGroupsCondition.OnGroupConfigProperty @ConditionalOnProperty (springdoc.group-configs[0].group) did not find property 'springdoc.group-configs[0].group'; NestedCondition on MultipleOpenApiGroupsCondition.OnGroupedOpenApiBean @ConditionalOnBean (types: org.springdoc.core.models.GroupedOpenApi; SearchStrategy: all) did not find any beans of type org.springdoc.core.models.GroupedOpenApi (MultipleOpenApiSupportCondition)
      Matched:
         - found 'session' scope (OnWebApplicationCondition)
         - @ConditionalOnProperty (springdoc.api-docs.enabled) matched (OnPropertyCondition)

   MultipleOpenApiSupportConfiguration.SpringDocWebMvcActuatorDifferentConfiguration:
      Did not match:
         - @ConditionalOnClass did not find required class 'org.springframework.boot.actuate.endpoint.web.servlet.WebMvcEndpointHandlerMapping' (OnClassCondition)
         - Ancestor org.springdoc.webmvc.core.configuration.MultipleOpenApiSupportConfiguration did not match (ConditionEvaluationReport.AncestorsMatchedCondition)

   ProjectInfoAutoConfiguration#buildProperties:
      Did not match:
         - @ConditionalOnResource did not find resource '${spring.info.build.location:classpath:META-INF/build-info.properties}' (OnResourceCondition)

   ProjectInfoAutoConfiguration#gitProperties:
      Did not match:
         - GitResource did not find git info at classpath:git.properties (ProjectInfoAutoConfiguration.GitResourceAvailableCondition)

   RemoteDevToolsAutoConfiguration:
      Did not match:
         - @ConditionalOnProperty (spring.devtools.remote.secret) did not find property 'spring.devtools.remote.secret' (OnPropertyCondition)
      Matched:
         - @ConditionalOnClass found required classes 'jakarta.servlet.Filter', 'org.springframework.http.server.ServerHttpRequest', 'org.springframework.boot.web.server.autoconfigure.ServerProperties' (OnClassCondition)

   ServletHttpExchangesAutoConfiguration:
      Did not match:
         - @ConditionalOnBean did not find required type 'org.springframework.boot.actuate.web.exchanges.HttpExchangeRepository' (OnBeanCondition)

   ServletManagementContextAutoConfiguration:
      Did not match:
         - @ConditionalOnClass did not find required class 'org.springframework.boot.actuate.autoconfigure.endpoint.web.WebEndpointProperties' (OnClassCondition)

   ServletMappingsAutoConfiguration:
      Did not match:
         - @ConditionalOnClass did not find required class 'org.springframework.boot.actuate.autoconfigure.endpoint.condition.ConditionalOnAvailableEndpoint' (OnClassCondition)

   ServletWebServerConfiguration#forwardedHeaderFilter:
      Did not match:
         - @ConditionalOnProperty (server.forward-headers-strategy=framework) did not find property 'server.forward-headers-strategy' (OnPropertyCondition)

   SpringApplicationAdminJmxAutoConfiguration:
      Did not match:
         - @ConditionalOnBooleanProperty (spring.application.admin.enabled=true) did not find property 'spring.application.admin.enabled' (OnPropertyCondition)

   SpringDocConfiguration#oas31ModelConverter:
      Did not match:
         - @ConditionalOnProperty (springdoc.explicit-object-schema=true) did not find property 'springdoc.explicit-object-schema' (OnPropertyCondition)

   SpringDocConfiguration#propertiesResolverForSchema:
      Did not match:
         - @ConditionalOnProperty (springdoc.api-docs.resolve-schema-properties) did not find property 'springdoc.api-docs.resolve-schema-properties' (OnPropertyCondition)

   SpringDocConfiguration#propertyCustomizingConverter:
      Did not match:
         - @ConditionalOnBean (types: org.springdoc.core.customizers.PropertyCustomizer; SearchStrategy: all) did not find any beans of type org.springdoc.core.customizers.PropertyCustomizer (OnBeanCondition)

   SpringDocConfiguration#springdocBeanFactoryPostProcessor:
      Did not match:
         - AnyNestedCondition 0 matched 2 did not; NestedCondition on CacheOrGroupedOpenApiCondition.OnCacheDisabled found non-matching nested conditions @ConditionalOnProperty (springdoc.cache.disabled) did not find property 'springdoc.cache.disabled'; NestedCondition on CacheOrGroupedOpenApiCondition.OnMultipleOpenApiSupportCondition AnyNestedCondition 0 matched 2 did not; NestedCondition on MultipleOpenApiSupportCondition.OnActuatorDifferentPort @ConditionalOnProperty (springdoc.show-actuator) did not find property 'springdoc.show-actuator'; NestedCondition on MultipleOpenApiSupportCondition.OnMultipleOpenApiSupportCondition AnyNestedCondition 0 matched 3 did not; NestedCondition on MultipleOpenApiGroupsCondition.OnListGroupedOpenApiBean @ConditionalOnBean (types: org.springdoc.core.models.GroupedOpenApi; SearchStrategy: all) did not find any beans of type org.springdoc.core.models.GroupedOpenApi; NestedCondition on MultipleOpenApiGroupsCondition.OnGroupConfigProperty @ConditionalOnProperty (springdoc.group-configs[0].group) did not find property 'springdoc.group-configs[0].group'; NestedCondition on MultipleOpenApiGroupsCondition.OnGroupedOpenApiBean @ConditionalOnBean (types: org.springdoc.core.models.GroupedOpenApi; SearchStrategy: all) did not find any beans of type org.springdoc.core.models.GroupedOpenApi (CacheOrGroupedOpenApiCondition)
      Matched:
         - @ConditionalOnClass found required class 'org.springframework.boot.context.properties.bind.BindResult' (OnClassCondition)

   SpringDocConfiguration#springdocBeanFactoryPostProcessor2:
      Did not match:
         - @ConditionalOnMissingClass found unwanted class 'org.springframework.boot.context.properties.bind.BindResult' (OnClassCondition)

   SpringDocConfiguration.SpringDocActuatorConfiguration:
      Did not match:
         - @ConditionalOnClass did not find required class 'org.springframework.boot.actuate.autoconfigure.endpoint.web.WebEndpointProperties' (OnClassCondition)

   SpringDocConfiguration.SpringDocRepositoryRestConfiguration:
      Did not match:
         - @ConditionalOnClass did not find required class 'org.springframework.data.rest.core.config.RepositoryRestConfiguration' (OnClassCondition)

   SpringDocConfiguration.SpringDocSpringDataWebPropertiesProvider:
      Did not match:
         - @ConditionalOnClass did not find required class 'org.springframework.boot.autoconfigure.data.web.SpringDataWebProperties' (OnClassCondition)

   SpringDocConfiguration.SpringDocWebFluxSupportConfiguration:
      Did not match:
         - @ConditionalOnClass did not find required class 'reactor.core.publisher.Flux' (OnClassCondition)

   SpringDocDataRestConfiguration:
      Did not match:
         - @ConditionalOnClass did not find required class 'org.springframework.data.rest.core.config.RepositoryRestConfiguration' (OnClassCondition)

   SpringDocFunctionCatalogConfiguration:
      Did not match:
         - @ConditionalOnClass did not find required class 'org.springframework.cloud.function.web.function.FunctionEndpointInitializer' (OnClassCondition)

   SpringDocGroovyConfiguration:
      Did not match:
         - @ConditionalOnClass did not find required class 'groovy.lang.MetaClass' (OnClassCondition)

   SpringDocHateoasConfiguration:
      Did not match:
         - @ConditionalOnClass did not find required class 'org.springframework.hateoas.server.LinkRelationProvider' (OnClassCondition)

   SpringDocJacksonKotlinModuleConfiguration:
      Did not match:
         - @ConditionalOnClass did not find required class 'com.fasterxml.jackson.module.kotlin.KotlinModule' (OnClassCondition)

   SpringDocJavadocConfiguration:
      Did not match:
         - @ConditionalOnClass did not find required class 'com.github.therapi.runtimejavadoc.CommentFormatter' (OnClassCondition)

   SpringDocKotlinConfiguration:
      Did not match:
         - @ConditionalOnClass did not find required class 'kotlin.coroutines.Continuation' (OnClassCondition)

   SpringDocKotlinxConfiguration:
      Did not match:
         - @ConditionalOnClass did not find required class 'kotlinx.coroutines.flow.Flow' (OnClassCondition)

   SpringDocSecurityConfiguration:
      Did not match:
         - @ConditionalOnClass did not find required class 'org.springframework.security.web.SecurityFilterChain' (OnClassCondition)

   SpringDocSortConfiguration#dataRestDelegatingMethodParameterCustomizer:
      Did not match:
         - @ConditionalOnMissingBean (types: org.springdoc.core.customizers.DataRestDelegatingMethodParameterCustomizer; SearchStrategy: all) found beans of type 'org.springdoc.core.customizers.DataRestDelegatingMethodParameterCustomizer' dataRestDelegatingMethodParameterCustomizer (OnBeanCondition)

   SpringDocWebMvcConfiguration.SpringDocWebMvcActuatorConfiguration:
      Did not match:
         - @ConditionalOnClass did not find required class 'org.springframework.boot.actuate.endpoint.web.servlet.WebMvcEndpointHandlerMapping' (OnClassCondition)

   SwaggerConfig#springWebProvider:
      Did not match:
         - @ConditionalOnMissingBean (types: org.springdoc.core.providers.SpringWebProvider; SearchStrategy: all) found beans of type 'org.springdoc.core.providers.SpringWebProvider' springWebProvider (OnBeanCondition)

   SwaggerConfig#swaggerUiHome:
      Did not match:
         - @ConditionalOnProperty (springdoc.swagger-ui.use-root-path=true) did not find property 'springdoc.swagger-ui.use-root-path' (OnPropertyCondition)

   SwaggerConfig.SwaggerActuatorWelcomeConfiguration:
      Did not match:
         - @ConditionalOnClass did not find required class 'org.springframework.boot.actuate.endpoint.web.servlet.WebMvcEndpointHandlerMapping' (OnClassCondition)

   TaskExecutorConfigurations.AsyncConfigurerWrapperConfiguration:
      Did not match:
         - @ConditionalOnBean (types: org.springframework.scheduling.annotation.AsyncConfigurer; SearchStrategy: all) did not find any beans of type org.springframework.scheduling.annotation.AsyncConfigurer (OnBeanCondition)

   TaskExecutorConfigurations.SimpleAsyncTaskExecutorBuilderConfiguration#simpleAsyncTaskExecutorBuilderVirtualThreads:
      Did not match:
         - @ConditionalOnMissingBean (types: org.springframework.boot.task.SimpleAsyncTaskExecutorBuilder; SearchStrategy: all) found beans of type 'org.springframework.boot.task.SimpleAsyncTaskExecutorBuilder' simpleAsyncTaskExecutorBuilder (OnBeanCondition)

   TaskExecutorConfigurations.TaskExecutorConfiguration#applicationTaskExecutorVirtualThreads:
      Did not match:
         - @ConditionalOnThreading did not find VIRTUAL (OnThreadingCondition)

   TaskSchedulingConfigurations.SimpleAsyncTaskSchedulerBuilderConfiguration#simpleAsyncTaskSchedulerBuilderVirtualThreads:
      Did not match:
         - @ConditionalOnMissingBean (types: org.springframework.boot.task.SimpleAsyncTaskSchedulerBuilder; SearchStrategy: all) found beans of type 'org.springframework.boot.task.SimpleAsyncTaskSchedulerBuilder' simpleAsyncTaskSchedulerBuilder (OnBeanCondition)

   TaskSchedulingConfigurations.TaskSchedulerConfiguration#taskSchedulerVirtualThreads:
      Did not match:
         - @ConditionalOnThreading did not find VIRTUAL (OnThreadingCondition)

   TomcatMetricsAutoConfiguration:
      Did not match:
         - @ConditionalOnClass did not find required class 'io.micrometer.core.instrument.binder.tomcat.TomcatMetrics' (OnClassCondition)

   TomcatReactiveManagementContextAutoConfiguration:
      Did not match:
         - @ConditionalOnClass did not find required class 'org.springframework.boot.actuate.autoconfigure.web.server.ManagementContextFactory' (OnClassCondition)

   TomcatReactiveWebServerAutoConfiguration:
      Did not match:
         - @ConditionalOnWebApplication did not find reactive web application classes (OnWebApplicationCondition)

   TomcatServletManagementContextAutoConfiguration:
      Did not match:
         - @ConditionalOnClass did not find required class 'org.springframework.boot.actuate.autoconfigure.web.server.ManagementContextFactory' (OnClassCondition)

   TomcatServletWebServerAutoConfiguration#tomcatForwardedHeaderFilterCustomizer:
      Did not match:
         - @ConditionalOnProperty (server.forward-headers-strategy=framework) did not find property 'server.forward-headers-strategy' (OnPropertyCondition)

   TomcatWebServerConfiguration#tomcatVirtualThreadsProtocolHandlerCustomizer:
      Did not match:
         - @ConditionalOnThreading did not find VIRTUAL (OnThreadingCondition)

   TransactionAutoConfiguration#transactionalOperator:
      Did not match:
         - @ConditionalOnSingleCandidate (types: org.springframework.transaction.ReactiveTransactionManager; SearchStrategy: all) did not find any beans (OnBeanCondition)

   TransactionAutoConfiguration.AspectJTransactionManagementConfiguration:
      Did not match:
         - @ConditionalOnBean (types: org.springframework.transaction.aspectj.AbstractTransactionAspect; SearchStrategy: all) did not find any beans of type org.springframework.transaction.aspectj.AbstractTransactionAspect (OnBeanCondition)

   TransactionAutoConfiguration.EnableTransactionManagementConfiguration.JdkDynamicAutoProxyConfiguration:
      Did not match:
         - @ConditionalOnBooleanProperty (spring.aop.proxy-target-class=false) did not find property 'spring.aop.proxy-target-class' (OnPropertyCondition)

   WebMvcAutoConfiguration#hiddenHttpMethodFilter:
      Did not match:
         - @ConditionalOnBooleanProperty (spring.mvc.hiddenmethod.filter.enabled=true) did not find property 'spring.mvc.hiddenmethod.filter.enabled' (OnPropertyCondition)

   WebMvcAutoConfiguration.ProblemDetailsErrorHandlingConfiguration:
      Did not match:
         - @ConditionalOnBooleanProperty (spring.mvc.problemdetails.enabled=true) did not find property 'spring.mvc.problemdetails.enabled' (OnPropertyCondition)

   WebMvcAutoConfiguration.WebMvcAutoConfigurationAdapter#beanNameViewResolver:
      Did not match:
         - @ConditionalOnMissingBean (types: org.springframework.web.servlet.view.BeanNameViewResolver; SearchStrategy: all) found beans of type 'org.springframework.web.servlet.view.BeanNameViewResolver' beanNameViewResolver (OnBeanCondition)

   WebMvcHealthEndpointExtensionAutoConfiguration:
      Did not match:
         - @ConditionalOnClass did not find required class 'org.springframework.boot.health.actuate.endpoint.HealthEndpoint' (OnClassCondition)

   WebMvcMappingsAutoConfiguration:
      Did not match:
         - @ConditionalOnClass did not find required class 'org.springframework.boot.actuate.autoconfigure.endpoint.condition.ConditionalOnAvailableEndpoint' (OnClassCondition)

   WebMvcObservationAutoConfiguration:
      Did not match:
         - @ConditionalOnClass did not find required class 'org.springframework.boot.micrometer.observation.autoconfigure.ObservationProperties' (OnClassCondition)

   XADataSourceAutoConfiguration:
      Did not match:
         - @ConditionalOnBean (types: org.springframework.boot.jdbc.XADataSourceWrapper; SearchStrategy: all) did not find any beans of type org.springframework.boot.jdbc.XADataSourceWrapper (OnBeanCondition)
      Matched:
         - @ConditionalOnClass found required classes 'javax.sql.DataSource', 'jakarta.transaction.TransactionManager', 'org.springframework.jdbc.datasource.embedded.EmbeddedDatabaseType' (OnClassCondition)


Exclusions:
-----------

    None


Unconditional classes:
----------------------

    org.springframework.boot.autoconfigure.context.ConfigurationPropertiesAutoConfiguration

    org.springframework.boot.autoconfigure.ssl.SslAutoConfiguration

    org.springframework.boot.autoconfigure.context.PropertyPlaceholderAutoConfiguration

    org.springframework.boot.autoconfigure.context.LifecycleAutoConfiguration

    org.springdoc.core.configuration.SpringDocSpecPropertiesConfiguration

    org.springframework.boot.autoconfigure.availability.ApplicationAvailabilityAutoConfiguration

    org.springframework.boot.autoconfigure.info.ProjectInfoAutoConfiguration



2026-06-01T20:33:29.735+08:00  INFO 31280 --- [pfms] [restartedMain] com.app.pfms.PfmsApplication             : Started PfmsApplication in 1.346 seconds (process running for 88.508)
2026-06-01T20:33:29.735+08:00 DEBUG 31280 --- [pfms] [restartedMain] o.s.b.a.ApplicationAvailabilityBean      : Application availability state LivenessState changed to CORRECT
2026-06-01T20:33:29.737+08:00 DEBUG 31280 --- [pfms] [restartedMain] o.s.orm.jpa.JpaTransactionManager        : Creating new transaction with name [org.springframework.data.jpa.repository.support.SimpleJpaRepository.save]: PROPAGATION_REQUIRED,ISOLATION_DEFAULT
2026-06-01T20:33:29.737+08:00 DEBUG 31280 --- [pfms] [restartedMain] o.s.orm.jpa.JpaTransactionManager        : Opened new EntityManager [SessionImpl(984214802<open>)] for JPA transaction
2026-06-01T20:33:29.738+08:00 DEBUG 31280 --- [pfms] [restartedMain] o.s.orm.jpa.JpaTransactionManager        : Exposing JPA transaction as JDBC [org.springframework.orm.jpa.vendor.HibernateJpaDialect$HibernateConnectionHandle@6c60c56]
2026-06-01T20:33:29.739+08:00 DEBUG 31280 --- [pfms] [restartedMain] org.hibernate.SQL                        : 
    insert 
    into
        expense
        (aia, allowancesForParents, breakfast, criticare, date, debt, dinner, eatingOut, entertainment, groceries, haircut, holiday, incomeTax, internet, lunch, medical, mobilePhone, mortgage, others, privateTransport, propertyTax, publicTransport, shopping, sports, tech, termProtector, utilities) 
    values
        (?, ?, ?, ?, ?, ?, ?, ?, ?, ?, ?, ?, ?, ?, ?, ?, ?, ?, ?, ?, ?, ?, ?, ?, ?, ?, ?)
2026-06-01T20:33:29.744+08:00 DEBUG 31280 --- [pfms] [restartedMain] o.s.orm.jpa.JpaTransactionManager        : Initiating transaction commit
2026-06-01T20:33:29.745+08:00 DEBUG 31280 --- [pfms] [restartedMain] o.s.orm.jpa.JpaTransactionManager        : Committing JPA transaction on EntityManager [SessionImpl(984214802<open>)]
2026-06-01T20:33:29.747+08:00 DEBUG 31280 --- [pfms] [restartedMain] o.s.orm.jpa.JpaTransactionManager        : Closing JPA EntityManager after transaction
2026-06-01T20:33:29.748+08:00 DEBUG 31280 --- [pfms] [restartedMain] o.s.orm.jpa.JpaTransactionManager        : Creating new transaction with name [org.springframework.data.jpa.repository.support.SimpleJpaRepository.save]: PROPAGATION_REQUIRED,ISOLATION_DEFAULT
2026-06-01T20:33:29.748+08:00 DEBUG 31280 --- [pfms] [restartedMain] o.s.orm.jpa.JpaTransactionManager        : Opened new EntityManager [SessionImpl(1387456329<open>)] for JPA transaction
2026-06-01T20:33:29.748+08:00 DEBUG 31280 --- [pfms] [restartedMain] o.s.orm.jpa.JpaTransactionManager        : Exposing JPA transaction as JDBC [org.springframework.orm.jpa.vendor.HibernateJpaDialect$HibernateConnectionHandle@6bba6ec8]
2026-06-01T20:33:29.749+08:00 DEBUG 31280 --- [pfms] [restartedMain] org.hibernate.SQL                        : 
    insert 
    into
        expense
        (aia, allowancesForParents, breakfast, criticare, date, debt, dinner, eatingOut, entertainment, groceries, haircut, holiday, incomeTax, internet, lunch, medical, mobilePhone, mortgage, others, privateTransport, propertyTax, publicTransport, shopping, sports, tech, termProtector, utilities) 
    values
        (?, ?, ?, ?, ?, ?, ?, ?, ?, ?, ?, ?, ?, ?, ?, ?, ?, ?, ?, ?, ?, ?, ?, ?, ?, ?, ?)
2026-06-01T20:33:29.750+08:00 DEBUG 31280 --- [pfms] [restartedMain] o.s.orm.jpa.JpaTransactionManager        : Initiating transaction commit
2026-06-01T20:33:29.750+08:00 DEBUG 31280 --- [pfms] [restartedMain] o.s.orm.jpa.JpaTransactionManager        : Committing JPA transaction on EntityManager [SessionImpl(1387456329<open>)]
2026-06-01T20:33:29.751+08:00 DEBUG 31280 --- [pfms] [restartedMain] o.s.orm.jpa.JpaTransactionManager        : Closing JPA EntityManager after transaction
2026-06-01T20:33:29.751+08:00 DEBUG 31280 --- [pfms] [restartedMain] o.s.orm.jpa.JpaTransactionManager        : Creating new transaction with name [org.springframework.data.jpa.repository.support.SimpleJpaRepository.save]: PROPAGATION_REQUIRED,ISOLATION_DEFAULT
2026-06-01T20:33:29.751+08:00 DEBUG 31280 --- [pfms] [restartedMain] o.s.orm.jpa.JpaTransactionManager        : Opened new EntityManager [SessionImpl(142144479<open>)] for JPA transaction
2026-06-01T20:33:29.751+08:00 DEBUG 31280 --- [pfms] [restartedMain] o.s.orm.jpa.JpaTransactionManager        : Exposing JPA transaction as JDBC [org.springframework.orm.jpa.vendor.HibernateJpaDialect$HibernateConnectionHandle@308c1036]
2026-06-01T20:33:29.752+08:00 DEBUG 31280 --- [pfms] [restartedMain] org.hibernate.SQL                        : 
    insert 
    into
        expense
        (aia, allowancesForParents, breakfast, criticare, date, debt, dinner, eatingOut, entertainment, groceries, haircut, holiday, incomeTax, internet, lunch, medical, mobilePhone, mortgage, others, privateTransport, propertyTax, publicTransport, shopping, sports, tech, termProtector, utilities) 
    values
        (?, ?, ?, ?, ?, ?, ?, ?, ?, ?, ?, ?, ?, ?, ?, ?, ?, ?, ?, ?, ?, ?, ?, ?, ?, ?, ?)
2026-06-01T20:33:29.752+08:00 DEBUG 31280 --- [pfms] [restartedMain] o.s.orm.jpa.JpaTransactionManager        : Initiating transaction commit
2026-06-01T20:33:29.753+08:00 DEBUG 31280 --- [pfms] [restartedMain] o.s.orm.jpa.JpaTransactionManager        : Committing JPA transaction on EntityManager [SessionImpl(142144479<open>)]
2026-06-01T20:33:29.753+08:00 DEBUG 31280 --- [pfms] [restartedMain] o.s.orm.jpa.JpaTransactionManager        : Closing JPA EntityManager after transaction
2026-06-01T20:33:29.754+08:00 DEBUG 31280 --- [pfms] [restartedMain] o.s.orm.jpa.JpaTransactionManager        : Creating new transaction with name [org.springframework.data.jpa.repository.support.SimpleJpaRepository.save]: PROPAGATION_REQUIRED,ISOLATION_DEFAULT
2026-06-01T20:33:29.754+08:00 DEBUG 31280 --- [pfms] [restartedMain] o.s.orm.jpa.JpaTransactionManager        : Opened new EntityManager [SessionImpl(2115833931<open>)] for JPA transaction
2026-06-01T20:33:29.754+08:00 DEBUG 31280 --- [pfms] [restartedMain] o.s.orm.jpa.JpaTransactionManager        : Exposing JPA transaction as JDBC [org.springframework.orm.jpa.vendor.HibernateJpaDialect$HibernateConnectionHandle@2e40b21e]
2026-06-01T20:33:29.754+08:00 DEBUG 31280 --- [pfms] [restartedMain] org.hibernate.SQL                        : 
    insert 
    into
        expense
        (aia, allowancesForParents, breakfast, criticare, date, debt, dinner, eatingOut, entertainment, groceries, haircut, holiday, incomeTax, internet, lunch, medical, mobilePhone, mortgage, others, privateTransport, propertyTax, publicTransport, shopping, sports, tech, termProtector, utilities) 
    values
        (?, ?, ?, ?, ?, ?, ?, ?, ?, ?, ?, ?, ?, ?, ?, ?, ?, ?, ?, ?, ?, ?, ?, ?, ?, ?, ?)
2026-06-01T20:33:29.756+08:00 DEBUG 31280 --- [pfms] [restartedMain] o.s.orm.jpa.JpaTransactionManager        : Initiating transaction commit
2026-06-01T20:33:29.756+08:00 DEBUG 31280 --- [pfms] [restartedMain] o.s.orm.jpa.JpaTransactionManager        : Committing JPA transaction on EntityManager [SessionImpl(2115833931<open>)]
2026-06-01T20:33:29.756+08:00 DEBUG 31280 --- [pfms] [restartedMain] o.s.orm.jpa.JpaTransactionManager        : Closing JPA EntityManager after transaction
2026-06-01T20:33:29.757+08:00 DEBUG 31280 --- [pfms] [restartedMain] o.s.orm.jpa.JpaTransactionManager        : Creating new transaction with name [org.springframework.data.jpa.repository.support.SimpleJpaRepository.save]: PROPAGATION_REQUIRED,ISOLATION_DEFAULT
2026-06-01T20:33:29.757+08:00 DEBUG 31280 --- [pfms] [restartedMain] o.s.orm.jpa.JpaTransactionManager        : Opened new EntityManager [SessionImpl(141869535<open>)] for JPA transaction
2026-06-01T20:33:29.757+08:00 DEBUG 31280 --- [pfms] [restartedMain] o.s.orm.jpa.JpaTransactionManager        : Exposing JPA transaction as JDBC [org.springframework.orm.jpa.vendor.HibernateJpaDialect$HibernateConnectionHandle@238f528d]
2026-06-01T20:33:29.757+08:00 DEBUG 31280 --- [pfms] [restartedMain] org.hibernate.SQL                        : 
    insert 
    into
        expense
        (aia, allowancesForParents, breakfast, criticare, date, debt, dinner, eatingOut, entertainment, groceries, haircut, holiday, incomeTax, internet, lunch, medical, mobilePhone, mortgage, others, privateTransport, propertyTax, publicTransport, shopping, sports, tech, termProtector, utilities) 
    values
        (?, ?, ?, ?, ?, ?, ?, ?, ?, ?, ?, ?, ?, ?, ?, ?, ?, ?, ?, ?, ?, ?, ?, ?, ?, ?, ?)
2026-06-01T20:33:29.759+08:00 DEBUG 31280 --- [pfms] [restartedMain] o.s.orm.jpa.JpaTransactionManager        : Initiating transaction commit
2026-06-01T20:33:29.759+08:00 DEBUG 31280 --- [pfms] [restartedMain] o.s.orm.jpa.JpaTransactionManager        : Committing JPA transaction on EntityManager [SessionImpl(141869535<open>)]
2026-06-01T20:33:29.760+08:00 DEBUG 31280 --- [pfms] [restartedMain] o.s.orm.jpa.JpaTransactionManager        : Closing JPA EntityManager after transaction
2026-06-01T20:33:29.760+08:00 DEBUG 31280 --- [pfms] [restartedMain] o.s.orm.jpa.JpaTransactionManager        : Creating new transaction with name [org.springframework.data.jpa.repository.support.SimpleJpaRepository.save]: PROPAGATION_REQUIRED,ISOLATION_DEFAULT
2026-06-01T20:33:29.760+08:00 DEBUG 31280 --- [pfms] [restartedMain] o.s.orm.jpa.JpaTransactionManager        : Opened new EntityManager [SessionImpl(945167962<open>)] for JPA transaction
2026-06-01T20:33:29.760+08:00 DEBUG 31280 --- [pfms] [restartedMain] o.s.orm.jpa.JpaTransactionManager        : Exposing JPA transaction as JDBC [org.springframework.orm.jpa.vendor.HibernateJpaDialect$HibernateConnectionHandle@1ca2e79d]
2026-06-01T20:33:29.760+08:00 DEBUG 31280 --- [pfms] [restartedMain] org.hibernate.SQL                        : 
    insert 
    into
        expense
        (aia, allowancesForParents, breakfast, criticare, date, debt, dinner, eatingOut, entertainment, groceries, haircut, holiday, incomeTax, internet, lunch, medical, mobilePhone, mortgage, others, privateTransport, propertyTax, publicTransport, shopping, sports, tech, termProtector, utilities) 
    values
        (?, ?, ?, ?, ?, ?, ?, ?, ?, ?, ?, ?, ?, ?, ?, ?, ?, ?, ?, ?, ?, ?, ?, ?, ?, ?, ?)
2026-06-01T20:33:29.763+08:00 DEBUG 31280 --- [pfms] [restartedMain] o.s.orm.jpa.JpaTransactionManager        : Initiating transaction commit
2026-06-01T20:33:29.763+08:00 DEBUG 31280 --- [pfms] [restartedMain] o.s.orm.jpa.JpaTransactionManager        : Committing JPA transaction on EntityManager [SessionImpl(945167962<open>)]
2026-06-01T20:33:29.764+08:00 DEBUG 31280 --- [pfms] [restartedMain] o.s.orm.jpa.JpaTransactionManager        : Closing JPA EntityManager after transaction
2026-06-01T20:33:29.764+08:00 DEBUG 31280 --- [pfms] [restartedMain] o.s.orm.jpa.JpaTransactionManager        : Creating new transaction with name [org.springframework.data.jpa.repository.support.SimpleJpaRepository.save]: PROPAGATION_REQUIRED,ISOLATION_DEFAULT
2026-06-01T20:33:29.764+08:00 DEBUG 31280 --- [pfms] [restartedMain] o.s.orm.jpa.JpaTransactionManager        : Opened new EntityManager [SessionImpl(411445280<open>)] for JPA transaction
2026-06-01T20:33:29.765+08:00 DEBUG 31280 --- [pfms] [restartedMain] o.s.orm.jpa.JpaTransactionManager        : Exposing JPA transaction as JDBC [org.springframework.orm.jpa.vendor.HibernateJpaDialect$HibernateConnectionHandle@1393baa2]
2026-06-01T20:33:29.765+08:00 DEBUG 31280 --- [pfms] [restartedMain] org.hibernate.SQL                        : 
    insert 
    into
        expense
        (aia, allowancesForParents, breakfast, criticare, date, debt, dinner, eatingOut, entertainment, groceries, haircut, holiday, incomeTax, internet, lunch, medical, mobilePhone, mortgage, others, privateTransport, propertyTax, publicTransport, shopping, sports, tech, termProtector, utilities) 
    values
        (?, ?, ?, ?, ?, ?, ?, ?, ?, ?, ?, ?, ?, ?, ?, ?, ?, ?, ?, ?, ?, ?, ?, ?, ?, ?, ?)
2026-06-01T20:33:29.767+08:00 DEBUG 31280 --- [pfms] [restartedMain] o.s.orm.jpa.JpaTransactionManager        : Initiating transaction commit
2026-06-01T20:33:29.767+08:00 DEBUG 31280 --- [pfms] [restartedMain] o.s.orm.jpa.JpaTransactionManager        : Committing JPA transaction on EntityManager [SessionImpl(411445280<open>)]
2026-06-01T20:33:29.767+08:00 DEBUG 31280 --- [pfms] [restartedMain] o.s.orm.jpa.JpaTransactionManager        : Closing JPA EntityManager after transaction
2026-06-01T20:33:29.768+08:00 DEBUG 31280 --- [pfms] [restartedMain] o.s.orm.jpa.JpaTransactionManager        : Creating new transaction with name [org.springframework.data.jpa.repository.support.SimpleJpaRepository.save]: PROPAGATION_REQUIRED,ISOLATION_DEFAULT
2026-06-01T20:33:29.768+08:00 DEBUG 31280 --- [pfms] [restartedMain] o.s.orm.jpa.JpaTransactionManager        : Opened new EntityManager [SessionImpl(754795030<open>)] for JPA transaction
2026-06-01T20:33:29.768+08:00 DEBUG 31280 --- [pfms] [restartedMain] o.s.orm.jpa.JpaTransactionManager        : Exposing JPA transaction as JDBC [org.springframework.orm.jpa.vendor.HibernateJpaDialect$HibernateConnectionHandle@22b5ab81]
2026-06-01T20:33:29.769+08:00 DEBUG 31280 --- [pfms] [restartedMain] org.hibernate.SQL                        : 
    insert 
    into
        expense
        (aia, allowancesForParents, breakfast, criticare, date, debt, dinner, eatingOut, entertainment, groceries, haircut, holiday, incomeTax, internet, lunch, medical, mobilePhone, mortgage, others, privateTransport, propertyTax, publicTransport, shopping, sports, tech, termProtector, utilities) 
    values
        (?, ?, ?, ?, ?, ?, ?, ?, ?, ?, ?, ?, ?, ?, ?, ?, ?, ?, ?, ?, ?, ?, ?, ?, ?, ?, ?)
2026-06-01T20:33:29.770+08:00 DEBUG 31280 --- [pfms] [restartedMain] o.s.orm.jpa.JpaTransactionManager        : Initiating transaction commit
2026-06-01T20:33:29.770+08:00 DEBUG 31280 --- [pfms] [restartedMain] o.s.orm.jpa.JpaTransactionManager        : Committing JPA transaction on EntityManager [SessionImpl(754795030<open>)]
2026-06-01T20:33:29.771+08:00 DEBUG 31280 --- [pfms] [restartedMain] o.s.orm.jpa.JpaTransactionManager        : Closing JPA EntityManager after transaction
2026-06-01T20:33:29.772+08:00 DEBUG 31280 --- [pfms] [restartedMain] o.s.orm.jpa.JpaTransactionManager        : Creating new transaction with name [org.springframework.data.jpa.repository.support.SimpleJpaRepository.save]: PROPAGATION_REQUIRED,ISOLATION_DEFAULT
2026-06-01T20:33:29.772+08:00 DEBUG 31280 --- [pfms] [restartedMain] o.s.orm.jpa.JpaTransactionManager        : Opened new EntityManager [SessionImpl(1302489462<open>)] for JPA transaction
2026-06-01T20:33:29.773+08:00 DEBUG 31280 --- [pfms] [restartedMain] o.s.orm.jpa.JpaTransactionManager        : Exposing JPA transaction as JDBC [org.springframework.orm.jpa.vendor.HibernateJpaDialect$HibernateConnectionHandle@42c42ae0]
2026-06-01T20:33:29.773+08:00 DEBUG 31280 --- [pfms] [restartedMain] org.hibernate.SQL                        : 
    insert 
    into
        expense
        (aia, allowancesForParents, breakfast, criticare, date, debt, dinner, eatingOut, entertainment, groceries, haircut, holiday, incomeTax, internet, lunch, medical, mobilePhone, mortgage, others, privateTransport, propertyTax, publicTransport, shopping, sports, tech, termProtector, utilities) 
    values
        (?, ?, ?, ?, ?, ?, ?, ?, ?, ?, ?, ?, ?, ?, ?, ?, ?, ?, ?, ?, ?, ?, ?, ?, ?, ?, ?)
2026-06-01T20:33:29.775+08:00 DEBUG 31280 --- [pfms] [restartedMain] o.s.orm.jpa.JpaTransactionManager        : Initiating transaction commit
2026-06-01T20:33:29.775+08:00 DEBUG 31280 --- [pfms] [restartedMain] o.s.orm.jpa.JpaTransactionManager        : Committing JPA transaction on EntityManager [SessionImpl(1302489462<open>)]
2026-06-01T20:33:29.776+08:00 DEBUG 31280 --- [pfms] [restartedMain] o.s.orm.jpa.JpaTransactionManager        : Closing JPA EntityManager after transaction
2026-06-01T20:33:29.777+08:00 DEBUG 31280 --- [pfms] [restartedMain] o.s.orm.jpa.JpaTransactionManager        : Creating new transaction with name [org.springframework.data.jpa.repository.support.SimpleJpaRepository.save]: PROPAGATION_REQUIRED,ISOLATION_DEFAULT
2026-06-01T20:33:29.777+08:00 DEBUG 31280 --- [pfms] [restartedMain] o.s.orm.jpa.JpaTransactionManager        : Opened new EntityManager [SessionImpl(900768084<open>)] for JPA transaction
2026-06-01T20:33:29.777+08:00 DEBUG 31280 --- [pfms] [restartedMain] o.s.orm.jpa.JpaTransactionManager        : Exposing JPA transaction as JDBC [org.springframework.orm.jpa.vendor.HibernateJpaDialect$HibernateConnectionHandle@56c01e28]
2026-06-01T20:33:29.778+08:00 DEBUG 31280 --- [pfms] [restartedMain] org.hibernate.SQL                        : 
    insert 
    into
        expense
        (aia, allowancesForParents, breakfast, criticare, date, debt, dinner, eatingOut, entertainment, groceries, haircut, holiday, incomeTax, internet, lunch, medical, mobilePhone, mortgage, others, privateTransport, propertyTax, publicTransport, shopping, sports, tech, termProtector, utilities) 
    values
        (?, ?, ?, ?, ?, ?, ?, ?, ?, ?, ?, ?, ?, ?, ?, ?, ?, ?, ?, ?, ?, ?, ?, ?, ?, ?, ?)
2026-06-01T20:33:29.779+08:00 DEBUG 31280 --- [pfms] [restartedMain] o.s.orm.jpa.JpaTransactionManager        : Initiating transaction commit
2026-06-01T20:33:29.780+08:00 DEBUG 31280 --- [pfms] [restartedMain] o.s.orm.jpa.JpaTransactionManager        : Committing JPA transaction on EntityManager [SessionImpl(900768084<open>)]
2026-06-01T20:33:29.780+08:00 DEBUG 31280 --- [pfms] [restartedMain] o.s.orm.jpa.JpaTransactionManager        : Closing JPA EntityManager after transaction
2026-06-01T20:33:29.781+08:00 DEBUG 31280 --- [pfms] [restartedMain] o.s.orm.jpa.JpaTransactionManager        : Creating new transaction with name [org.springframework.data.jpa.repository.support.SimpleJpaRepository.save]: PROPAGATION_REQUIRED,ISOLATION_DEFAULT
2026-06-01T20:33:29.781+08:00 DEBUG 31280 --- [pfms] [restartedMain] o.s.orm.jpa.JpaTransactionManager        : Opened new EntityManager [SessionImpl(271411437<open>)] for JPA transaction
2026-06-01T20:33:29.781+08:00 DEBUG 31280 --- [pfms] [restartedMain] o.s.orm.jpa.JpaTransactionManager        : Exposing JPA transaction as JDBC [org.springframework.orm.jpa.vendor.HibernateJpaDialect$HibernateConnectionHandle@46ca059e]
2026-06-01T20:33:29.782+08:00 DEBUG 31280 --- [pfms] [restartedMain] org.hibernate.SQL                        : 
    insert 
    into
        expense
        (aia, allowancesForParents, breakfast, criticare, date, debt, dinner, eatingOut, entertainment, groceries, haircut, holiday, incomeTax, internet, lunch, medical, mobilePhone, mortgage, others, privateTransport, propertyTax, publicTransport, shopping, sports, tech, termProtector, utilities) 
    values
        (?, ?, ?, ?, ?, ?, ?, ?, ?, ?, ?, ?, ?, ?, ?, ?, ?, ?, ?, ?, ?, ?, ?, ?, ?, ?, ?)
2026-06-01T20:33:29.783+08:00 DEBUG 31280 --- [pfms] [restartedMain] o.s.orm.jpa.JpaTransactionManager        : Initiating transaction commit
2026-06-01T20:33:29.783+08:00 DEBUG 31280 --- [pfms] [restartedMain] o.s.orm.jpa.JpaTransactionManager        : Committing JPA transaction on EntityManager [SessionImpl(271411437<open>)]
2026-06-01T20:33:29.784+08:00 DEBUG 31280 --- [pfms] [restartedMain] o.s.orm.jpa.JpaTransactionManager        : Closing JPA EntityManager after transaction
2026-06-01T20:33:29.784+08:00 DEBUG 31280 --- [pfms] [restartedMain] o.s.orm.jpa.JpaTransactionManager        : Creating new transaction with name [org.springframework.data.jpa.repository.support.SimpleJpaRepository.save]: PROPAGATION_REQUIRED,ISOLATION_DEFAULT
2026-06-01T20:33:29.784+08:00 DEBUG 31280 --- [pfms] [restartedMain] o.s.orm.jpa.JpaTransactionManager        : Opened new EntityManager [SessionImpl(1330956422<open>)] for JPA transaction
2026-06-01T20:33:29.784+08:00 DEBUG 31280 --- [pfms] [restartedMain] o.s.orm.jpa.JpaTransactionManager        : Exposing JPA transaction as JDBC [org.springframework.orm.jpa.vendor.HibernateJpaDialect$HibernateConnectionHandle@5924d207]
2026-06-01T20:33:29.786+08:00 DEBUG 31280 --- [pfms] [restartedMain] org.hibernate.SQL                        : 
    insert 
    into
        expense
        (aia, allowancesForParents, breakfast, criticare, date, debt, dinner, eatingOut, entertainment, groceries, haircut, holiday, incomeTax, internet, lunch, medical, mobilePhone, mortgage, others, privateTransport, propertyTax, publicTransport, shopping, sports, tech, termProtector, utilities) 
    values
        (?, ?, ?, ?, ?, ?, ?, ?, ?, ?, ?, ?, ?, ?, ?, ?, ?, ?, ?, ?, ?, ?, ?, ?, ?, ?, ?)
2026-06-01T20:33:29.787+08:00 DEBUG 31280 --- [pfms] [restartedMain] o.s.orm.jpa.JpaTransactionManager        : Initiating transaction commit
2026-06-01T20:33:29.787+08:00 DEBUG 31280 --- [pfms] [restartedMain] o.s.orm.jpa.JpaTransactionManager        : Committing JPA transaction on EntityManager [SessionImpl(1330956422<open>)]
2026-06-01T20:33:29.788+08:00 DEBUG 31280 --- [pfms] [restartedMain] o.s.orm.jpa.JpaTransactionManager        : Closing JPA EntityManager after transaction
2026-06-01T20:33:29.788+08:00 DEBUG 31280 --- [pfms] [restartedMain] o.s.orm.jpa.JpaTransactionManager        : Creating new transaction with name [org.springframework.data.jpa.repository.support.SimpleJpaRepository.save]: PROPAGATION_REQUIRED,ISOLATION_DEFAULT
2026-06-01T20:33:29.789+08:00 DEBUG 31280 --- [pfms] [restartedMain] o.s.orm.jpa.JpaTransactionManager        : Opened new EntityManager [SessionImpl(262197377<open>)] for JPA transaction
2026-06-01T20:33:29.789+08:00 DEBUG 31280 --- [pfms] [restartedMain] o.s.orm.jpa.JpaTransactionManager        : Exposing JPA transaction as JDBC [org.springframework.orm.jpa.vendor.HibernateJpaDialect$HibernateConnectionHandle@70eb9f98]
2026-06-01T20:33:29.790+08:00 DEBUG 31280 --- [pfms] [restartedMain] org.hibernate.SQL                        : 
    insert 
    into
        expense
        (aia, allowancesForParents, breakfast, criticare, date, debt, dinner, eatingOut, entertainment, groceries, haircut, holiday, incomeTax, internet, lunch, medical, mobilePhone, mortgage, others, privateTransport, propertyTax, publicTransport, shopping, sports, tech, termProtector, utilities) 
    values
        (?, ?, ?, ?, ?, ?, ?, ?, ?, ?, ?, ?, ?, ?, ?, ?, ?, ?, ?, ?, ?, ?, ?, ?, ?, ?, ?)
2026-06-01T20:33:29.791+08:00 DEBUG 31280 --- [pfms] [restartedMain] o.s.orm.jpa.JpaTransactionManager        : Initiating transaction commit
2026-06-01T20:33:29.791+08:00 DEBUG 31280 --- [pfms] [restartedMain] o.s.orm.jpa.JpaTransactionManager        : Committing JPA transaction on EntityManager [SessionImpl(262197377<open>)]
2026-06-01T20:33:29.792+08:00 DEBUG 31280 --- [pfms] [restartedMain] o.s.orm.jpa.JpaTransactionManager        : Closing JPA EntityManager after transaction
2026-06-01T20:33:29.792+08:00 DEBUG 31280 --- [pfms] [restartedMain] o.s.orm.jpa.JpaTransactionManager        : Creating new transaction with name [org.springframework.data.jpa.repository.support.SimpleJpaRepository.save]: PROPAGATION_REQUIRED,ISOLATION_DEFAULT
2026-06-01T20:33:29.793+08:00 DEBUG 31280 --- [pfms] [restartedMain] o.s.orm.jpa.JpaTransactionManager        : Opened new EntityManager [SessionImpl(1048020868<open>)] for JPA transaction
2026-06-01T20:33:29.793+08:00 DEBUG 31280 --- [pfms] [restartedMain] o.s.orm.jpa.JpaTransactionManager        : Exposing JPA transaction as JDBC [org.springframework.orm.jpa.vendor.HibernateJpaDialect$HibernateConnectionHandle@124cc88d]
2026-06-01T20:33:29.793+08:00 DEBUG 31280 --- [pfms] [restartedMain] org.hibernate.SQL                        : 
    insert 
    into
        expense
        (aia, allowancesForParents, breakfast, criticare, date, debt, dinner, eatingOut, entertainment, groceries, haircut, holiday, incomeTax, internet, lunch, medical, mobilePhone, mortgage, others, privateTransport, propertyTax, publicTransport, shopping, sports, tech, termProtector, utilities) 
    values
        (?, ?, ?, ?, ?, ?, ?, ?, ?, ?, ?, ?, ?, ?, ?, ?, ?, ?, ?, ?, ?, ?, ?, ?, ?, ?, ?)
2026-06-01T20:33:29.794+08:00 DEBUG 31280 --- [pfms] [restartedMain] o.s.orm.jpa.JpaTransactionManager        : Initiating transaction commit
2026-06-01T20:33:29.795+08:00 DEBUG 31280 --- [pfms] [restartedMain] o.s.orm.jpa.JpaTransactionManager        : Committing JPA transaction on EntityManager [SessionImpl(1048020868<open>)]
2026-06-01T20:33:29.795+08:00 DEBUG 31280 --- [pfms] [restartedMain] o.s.orm.jpa.JpaTransactionManager        : Closing JPA EntityManager after transaction
2026-06-01T20:33:29.796+08:00 DEBUG 31280 --- [pfms] [restartedMain] o.s.orm.jpa.JpaTransactionManager        : Creating new transaction with name [org.springframework.data.jpa.repository.support.SimpleJpaRepository.save]: PROPAGATION_REQUIRED,ISOLATION_DEFAULT
2026-06-01T20:33:29.796+08:00 DEBUG 31280 --- [pfms] [restartedMain] o.s.orm.jpa.JpaTransactionManager        : Opened new EntityManager [SessionImpl(79423275<open>)] for JPA transaction
2026-06-01T20:33:29.796+08:00 DEBUG 31280 --- [pfms] [restartedMain] o.s.orm.jpa.JpaTransactionManager        : Exposing JPA transaction as JDBC [org.springframework.orm.jpa.vendor.HibernateJpaDialect$HibernateConnectionHandle@70c75f91]
2026-06-01T20:33:29.796+08:00 DEBUG 31280 --- [pfms] [restartedMain] org.hibernate.SQL                        : 
    insert 
    into
        expense
        (aia, allowancesForParents, breakfast, criticare, date, debt, dinner, eatingOut, entertainment, groceries, haircut, holiday, incomeTax, internet, lunch, medical, mobilePhone, mortgage, others, privateTransport, propertyTax, publicTransport, shopping, sports, tech, termProtector, utilities) 
    values
        (?, ?, ?, ?, ?, ?, ?, ?, ?, ?, ?, ?, ?, ?, ?, ?, ?, ?, ?, ?, ?, ?, ?, ?, ?, ?, ?)
2026-06-01T20:33:29.797+08:00 DEBUG 31280 --- [pfms] [restartedMain] o.s.orm.jpa.JpaTransactionManager        : Initiating transaction commit
2026-06-01T20:33:29.798+08:00 DEBUG 31280 --- [pfms] [restartedMain] o.s.orm.jpa.JpaTransactionManager        : Committing JPA transaction on EntityManager [SessionImpl(79423275<open>)]
2026-06-01T20:33:29.798+08:00 DEBUG 31280 --- [pfms] [restartedMain] o.s.orm.jpa.JpaTransactionManager        : Closing JPA EntityManager after transaction
2026-06-01T20:33:29.799+08:00 DEBUG 31280 --- [pfms] [restartedMain] o.s.orm.jpa.JpaTransactionManager        : Creating new transaction with name [org.springframework.data.jpa.repository.support.SimpleJpaRepository.save]: PROPAGATION_REQUIRED,ISOLATION_DEFAULT
2026-06-01T20:33:29.799+08:00 DEBUG 31280 --- [pfms] [restartedMain] o.s.orm.jpa.JpaTransactionManager        : Opened new EntityManager [SessionImpl(1879257727<open>)] for JPA transaction
2026-06-01T20:33:29.799+08:00 DEBUG 31280 --- [pfms] [restartedMain] o.s.orm.jpa.JpaTransactionManager        : Exposing JPA transaction as JDBC [org.springframework.orm.jpa.vendor.HibernateJpaDialect$HibernateConnectionHandle@3af2d039]
2026-06-01T20:33:29.800+08:00 DEBUG 31280 --- [pfms] [restartedMain] org.hibernate.SQL                        : 
    insert 
    into
        expense
        (aia, allowancesForParents, breakfast, criticare, date, debt, dinner, eatingOut, entertainment, groceries, haircut, holiday, incomeTax, internet, lunch, medical, mobilePhone, mortgage, others, privateTransport, propertyTax, publicTransport, shopping, sports, tech, termProtector, utilities) 
    values
        (?, ?, ?, ?, ?, ?, ?, ?, ?, ?, ?, ?, ?, ?, ?, ?, ?, ?, ?, ?, ?, ?, ?, ?, ?, ?, ?)
2026-06-01T20:33:29.800+08:00 DEBUG 31280 --- [pfms] [restartedMain] o.s.orm.jpa.JpaTransactionManager        : Initiating transaction commit
2026-06-01T20:33:29.800+08:00 DEBUG 31280 --- [pfms] [restartedMain] o.s.orm.jpa.JpaTransactionManager        : Committing JPA transaction on EntityManager [SessionImpl(1879257727<open>)]
2026-06-01T20:33:29.802+08:00 DEBUG 31280 --- [pfms] [restartedMain] o.s.orm.jpa.JpaTransactionManager        : Closing JPA EntityManager after transaction
2026-06-01T20:33:29.802+08:00 DEBUG 31280 --- [pfms] [restartedMain] o.s.orm.jpa.JpaTransactionManager        : Creating new transaction with name [org.springframework.data.jpa.repository.support.SimpleJpaRepository.save]: PROPAGATION_REQUIRED,ISOLATION_DEFAULT
2026-06-01T20:33:29.802+08:00 DEBUG 31280 --- [pfms] [restartedMain] o.s.orm.jpa.JpaTransactionManager        : Opened new EntityManager [SessionImpl(368423525<open>)] for JPA transaction
2026-06-01T20:33:29.803+08:00 DEBUG 31280 --- [pfms] [restartedMain] o.s.orm.jpa.JpaTransactionManager        : Exposing JPA transaction as JDBC [org.springframework.orm.jpa.vendor.HibernateJpaDialect$HibernateConnectionHandle@39aacbfa]
2026-06-01T20:33:29.803+08:00 DEBUG 31280 --- [pfms] [restartedMain] org.hibernate.SQL                        : 
    insert 
    into
        expense
        (aia, allowancesForParents, breakfast, criticare, date, debt, dinner, eatingOut, entertainment, groceries, haircut, holiday, incomeTax, internet, lunch, medical, mobilePhone, mortgage, others, privateTransport, propertyTax, publicTransport, shopping, sports, tech, termProtector, utilities) 
    values
        (?, ?, ?, ?, ?, ?, ?, ?, ?, ?, ?, ?, ?, ?, ?, ?, ?, ?, ?, ?, ?, ?, ?, ?, ?, ?, ?)
2026-06-01T20:33:29.804+08:00 DEBUG 31280 --- [pfms] [restartedMain] o.s.orm.jpa.JpaTransactionManager        : Initiating transaction commit
2026-06-01T20:33:29.805+08:00 DEBUG 31280 --- [pfms] [restartedMain] o.s.orm.jpa.JpaTransactionManager        : Committing JPA transaction on EntityManager [SessionImpl(368423525<open>)]
2026-06-01T20:33:29.806+08:00 DEBUG 31280 --- [pfms] [restartedMain] o.s.orm.jpa.JpaTransactionManager        : Closing JPA EntityManager after transaction
2026-06-01T20:33:29.806+08:00 DEBUG 31280 --- [pfms] [restartedMain] o.s.orm.jpa.JpaTransactionManager        : Creating new transaction with name [org.springframework.data.jpa.repository.support.SimpleJpaRepository.save]: PROPAGATION_REQUIRED,ISOLATION_DEFAULT
2026-06-01T20:33:29.806+08:00 DEBUG 31280 --- [pfms] [restartedMain] o.s.orm.jpa.JpaTransactionManager        : Opened new EntityManager [SessionImpl(1391840524<open>)] for JPA transaction
2026-06-01T20:33:29.806+08:00 DEBUG 31280 --- [pfms] [restartedMain] o.s.orm.jpa.JpaTransactionManager        : Exposing JPA transaction as JDBC [org.springframework.orm.jpa.vendor.HibernateJpaDialect$HibernateConnectionHandle@3def39b3]
2026-06-01T20:33:29.807+08:00 DEBUG 31280 --- [pfms] [restartedMain] org.hibernate.SQL                        : 
    insert 
    into
        expense
        (aia, allowancesForParents, breakfast, criticare, date, debt, dinner, eatingOut, entertainment, groceries, haircut, holiday, incomeTax, internet, lunch, medical, mobilePhone, mortgage, others, privateTransport, propertyTax, publicTransport, shopping, sports, tech, termProtector, utilities) 
    values
        (?, ?, ?, ?, ?, ?, ?, ?, ?, ?, ?, ?, ?, ?, ?, ?, ?, ?, ?, ?, ?, ?, ?, ?, ?, ?, ?)
2026-06-01T20:33:29.808+08:00 DEBUG 31280 --- [pfms] [restartedMain] o.s.orm.jpa.JpaTransactionManager        : Initiating transaction commit
2026-06-01T20:33:29.808+08:00 DEBUG 31280 --- [pfms] [restartedMain] o.s.orm.jpa.JpaTransactionManager        : Committing JPA transaction on EntityManager [SessionImpl(1391840524<open>)]
2026-06-01T20:33:29.809+08:00 DEBUG 31280 --- [pfms] [restartedMain] o.s.orm.jpa.JpaTransactionManager        : Closing JPA EntityManager after transaction
2026-06-01T20:33:29.809+08:00 DEBUG 31280 --- [pfms] [restartedMain] o.s.orm.jpa.JpaTransactionManager        : Creating new transaction with name [org.springframework.data.jpa.repository.support.SimpleJpaRepository.save]: PROPAGATION_REQUIRED,ISOLATION_DEFAULT
2026-06-01T20:33:29.810+08:00 DEBUG 31280 --- [pfms] [restartedMain] o.s.orm.jpa.JpaTransactionManager        : Opened new EntityManager [SessionImpl(888027881<open>)] for JPA transaction
2026-06-01T20:33:29.810+08:00 DEBUG 31280 --- [pfms] [restartedMain] o.s.orm.jpa.JpaTransactionManager        : Exposing JPA transaction as JDBC [org.springframework.orm.jpa.vendor.HibernateJpaDialect$HibernateConnectionHandle@7088af66]
2026-06-01T20:33:29.810+08:00 DEBUG 31280 --- [pfms] [restartedMain] org.hibernate.SQL                        : 
    insert 
    into
        expense
        (aia, allowancesForParents, breakfast, criticare, date, debt, dinner, eatingOut, entertainment, groceries, haircut, holiday, incomeTax, internet, lunch, medical, mobilePhone, mortgage, others, privateTransport, propertyTax, publicTransport, shopping, sports, tech, termProtector, utilities) 
    values
        (?, ?, ?, ?, ?, ?, ?, ?, ?, ?, ?, ?, ?, ?, ?, ?, ?, ?, ?, ?, ?, ?, ?, ?, ?, ?, ?)
2026-06-01T20:33:29.811+08:00 DEBUG 31280 --- [pfms] [restartedMain] o.s.orm.jpa.JpaTransactionManager        : Initiating transaction commit
2026-06-01T20:33:29.811+08:00 DEBUG 31280 --- [pfms] [restartedMain] o.s.orm.jpa.JpaTransactionManager        : Committing JPA transaction on EntityManager [SessionImpl(888027881<open>)]
2026-06-01T20:33:29.812+08:00 DEBUG 31280 --- [pfms] [restartedMain] o.s.orm.jpa.JpaTransactionManager        : Closing JPA EntityManager after transaction
2026-06-01T20:33:29.812+08:00 DEBUG 31280 --- [pfms] [restartedMain] o.s.orm.jpa.JpaTransactionManager        : Creating new transaction with name [org.springframework.data.jpa.repository.support.SimpleJpaRepository.save]: PROPAGATION_REQUIRED,ISOLATION_DEFAULT
2026-06-01T20:33:29.812+08:00 DEBUG 31280 --- [pfms] [restartedMain] o.s.orm.jpa.JpaTransactionManager        : Opened new EntityManager [SessionImpl(1757020737<open>)] for JPA transaction
2026-06-01T20:33:29.812+08:00 DEBUG 31280 --- [pfms] [restartedMain] o.s.orm.jpa.JpaTransactionManager        : Exposing JPA transaction as JDBC [org.springframework.orm.jpa.vendor.HibernateJpaDialect$HibernateConnectionHandle@5dfc63af]
2026-06-01T20:33:29.813+08:00 DEBUG 31280 --- [pfms] [restartedMain] org.hibernate.SQL                        : 
    insert 
    into
        expense
        (aia, allowancesForParents, breakfast, criticare, date, debt, dinner, eatingOut, entertainment, groceries, haircut, holiday, incomeTax, internet, lunch, medical, mobilePhone, mortgage, others, privateTransport, propertyTax, publicTransport, shopping, sports, tech, termProtector, utilities) 
    values
        (?, ?, ?, ?, ?, ?, ?, ?, ?, ?, ?, ?, ?, ?, ?, ?, ?, ?, ?, ?, ?, ?, ?, ?, ?, ?, ?)
2026-06-01T20:33:29.814+08:00 DEBUG 31280 --- [pfms] [restartedMain] o.s.orm.jpa.JpaTransactionManager        : Initiating transaction commit
2026-06-01T20:33:29.814+08:00 DEBUG 31280 --- [pfms] [restartedMain] o.s.orm.jpa.JpaTransactionManager        : Committing JPA transaction on EntityManager [SessionImpl(1757020737<open>)]
2026-06-01T20:33:29.814+08:00 DEBUG 31280 --- [pfms] [restartedMain] o.s.orm.jpa.JpaTransactionManager        : Closing JPA EntityManager after transaction
2026-06-01T20:33:29.815+08:00 DEBUG 31280 --- [pfms] [restartedMain] o.s.orm.jpa.JpaTransactionManager        : Creating new transaction with name [org.springframework.data.jpa.repository.support.SimpleJpaRepository.save]: PROPAGATION_REQUIRED,ISOLATION_DEFAULT
2026-06-01T20:33:29.815+08:00 DEBUG 31280 --- [pfms] [restartedMain] o.s.orm.jpa.JpaTransactionManager        : Opened new EntityManager [SessionImpl(2067446847<open>)] for JPA transaction
2026-06-01T20:33:29.815+08:00 DEBUG 31280 --- [pfms] [restartedMain] o.s.orm.jpa.JpaTransactionManager        : Exposing JPA transaction as JDBC [org.springframework.orm.jpa.vendor.HibernateJpaDialect$HibernateConnectionHandle@45e559ec]
2026-06-01T20:33:29.815+08:00 DEBUG 31280 --- [pfms] [restartedMain] org.hibernate.SQL                        : 
    insert 
    into
        expense
        (aia, allowancesForParents, breakfast, criticare, date, debt, dinner, eatingOut, entertainment, groceries, haircut, holiday, incomeTax, internet, lunch, medical, mobilePhone, mortgage, others, privateTransport, propertyTax, publicTransport, shopping, sports, tech, termProtector, utilities) 
    values
        (?, ?, ?, ?, ?, ?, ?, ?, ?, ?, ?, ?, ?, ?, ?, ?, ?, ?, ?, ?, ?, ?, ?, ?, ?, ?, ?)
2026-06-01T20:33:29.816+08:00 DEBUG 31280 --- [pfms] [restartedMain] o.s.orm.jpa.JpaTransactionManager        : Initiating transaction commit
2026-06-01T20:33:29.816+08:00 DEBUG 31280 --- [pfms] [restartedMain] o.s.orm.jpa.JpaTransactionManager        : Committing JPA transaction on EntityManager [SessionImpl(2067446847<open>)]
2026-06-01T20:33:29.817+08:00 DEBUG 31280 --- [pfms] [restartedMain] o.s.orm.jpa.JpaTransactionManager        : Closing JPA EntityManager after transaction
2026-06-01T20:33:29.817+08:00 DEBUG 31280 --- [pfms] [restartedMain] o.s.orm.jpa.JpaTransactionManager        : Creating new transaction with name [org.springframework.data.jpa.repository.support.SimpleJpaRepository.save]: PROPAGATION_REQUIRED,ISOLATION_DEFAULT
2026-06-01T20:33:29.817+08:00 DEBUG 31280 --- [pfms] [restartedMain] o.s.orm.jpa.JpaTransactionManager        : Opened new EntityManager [SessionImpl(670557684<open>)] for JPA transaction
2026-06-01T20:33:29.818+08:00 DEBUG 31280 --- [pfms] [restartedMain] o.s.orm.jpa.JpaTransactionManager        : Exposing JPA transaction as JDBC [org.springframework.orm.jpa.vendor.HibernateJpaDialect$HibernateConnectionHandle@4832e2df]
2026-06-01T20:33:29.818+08:00 DEBUG 31280 --- [pfms] [restartedMain] org.hibernate.SQL                        : 
    insert 
    into
        expense
        (aia, allowancesForParents, breakfast, criticare, date, debt, dinner, eatingOut, entertainment, groceries, haircut, holiday, incomeTax, internet, lunch, medical, mobilePhone, mortgage, others, privateTransport, propertyTax, publicTransport, shopping, sports, tech, termProtector, utilities) 
    values
        (?, ?, ?, ?, ?, ?, ?, ?, ?, ?, ?, ?, ?, ?, ?, ?, ?, ?, ?, ?, ?, ?, ?, ?, ?, ?, ?)
2026-06-01T20:33:29.819+08:00 DEBUG 31280 --- [pfms] [restartedMain] o.s.orm.jpa.JpaTransactionManager        : Initiating transaction commit
2026-06-01T20:33:29.819+08:00 DEBUG 31280 --- [pfms] [restartedMain] o.s.orm.jpa.JpaTransactionManager        : Committing JPA transaction on EntityManager [SessionImpl(670557684<open>)]
2026-06-01T20:33:29.820+08:00 DEBUG 31280 --- [pfms] [restartedMain] o.s.orm.jpa.JpaTransactionManager        : Closing JPA EntityManager after transaction
2026-06-01T20:33:29.820+08:00 DEBUG 31280 --- [pfms] [restartedMain] o.s.orm.jpa.JpaTransactionManager        : Creating new transaction with name [org.springframework.data.jpa.repository.support.SimpleJpaRepository.save]: PROPAGATION_REQUIRED,ISOLATION_DEFAULT
2026-06-01T20:33:29.820+08:00 DEBUG 31280 --- [pfms] [restartedMain] o.s.orm.jpa.JpaTransactionManager        : Opened new EntityManager [SessionImpl(194950409<open>)] for JPA transaction
2026-06-01T20:33:29.820+08:00 DEBUG 31280 --- [pfms] [restartedMain] o.s.orm.jpa.JpaTransactionManager        : Exposing JPA transaction as JDBC [org.springframework.orm.jpa.vendor.HibernateJpaDialect$HibernateConnectionHandle@54658abf]
2026-06-01T20:33:29.822+08:00 DEBUG 31280 --- [pfms] [restartedMain] org.hibernate.SQL                        : 
    insert 
    into
        expense
        (aia, allowancesForParents, breakfast, criticare, date, debt, dinner, eatingOut, entertainment, groceries, haircut, holiday, incomeTax, internet, lunch, medical, mobilePhone, mortgage, others, privateTransport, propertyTax, publicTransport, shopping, sports, tech, termProtector, utilities) 
    values
        (?, ?, ?, ?, ?, ?, ?, ?, ?, ?, ?, ?, ?, ?, ?, ?, ?, ?, ?, ?, ?, ?, ?, ?, ?, ?, ?)
2026-06-01T20:33:29.823+08:00 DEBUG 31280 --- [pfms] [restartedMain] o.s.orm.jpa.JpaTransactionManager        : Initiating transaction commit
2026-06-01T20:33:29.824+08:00 DEBUG 31280 --- [pfms] [restartedMain] o.s.orm.jpa.JpaTransactionManager        : Committing JPA transaction on EntityManager [SessionImpl(194950409<open>)]
2026-06-01T20:33:29.824+08:00 DEBUG 31280 --- [pfms] [restartedMain] o.s.orm.jpa.JpaTransactionManager        : Closing JPA EntityManager after transaction
2026-06-01T20:33:29.825+08:00 DEBUG 31280 --- [pfms] [restartedMain] o.s.orm.jpa.JpaTransactionManager        : Creating new transaction with name [org.springframework.data.jpa.repository.support.SimpleJpaRepository.save]: PROPAGATION_REQUIRED,ISOLATION_DEFAULT
2026-06-01T20:33:29.825+08:00 DEBUG 31280 --- [pfms] [restartedMain] o.s.orm.jpa.JpaTransactionManager        : Opened new EntityManager [SessionImpl(439634736<open>)] for JPA transaction
2026-06-01T20:33:29.825+08:00 DEBUG 31280 --- [pfms] [restartedMain] o.s.orm.jpa.JpaTransactionManager        : Exposing JPA transaction as JDBC [org.springframework.orm.jpa.vendor.HibernateJpaDialect$HibernateConnectionHandle@62fc1abb]
2026-06-01T20:33:29.826+08:00 DEBUG 31280 --- [pfms] [restartedMain] org.hibernate.SQL                        : 
    insert 
    into
        expense
        (aia, allowancesForParents, breakfast, criticare, date, debt, dinner, eatingOut, entertainment, groceries, haircut, holiday, incomeTax, internet, lunch, medical, mobilePhone, mortgage, others, privateTransport, propertyTax, publicTransport, shopping, sports, tech, termProtector, utilities) 
    values
        (?, ?, ?, ?, ?, ?, ?, ?, ?, ?, ?, ?, ?, ?, ?, ?, ?, ?, ?, ?, ?, ?, ?, ?, ?, ?, ?)
2026-06-01T20:33:29.827+08:00 DEBUG 31280 --- [pfms] [restartedMain] o.s.orm.jpa.JpaTransactionManager        : Initiating transaction commit
2026-06-01T20:33:29.827+08:00 DEBUG 31280 --- [pfms] [restartedMain] o.s.orm.jpa.JpaTransactionManager        : Committing JPA transaction on EntityManager [SessionImpl(439634736<open>)]
2026-06-01T20:33:29.828+08:00 DEBUG 31280 --- [pfms] [restartedMain] o.s.orm.jpa.JpaTransactionManager        : Closing JPA EntityManager after transaction
2026-06-01T20:33:29.828+08:00 DEBUG 31280 --- [pfms] [restartedMain] o.s.orm.jpa.JpaTransactionManager        : Creating new transaction with name [org.springframework.data.jpa.repository.support.SimpleJpaRepository.save]: PROPAGATION_REQUIRED,ISOLATION_DEFAULT
2026-06-01T20:33:29.829+08:00 DEBUG 31280 --- [pfms] [restartedMain] o.s.orm.jpa.JpaTransactionManager        : Opened new EntityManager [SessionImpl(1839312141<open>)] for JPA transaction
2026-06-01T20:33:29.829+08:00 DEBUG 31280 --- [pfms] [restartedMain] o.s.orm.jpa.JpaTransactionManager        : Exposing JPA transaction as JDBC [org.springframework.orm.jpa.vendor.HibernateJpaDialect$HibernateConnectionHandle@6f0a5bc0]
2026-06-01T20:33:29.829+08:00 DEBUG 31280 --- [pfms] [restartedMain] org.hibernate.SQL                        : 
    insert 
    into
        expense
        (aia, allowancesForParents, breakfast, criticare, date, debt, dinner, eatingOut, entertainment, groceries, haircut, holiday, incomeTax, internet, lunch, medical, mobilePhone, mortgage, others, privateTransport, propertyTax, publicTransport, shopping, sports, tech, termProtector, utilities) 
    values
        (?, ?, ?, ?, ?, ?, ?, ?, ?, ?, ?, ?, ?, ?, ?, ?, ?, ?, ?, ?, ?, ?, ?, ?, ?, ?, ?)
2026-06-01T20:33:29.830+08:00 DEBUG 31280 --- [pfms] [restartedMain] o.s.orm.jpa.JpaTransactionManager        : Initiating transaction commit
2026-06-01T20:33:29.831+08:00 DEBUG 31280 --- [pfms] [restartedMain] o.s.orm.jpa.JpaTransactionManager        : Committing JPA transaction on EntityManager [SessionImpl(1839312141<open>)]
2026-06-01T20:33:29.831+08:00 DEBUG 31280 --- [pfms] [restartedMain] o.s.orm.jpa.JpaTransactionManager        : Closing JPA EntityManager after transaction
2026-06-01T20:33:29.832+08:00 DEBUG 31280 --- [pfms] [restartedMain] o.s.orm.jpa.JpaTransactionManager        : Creating new transaction with name [org.springframework.data.jpa.repository.support.SimpleJpaRepository.save]: PROPAGATION_REQUIRED,ISOLATION_DEFAULT
2026-06-01T20:33:29.832+08:00 DEBUG 31280 --- [pfms] [restartedMain] o.s.orm.jpa.JpaTransactionManager        : Opened new EntityManager [SessionImpl(2035163050<open>)] for JPA transaction
2026-06-01T20:33:29.832+08:00 DEBUG 31280 --- [pfms] [restartedMain] o.s.orm.jpa.JpaTransactionManager        : Exposing JPA transaction as JDBC [org.springframework.orm.jpa.vendor.HibernateJpaDialect$HibernateConnectionHandle@44a78f18]
2026-06-01T20:33:29.832+08:00 DEBUG 31280 --- [pfms] [restartedMain] org.hibernate.SQL                        : 
    insert 
    into
        expense
        (aia, allowancesForParents, breakfast, criticare, date, debt, dinner, eatingOut, entertainment, groceries, haircut, holiday, incomeTax, internet, lunch, medical, mobilePhone, mortgage, others, privateTransport, propertyTax, publicTransport, shopping, sports, tech, termProtector, utilities) 
    values
        (?, ?, ?, ?, ?, ?, ?, ?, ?, ?, ?, ?, ?, ?, ?, ?, ?, ?, ?, ?, ?, ?, ?, ?, ?, ?, ?)
2026-06-01T20:33:29.834+08:00 DEBUG 31280 --- [pfms] [restartedMain] o.s.orm.jpa.JpaTransactionManager        : Initiating transaction commit
2026-06-01T20:33:29.834+08:00 DEBUG 31280 --- [pfms] [restartedMain] o.s.orm.jpa.JpaTransactionManager        : Committing JPA transaction on EntityManager [SessionImpl(2035163050<open>)]
2026-06-01T20:33:29.834+08:00 DEBUG 31280 --- [pfms] [restartedMain] o.s.orm.jpa.JpaTransactionManager        : Closing JPA EntityManager after transaction
2026-06-01T20:33:29.835+08:00 DEBUG 31280 --- [pfms] [restartedMain] o.s.orm.jpa.JpaTransactionManager        : Creating new transaction with name [org.springframework.data.jpa.repository.support.SimpleJpaRepository.save]: PROPAGATION_REQUIRED,ISOLATION_DEFAULT
2026-06-01T20:33:29.835+08:00 DEBUG 31280 --- [pfms] [restartedMain] o.s.orm.jpa.JpaTransactionManager        : Opened new EntityManager [SessionImpl(1638855239<open>)] for JPA transaction
2026-06-01T20:33:29.835+08:00 DEBUG 31280 --- [pfms] [restartedMain] o.s.orm.jpa.JpaTransactionManager        : Exposing JPA transaction as JDBC [org.springframework.orm.jpa.vendor.HibernateJpaDialect$HibernateConnectionHandle@19896e25]
2026-06-01T20:33:29.836+08:00 DEBUG 31280 --- [pfms] [restartedMain] org.hibernate.SQL                        : 
    insert 
    into
        expense
        (aia, allowancesForParents, breakfast, criticare, date, debt, dinner, eatingOut, entertainment, groceries, haircut, holiday, incomeTax, internet, lunch, medical, mobilePhone, mortgage, others, privateTransport, propertyTax, publicTransport, shopping, sports, tech, termProtector, utilities) 
    values
        (?, ?, ?, ?, ?, ?, ?, ?, ?, ?, ?, ?, ?, ?, ?, ?, ?, ?, ?, ?, ?, ?, ?, ?, ?, ?, ?)
2026-06-01T20:33:29.837+08:00 DEBUG 31280 --- [pfms] [restartedMain] o.s.orm.jpa.JpaTransactionManager        : Initiating transaction commit
2026-06-01T20:33:29.837+08:00 DEBUG 31280 --- [pfms] [restartedMain] o.s.orm.jpa.JpaTransactionManager        : Committing JPA transaction on EntityManager [SessionImpl(1638855239<open>)]
2026-06-01T20:33:29.838+08:00 DEBUG 31280 --- [pfms] [restartedMain] o.s.orm.jpa.JpaTransactionManager        : Closing JPA EntityManager after transaction
2026-06-01T20:33:29.839+08:00 DEBUG 31280 --- [pfms] [restartedMain] o.s.orm.jpa.JpaTransactionManager        : Creating new transaction with name [org.springframework.data.jpa.repository.support.SimpleJpaRepository.save]: PROPAGATION_REQUIRED,ISOLATION_DEFAULT
2026-06-01T20:33:29.839+08:00 DEBUG 31280 --- [pfms] [restartedMain] o.s.orm.jpa.JpaTransactionManager        : Opened new EntityManager [SessionImpl(176298537<open>)] for JPA transaction
2026-06-01T20:33:29.839+08:00 DEBUG 31280 --- [pfms] [restartedMain] o.s.orm.jpa.JpaTransactionManager        : Exposing JPA transaction as JDBC [org.springframework.orm.jpa.vendor.HibernateJpaDialect$HibernateConnectionHandle@58a8b51a]
2026-06-01T20:33:29.840+08:00 DEBUG 31280 --- [pfms] [restartedMain] org.hibernate.SQL                        : 
    insert 
    into
        expense
        (aia, allowancesForParents, breakfast, criticare, date, debt, dinner, eatingOut, entertainment, groceries, haircut, holiday, incomeTax, internet, lunch, medical, mobilePhone, mortgage, others, privateTransport, propertyTax, publicTransport, shopping, sports, tech, termProtector, utilities) 
    values
        (?, ?, ?, ?, ?, ?, ?, ?, ?, ?, ?, ?, ?, ?, ?, ?, ?, ?, ?, ?, ?, ?, ?, ?, ?, ?, ?)
2026-06-01T20:33:29.842+08:00 DEBUG 31280 --- [pfms] [restartedMain] o.s.orm.jpa.JpaTransactionManager        : Initiating transaction commit
2026-06-01T20:33:29.842+08:00 DEBUG 31280 --- [pfms] [restartedMain] o.s.orm.jpa.JpaTransactionManager        : Committing JPA transaction on EntityManager [SessionImpl(176298537<open>)]
2026-06-01T20:33:29.843+08:00 DEBUG 31280 --- [pfms] [restartedMain] o.s.orm.jpa.JpaTransactionManager        : Closing JPA EntityManager after transaction
2026-06-01T20:33:29.843+08:00 DEBUG 31280 --- [pfms] [restartedMain] o.s.orm.jpa.JpaTransactionManager        : Creating new transaction with name [org.springframework.data.jpa.repository.support.SimpleJpaRepository.save]: PROPAGATION_REQUIRED,ISOLATION_DEFAULT
2026-06-01T20:33:29.843+08:00 DEBUG 31280 --- [pfms] [restartedMain] o.s.orm.jpa.JpaTransactionManager        : Opened new EntityManager [SessionImpl(107057355<open>)] for JPA transaction
2026-06-01T20:33:29.844+08:00 DEBUG 31280 --- [pfms] [restartedMain] o.s.orm.jpa.JpaTransactionManager        : Exposing JPA transaction as JDBC [org.springframework.orm.jpa.vendor.HibernateJpaDialect$HibernateConnectionHandle@1b7ce578]
2026-06-01T20:33:29.844+08:00 DEBUG 31280 --- [pfms] [restartedMain] org.hibernate.SQL                        : 
    insert 
    into
        expense
        (aia, allowancesForParents, breakfast, criticare, date, debt, dinner, eatingOut, entertainment, groceries, haircut, holiday, incomeTax, internet, lunch, medical, mobilePhone, mortgage, others, privateTransport, propertyTax, publicTransport, shopping, sports, tech, termProtector, utilities) 
    values
        (?, ?, ?, ?, ?, ?, ?, ?, ?, ?, ?, ?, ?, ?, ?, ?, ?, ?, ?, ?, ?, ?, ?, ?, ?, ?, ?)
2026-06-01T20:33:29.845+08:00 DEBUG 31280 --- [pfms] [restartedMain] o.s.orm.jpa.JpaTransactionManager        : Initiating transaction commit
2026-06-01T20:33:29.845+08:00 DEBUG 31280 --- [pfms] [restartedMain] o.s.orm.jpa.JpaTransactionManager        : Committing JPA transaction on EntityManager [SessionImpl(107057355<open>)]
2026-06-01T20:33:29.846+08:00 DEBUG 31280 --- [pfms] [restartedMain] o.s.orm.jpa.JpaTransactionManager        : Closing JPA EntityManager after transaction
2026-06-01T20:33:29.846+08:00 DEBUG 31280 --- [pfms] [restartedMain] o.s.orm.jpa.JpaTransactionManager        : Creating new transaction with name [org.springframework.data.jpa.repository.support.SimpleJpaRepository.save]: PROPAGATION_REQUIRED,ISOLATION_DEFAULT
2026-06-01T20:33:29.846+08:00 DEBUG 31280 --- [pfms] [restartedMain] o.s.orm.jpa.JpaTransactionManager        : Opened new EntityManager [SessionImpl(467960724<open>)] for JPA transaction
2026-06-01T20:33:29.846+08:00 DEBUG 31280 --- [pfms] [restartedMain] o.s.orm.jpa.JpaTransactionManager        : Exposing JPA transaction as JDBC [org.springframework.orm.jpa.vendor.HibernateJpaDialect$HibernateConnectionHandle@67cfe2b5]
2026-06-01T20:33:29.847+08:00 DEBUG 31280 --- [pfms] [restartedMain] org.hibernate.SQL                        : 
    insert 
    into
        expense
        (aia, allowancesForParents, breakfast, criticare, date, debt, dinner, eatingOut, entertainment, groceries, haircut, holiday, incomeTax, internet, lunch, medical, mobilePhone, mortgage, others, privateTransport, propertyTax, publicTransport, shopping, sports, tech, termProtector, utilities) 
    values
        (?, ?, ?, ?, ?, ?, ?, ?, ?, ?, ?, ?, ?, ?, ?, ?, ?, ?, ?, ?, ?, ?, ?, ?, ?, ?, ?)
2026-06-01T20:33:29.848+08:00 DEBUG 31280 --- [pfms] [restartedMain] o.s.orm.jpa.JpaTransactionManager        : Initiating transaction commit
2026-06-01T20:33:29.848+08:00 DEBUG 31280 --- [pfms] [restartedMain] o.s.orm.jpa.JpaTransactionManager        : Committing JPA transaction on EntityManager [SessionImpl(467960724<open>)]
2026-06-01T20:33:29.848+08:00 DEBUG 31280 --- [pfms] [restartedMain] o.s.orm.jpa.JpaTransactionManager        : Closing JPA EntityManager after transaction
2026-06-01T20:33:29.849+08:00 DEBUG 31280 --- [pfms] [restartedMain] o.s.orm.jpa.JpaTransactionManager        : Creating new transaction with name [org.springframework.data.jpa.repository.support.SimpleJpaRepository.save]: PROPAGATION_REQUIRED,ISOLATION_DEFAULT
2026-06-01T20:33:29.849+08:00 DEBUG 31280 --- [pfms] [restartedMain] o.s.orm.jpa.JpaTransactionManager        : Opened new EntityManager [SessionImpl(216563799<open>)] for JPA transaction
2026-06-01T20:33:29.849+08:00 DEBUG 31280 --- [pfms] [restartedMain] o.s.orm.jpa.JpaTransactionManager        : Exposing JPA transaction as JDBC [org.springframework.orm.jpa.vendor.HibernateJpaDialect$HibernateConnectionHandle@14aa1135]
2026-06-01T20:33:29.850+08:00 DEBUG 31280 --- [pfms] [restartedMain] org.hibernate.SQL                        : 
    insert 
    into
        expense
        (aia, allowancesForParents, breakfast, criticare, date, debt, dinner, eatingOut, entertainment, groceries, haircut, holiday, incomeTax, internet, lunch, medical, mobilePhone, mortgage, others, privateTransport, propertyTax, publicTransport, shopping, sports, tech, termProtector, utilities) 
    values
        (?, ?, ?, ?, ?, ?, ?, ?, ?, ?, ?, ?, ?, ?, ?, ?, ?, ?, ?, ?, ?, ?, ?, ?, ?, ?, ?)
2026-06-01T20:33:29.850+08:00 DEBUG 31280 --- [pfms] [restartedMain] o.s.orm.jpa.JpaTransactionManager        : Initiating transaction commit
2026-06-01T20:33:29.850+08:00 DEBUG 31280 --- [pfms] [restartedMain] o.s.orm.jpa.JpaTransactionManager        : Committing JPA transaction on EntityManager [SessionImpl(216563799<open>)]
2026-06-01T20:33:29.852+08:00 DEBUG 31280 --- [pfms] [restartedMain] o.s.orm.jpa.JpaTransactionManager        : Closing JPA EntityManager after transaction
2026-06-01T20:33:29.852+08:00 DEBUG 31280 --- [pfms] [restartedMain] o.s.orm.jpa.JpaTransactionManager        : Creating new transaction with name [org.springframework.data.jpa.repository.support.SimpleJpaRepository.save]: PROPAGATION_REQUIRED,ISOLATION_DEFAULT
2026-06-01T20:33:29.853+08:00 DEBUG 31280 --- [pfms] [restartedMain] o.s.orm.jpa.JpaTransactionManager        : Opened new EntityManager [SessionImpl(50930048<open>)] for JPA transaction
2026-06-01T20:33:29.853+08:00 DEBUG 31280 --- [pfms] [restartedMain] o.s.orm.jpa.JpaTransactionManager        : Exposing JPA transaction as JDBC [org.springframework.orm.jpa.vendor.HibernateJpaDialect$HibernateConnectionHandle@47eeab6d]
2026-06-01T20:33:29.853+08:00 DEBUG 31280 --- [pfms] [restartedMain] org.hibernate.SQL                        : 
    insert 
    into
        expense
        (aia, allowancesForParents, breakfast, criticare, date, debt, dinner, eatingOut, entertainment, groceries, haircut, holiday, incomeTax, internet, lunch, medical, mobilePhone, mortgage, others, privateTransport, propertyTax, publicTransport, shopping, sports, tech, termProtector, utilities) 
    values
        (?, ?, ?, ?, ?, ?, ?, ?, ?, ?, ?, ?, ?, ?, ?, ?, ?, ?, ?, ?, ?, ?, ?, ?, ?, ?, ?)
2026-06-01T20:33:29.855+08:00 DEBUG 31280 --- [pfms] [restartedMain] o.s.orm.jpa.JpaTransactionManager        : Initiating transaction commit
2026-06-01T20:33:29.855+08:00 DEBUG 31280 --- [pfms] [restartedMain] o.s.orm.jpa.JpaTransactionManager        : Committing JPA transaction on EntityManager [SessionImpl(50930048<open>)]
2026-06-01T20:33:29.856+08:00 DEBUG 31280 --- [pfms] [restartedMain] o.s.orm.jpa.JpaTransactionManager        : Closing JPA EntityManager after transaction
2026-06-01T20:33:29.856+08:00 DEBUG 31280 --- [pfms] [restartedMain] o.s.orm.jpa.JpaTransactionManager        : Creating new transaction with name [org.springframework.data.jpa.repository.support.SimpleJpaRepository.save]: PROPAGATION_REQUIRED,ISOLATION_DEFAULT
2026-06-01T20:33:29.856+08:00 DEBUG 31280 --- [pfms] [restartedMain] o.s.orm.jpa.JpaTransactionManager        : Opened new EntityManager [SessionImpl(360884382<open>)] for JPA transaction
2026-06-01T20:33:29.857+08:00 DEBUG 31280 --- [pfms] [restartedMain] o.s.orm.jpa.JpaTransactionManager        : Exposing JPA transaction as JDBC [org.springframework.orm.jpa.vendor.HibernateJpaDialect$HibernateConnectionHandle@2705dc80]
2026-06-01T20:33:29.857+08:00 DEBUG 31280 --- [pfms] [restartedMain] org.hibernate.SQL                        : 
    insert 
    into
        expense
        (aia, allowancesForParents, breakfast, criticare, date, debt, dinner, eatingOut, entertainment, groceries, haircut, holiday, incomeTax, internet, lunch, medical, mobilePhone, mortgage, others, privateTransport, propertyTax, publicTransport, shopping, sports, tech, termProtector, utilities) 
    values
        (?, ?, ?, ?, ?, ?, ?, ?, ?, ?, ?, ?, ?, ?, ?, ?, ?, ?, ?, ?, ?, ?, ?, ?, ?, ?, ?)
2026-06-01T20:33:29.858+08:00 DEBUG 31280 --- [pfms] [restartedMain] o.s.orm.jpa.JpaTransactionManager        : Initiating transaction commit
2026-06-01T20:33:29.859+08:00 DEBUG 31280 --- [pfms] [restartedMain] o.s.orm.jpa.JpaTransactionManager        : Committing JPA transaction on EntityManager [SessionImpl(360884382<open>)]
2026-06-01T20:33:29.859+08:00 DEBUG 31280 --- [pfms] [restartedMain] o.s.orm.jpa.JpaTransactionManager        : Closing JPA EntityManager after transaction
2026-06-01T20:33:29.859+08:00 DEBUG 31280 --- [pfms] [restartedMain] o.s.orm.jpa.JpaTransactionManager        : Creating new transaction with name [org.springframework.data.jpa.repository.support.SimpleJpaRepository.save]: PROPAGATION_REQUIRED,ISOLATION_DEFAULT
2026-06-01T20:33:29.860+08:00 DEBUG 31280 --- [pfms] [restartedMain] o.s.orm.jpa.JpaTransactionManager        : Opened new EntityManager [SessionImpl(1829024230<open>)] for JPA transaction
2026-06-01T20:33:29.860+08:00 DEBUG 31280 --- [pfms] [restartedMain] o.s.orm.jpa.JpaTransactionManager        : Exposing JPA transaction as JDBC [org.springframework.orm.jpa.vendor.HibernateJpaDialect$HibernateConnectionHandle@64ec911a]
2026-06-01T20:33:29.860+08:00 DEBUG 31280 --- [pfms] [restartedMain] org.hibernate.SQL                        : 
    insert 
    into
        expense
        (aia, allowancesForParents, breakfast, criticare, date, debt, dinner, eatingOut, entertainment, groceries, haircut, holiday, incomeTax, internet, lunch, medical, mobilePhone, mortgage, others, privateTransport, propertyTax, publicTransport, shopping, sports, tech, termProtector, utilities) 
    values
        (?, ?, ?, ?, ?, ?, ?, ?, ?, ?, ?, ?, ?, ?, ?, ?, ?, ?, ?, ?, ?, ?, ?, ?, ?, ?, ?)
2026-06-01T20:33:29.861+08:00 DEBUG 31280 --- [pfms] [restartedMain] o.s.orm.jpa.JpaTransactionManager        : Initiating transaction commit
2026-06-01T20:33:29.861+08:00 DEBUG 31280 --- [pfms] [restartedMain] o.s.orm.jpa.JpaTransactionManager        : Committing JPA transaction on EntityManager [SessionImpl(1829024230<open>)]
2026-06-01T20:33:29.862+08:00 DEBUG 31280 --- [pfms] [restartedMain] o.s.orm.jpa.JpaTransactionManager        : Closing JPA EntityManager after transaction
2026-06-01T20:33:29.862+08:00 DEBUG 31280 --- [pfms] [restartedMain] o.s.orm.jpa.JpaTransactionManager        : Creating new transaction with name [org.springframework.data.jpa.repository.support.SimpleJpaRepository.save]: PROPAGATION_REQUIRED,ISOLATION_DEFAULT
2026-06-01T20:33:29.862+08:00 DEBUG 31280 --- [pfms] [restartedMain] o.s.orm.jpa.JpaTransactionManager        : Opened new EntityManager [SessionImpl(430175875<open>)] for JPA transaction
2026-06-01T20:33:29.862+08:00 DEBUG 31280 --- [pfms] [restartedMain] o.s.orm.jpa.JpaTransactionManager        : Exposing JPA transaction as JDBC [org.springframework.orm.jpa.vendor.HibernateJpaDialect$HibernateConnectionHandle@1947c0ec]
2026-06-01T20:33:29.863+08:00 DEBUG 31280 --- [pfms] [restartedMain] org.hibernate.SQL                        : 
    insert 
    into
        expense
        (aia, allowancesForParents, breakfast, criticare, date, debt, dinner, eatingOut, entertainment, groceries, haircut, holiday, incomeTax, internet, lunch, medical, mobilePhone, mortgage, others, privateTransport, propertyTax, publicTransport, shopping, sports, tech, termProtector, utilities) 
    values
        (?, ?, ?, ?, ?, ?, ?, ?, ?, ?, ?, ?, ?, ?, ?, ?, ?, ?, ?, ?, ?, ?, ?, ?, ?, ?, ?)
2026-06-01T20:33:29.864+08:00 DEBUG 31280 --- [pfms] [restartedMain] o.s.orm.jpa.JpaTransactionManager        : Initiating transaction commit
2026-06-01T20:33:29.864+08:00 DEBUG 31280 --- [pfms] [restartedMain] o.s.orm.jpa.JpaTransactionManager        : Committing JPA transaction on EntityManager [SessionImpl(430175875<open>)]
2026-06-01T20:33:29.865+08:00 DEBUG 31280 --- [pfms] [restartedMain] o.s.orm.jpa.JpaTransactionManager        : Closing JPA EntityManager after transaction
2026-06-01T20:33:29.865+08:00 DEBUG 31280 --- [pfms] [restartedMain] o.s.orm.jpa.JpaTransactionManager        : Creating new transaction with name [org.springframework.data.jpa.repository.support.SimpleJpaRepository.save]: PROPAGATION_REQUIRED,ISOLATION_DEFAULT
2026-06-01T20:33:29.865+08:00 DEBUG 31280 --- [pfms] [restartedMain] o.s.orm.jpa.JpaTransactionManager        : Opened new EntityManager [SessionImpl(911981827<open>)] for JPA transaction
2026-06-01T20:33:29.865+08:00 DEBUG 31280 --- [pfms] [restartedMain] o.s.orm.jpa.JpaTransactionManager        : Exposing JPA transaction as JDBC [org.springframework.orm.jpa.vendor.HibernateJpaDialect$HibernateConnectionHandle@113c5b84]
2026-06-01T20:33:29.866+08:00 DEBUG 31280 --- [pfms] [restartedMain] org.hibernate.SQL                        : 
    insert 
    into
        expense
        (aia, allowancesForParents, breakfast, criticare, date, debt, dinner, eatingOut, entertainment, groceries, haircut, holiday, incomeTax, internet, lunch, medical, mobilePhone, mortgage, others, privateTransport, propertyTax, publicTransport, shopping, sports, tech, termProtector, utilities) 
    values
        (?, ?, ?, ?, ?, ?, ?, ?, ?, ?, ?, ?, ?, ?, ?, ?, ?, ?, ?, ?, ?, ?, ?, ?, ?, ?, ?)
2026-06-01T20:33:29.867+08:00 DEBUG 31280 --- [pfms] [restartedMain] o.s.orm.jpa.JpaTransactionManager        : Initiating transaction commit
2026-06-01T20:33:29.867+08:00 DEBUG 31280 --- [pfms] [restartedMain] o.s.orm.jpa.JpaTransactionManager        : Committing JPA transaction on EntityManager [SessionImpl(911981827<open>)]
2026-06-01T20:33:29.868+08:00 DEBUG 31280 --- [pfms] [restartedMain] o.s.orm.jpa.JpaTransactionManager        : Closing JPA EntityManager after transaction
2026-06-01T20:33:29.869+08:00 DEBUG 31280 --- [pfms] [restartedMain] o.s.orm.jpa.JpaTransactionManager        : Creating new transaction with name [org.springframework.data.jpa.repository.support.SimpleJpaRepository.save]: PROPAGATION_REQUIRED,ISOLATION_DEFAULT
2026-06-01T20:33:29.869+08:00 DEBUG 31280 --- [pfms] [restartedMain] o.s.orm.jpa.JpaTransactionManager        : Opened new EntityManager [SessionImpl(802191009<open>)] for JPA transaction
2026-06-01T20:33:29.869+08:00 DEBUG 31280 --- [pfms] [restartedMain] o.s.orm.jpa.JpaTransactionManager        : Exposing JPA transaction as JDBC [org.springframework.orm.jpa.vendor.HibernateJpaDialect$HibernateConnectionHandle@5cc3f8a4]
2026-06-01T20:33:29.869+08:00 DEBUG 31280 --- [pfms] [restartedMain] org.hibernate.SQL                        : 
    insert 
    into
        expense
        (aia, allowancesForParents, breakfast, criticare, date, debt, dinner, eatingOut, entertainment, groceries, haircut, holiday, incomeTax, internet, lunch, medical, mobilePhone, mortgage, others, privateTransport, propertyTax, publicTransport, shopping, sports, tech, termProtector, utilities) 
    values
        (?, ?, ?, ?, ?, ?, ?, ?, ?, ?, ?, ?, ?, ?, ?, ?, ?, ?, ?, ?, ?, ?, ?, ?, ?, ?, ?)
2026-06-01T20:33:29.870+08:00 DEBUG 31280 --- [pfms] [restartedMain] o.s.orm.jpa.JpaTransactionManager        : Initiating transaction commit
2026-06-01T20:33:29.870+08:00 DEBUG 31280 --- [pfms] [restartedMain] o.s.orm.jpa.JpaTransactionManager        : Committing JPA transaction on EntityManager [SessionImpl(802191009<open>)]
2026-06-01T20:33:29.872+08:00 DEBUG 31280 --- [pfms] [restartedMain] o.s.orm.jpa.JpaTransactionManager        : Closing JPA EntityManager after transaction
2026-06-01T20:33:29.872+08:00 DEBUG 31280 --- [pfms] [restartedMain] o.s.orm.jpa.JpaTransactionManager        : Creating new transaction with name [org.springframework.data.jpa.repository.support.SimpleJpaRepository.save]: PROPAGATION_REQUIRED,ISOLATION_DEFAULT
2026-06-01T20:33:29.873+08:00 DEBUG 31280 --- [pfms] [restartedMain] o.s.orm.jpa.JpaTransactionManager        : Opened new EntityManager [SessionImpl(1328813630<open>)] for JPA transaction
2026-06-01T20:33:29.873+08:00 DEBUG 31280 --- [pfms] [restartedMain] o.s.orm.jpa.JpaTransactionManager        : Exposing JPA transaction as JDBC [org.springframework.orm.jpa.vendor.HibernateJpaDialect$HibernateConnectionHandle@c71c1a4]
2026-06-01T20:33:29.873+08:00 DEBUG 31280 --- [pfms] [restartedMain] org.hibernate.SQL                        : 
    insert 
    into
        expense
        (aia, allowancesForParents, breakfast, criticare, date, debt, dinner, eatingOut, entertainment, groceries, haircut, holiday, incomeTax, internet, lunch, medical, mobilePhone, mortgage, others, privateTransport, propertyTax, publicTransport, shopping, sports, tech, termProtector, utilities) 
    values
        (?, ?, ?, ?, ?, ?, ?, ?, ?, ?, ?, ?, ?, ?, ?, ?, ?, ?, ?, ?, ?, ?, ?, ?, ?, ?, ?)
2026-06-01T20:33:29.875+08:00 DEBUG 31280 --- [pfms] [restartedMain] o.s.orm.jpa.JpaTransactionManager        : Initiating transaction commit
2026-06-01T20:33:29.875+08:00 DEBUG 31280 --- [pfms] [restartedMain] o.s.orm.jpa.JpaTransactionManager        : Committing JPA transaction on EntityManager [SessionImpl(1328813630<open>)]
2026-06-01T20:33:29.875+08:00 DEBUG 31280 --- [pfms] [restartedMain] o.s.orm.jpa.JpaTransactionManager        : Closing JPA EntityManager after transaction
2026-06-01T20:33:29.876+08:00 DEBUG 31280 --- [pfms] [restartedMain] o.s.orm.jpa.JpaTransactionManager        : Creating new transaction with name [org.springframework.data.jpa.repository.support.SimpleJpaRepository.save]: PROPAGATION_REQUIRED,ISOLATION_DEFAULT
2026-06-01T20:33:29.876+08:00 DEBUG 31280 --- [pfms] [restartedMain] o.s.orm.jpa.JpaTransactionManager        : Opened new EntityManager [SessionImpl(1011443597<open>)] for JPA transaction
2026-06-01T20:33:29.876+08:00 DEBUG 31280 --- [pfms] [restartedMain] o.s.orm.jpa.JpaTransactionManager        : Exposing JPA transaction as JDBC [org.springframework.orm.jpa.vendor.HibernateJpaDialect$HibernateConnectionHandle@3eb7ed41]
2026-06-01T20:33:29.877+08:00 DEBUG 31280 --- [pfms] [restartedMain] org.hibernate.SQL                        : 
    insert 
    into
        expense
        (aia, allowancesForParents, breakfast, criticare, date, debt, dinner, eatingOut, entertainment, groceries, haircut, holiday, incomeTax, internet, lunch, medical, mobilePhone, mortgage, others, privateTransport, propertyTax, publicTransport, shopping, sports, tech, termProtector, utilities) 
    values
        (?, ?, ?, ?, ?, ?, ?, ?, ?, ?, ?, ?, ?, ?, ?, ?, ?, ?, ?, ?, ?, ?, ?, ?, ?, ?, ?)
2026-06-01T20:33:29.878+08:00 DEBUG 31280 --- [pfms] [restartedMain] o.s.orm.jpa.JpaTransactionManager        : Initiating transaction commit
2026-06-01T20:33:29.878+08:00 DEBUG 31280 --- [pfms] [restartedMain] o.s.orm.jpa.JpaTransactionManager        : Committing JPA transaction on EntityManager [SessionImpl(1011443597<open>)]
2026-06-01T20:33:29.878+08:00 DEBUG 31280 --- [pfms] [restartedMain] o.s.orm.jpa.JpaTransactionManager        : Closing JPA EntityManager after transaction
2026-06-01T20:33:29.879+08:00 DEBUG 31280 --- [pfms] [restartedMain] o.s.orm.jpa.JpaTransactionManager        : Creating new transaction with name [org.springframework.data.jpa.repository.support.SimpleJpaRepository.save]: PROPAGATION_REQUIRED,ISOLATION_DEFAULT
2026-06-01T20:33:29.879+08:00 DEBUG 31280 --- [pfms] [restartedMain] o.s.orm.jpa.JpaTransactionManager        : Opened new EntityManager [SessionImpl(306939817<open>)] for JPA transaction
2026-06-01T20:33:29.879+08:00 DEBUG 31280 --- [pfms] [restartedMain] o.s.orm.jpa.JpaTransactionManager        : Exposing JPA transaction as JDBC [org.springframework.orm.jpa.vendor.HibernateJpaDialect$HibernateConnectionHandle@1317ad44]
2026-06-01T20:33:29.880+08:00 DEBUG 31280 --- [pfms] [restartedMain] org.hibernate.SQL                        : 
    insert 
    into
        expense
        (aia, allowancesForParents, breakfast, criticare, date, debt, dinner, eatingOut, entertainment, groceries, haircut, holiday, incomeTax, internet, lunch, medical, mobilePhone, mortgage, others, privateTransport, propertyTax, publicTransport, shopping, sports, tech, termProtector, utilities) 
    values
        (?, ?, ?, ?, ?, ?, ?, ?, ?, ?, ?, ?, ?, ?, ?, ?, ?, ?, ?, ?, ?, ?, ?, ?, ?, ?, ?)
2026-06-01T20:33:29.881+08:00 DEBUG 31280 --- [pfms] [restartedMain] o.s.orm.jpa.JpaTransactionManager        : Initiating transaction commit
2026-06-01T20:33:29.881+08:00 DEBUG 31280 --- [pfms] [restartedMain] o.s.orm.jpa.JpaTransactionManager        : Committing JPA transaction on EntityManager [SessionImpl(306939817<open>)]
2026-06-01T20:33:29.881+08:00 DEBUG 31280 --- [pfms] [restartedMain] o.s.orm.jpa.JpaTransactionManager        : Closing JPA EntityManager after transaction
2026-06-01T20:33:29.882+08:00 DEBUG 31280 --- [pfms] [restartedMain] o.s.orm.jpa.JpaTransactionManager        : Creating new transaction with name [org.springframework.data.jpa.repository.support.SimpleJpaRepository.save]: PROPAGATION_REQUIRED,ISOLATION_DEFAULT
2026-06-01T20:33:29.882+08:00 DEBUG 31280 --- [pfms] [restartedMain] o.s.orm.jpa.JpaTransactionManager        : Opened new EntityManager [SessionImpl(1488468185<open>)] for JPA transaction
2026-06-01T20:33:29.882+08:00 DEBUG 31280 --- [pfms] [restartedMain] o.s.orm.jpa.JpaTransactionManager        : Exposing JPA transaction as JDBC [org.springframework.orm.jpa.vendor.HibernateJpaDialect$HibernateConnectionHandle@766bc307]
2026-06-01T20:33:29.882+08:00 DEBUG 31280 --- [pfms] [restartedMain] org.hibernate.SQL                        : 
    insert 
    into
        expense
        (aia, allowancesForParents, breakfast, criticare, date, debt, dinner, eatingOut, entertainment, groceries, haircut, holiday, incomeTax, internet, lunch, medical, mobilePhone, mortgage, others, privateTransport, propertyTax, publicTransport, shopping, sports, tech, termProtector, utilities) 
    values
        (?, ?, ?, ?, ?, ?, ?, ?, ?, ?, ?, ?, ?, ?, ?, ?, ?, ?, ?, ?, ?, ?, ?, ?, ?, ?, ?)
2026-06-01T20:33:29.883+08:00 DEBUG 31280 --- [pfms] [restartedMain] o.s.orm.jpa.JpaTransactionManager        : Initiating transaction commit
2026-06-01T20:33:29.883+08:00 DEBUG 31280 --- [pfms] [restartedMain] o.s.orm.jpa.JpaTransactionManager        : Committing JPA transaction on EntityManager [SessionImpl(1488468185<open>)]
2026-06-01T20:33:29.884+08:00 DEBUG 31280 --- [pfms] [restartedMain] o.s.orm.jpa.JpaTransactionManager        : Closing JPA EntityManager after transaction
2026-06-01T20:33:29.885+08:00 DEBUG 31280 --- [pfms] [restartedMain] o.s.orm.jpa.JpaTransactionManager        : Creating new transaction with name [org.springframework.data.jpa.repository.support.SimpleJpaRepository.save]: PROPAGATION_REQUIRED,ISOLATION_DEFAULT
2026-06-01T20:33:29.885+08:00 DEBUG 31280 --- [pfms] [restartedMain] o.s.orm.jpa.JpaTransactionManager        : Opened new EntityManager [SessionImpl(1009481247<open>)] for JPA transaction
2026-06-01T20:33:29.885+08:00 DEBUG 31280 --- [pfms] [restartedMain] o.s.orm.jpa.JpaTransactionManager        : Exposing JPA transaction as JDBC [org.springframework.orm.jpa.vendor.HibernateJpaDialect$HibernateConnectionHandle@14f0f966]
2026-06-01T20:33:29.886+08:00 DEBUG 31280 --- [pfms] [restartedMain] org.hibernate.SQL                        : 
    insert 
    into
        expense
        (aia, allowancesForParents, breakfast, criticare, date, debt, dinner, eatingOut, entertainment, groceries, haircut, holiday, incomeTax, internet, lunch, medical, mobilePhone, mortgage, others, privateTransport, propertyTax, publicTransport, shopping, sports, tech, termProtector, utilities) 
    values
        (?, ?, ?, ?, ?, ?, ?, ?, ?, ?, ?, ?, ?, ?, ?, ?, ?, ?, ?, ?, ?, ?, ?, ?, ?, ?, ?)
2026-06-01T20:33:29.887+08:00 DEBUG 31280 --- [pfms] [restartedMain] o.s.orm.jpa.JpaTransactionManager        : Initiating transaction commit
2026-06-01T20:33:29.887+08:00 DEBUG 31280 --- [pfms] [restartedMain] o.s.orm.jpa.JpaTransactionManager        : Committing JPA transaction on EntityManager [SessionImpl(1009481247<open>)]
2026-06-01T20:33:29.888+08:00 DEBUG 31280 --- [pfms] [restartedMain] o.s.orm.jpa.JpaTransactionManager        : Closing JPA EntityManager after transaction
2026-06-01T20:33:29.888+08:00 DEBUG 31280 --- [pfms] [restartedMain] o.s.orm.jpa.JpaTransactionManager        : Creating new transaction with name [org.springframework.data.jpa.repository.support.SimpleJpaRepository.save]: PROPAGATION_REQUIRED,ISOLATION_DEFAULT
2026-06-01T20:33:29.889+08:00 DEBUG 31280 --- [pfms] [restartedMain] o.s.orm.jpa.JpaTransactionManager        : Opened new EntityManager [SessionImpl(779079262<open>)] for JPA transaction
2026-06-01T20:33:29.889+08:00 DEBUG 31280 --- [pfms] [restartedMain] o.s.orm.jpa.JpaTransactionManager        : Exposing JPA transaction as JDBC [org.springframework.orm.jpa.vendor.HibernateJpaDialect$HibernateConnectionHandle@3d47393c]
2026-06-01T20:33:29.890+08:00 DEBUG 31280 --- [pfms] [restartedMain] org.hibernate.SQL                        : 
    insert 
    into
        expense
        (aia, allowancesForParents, breakfast, criticare, date, debt, dinner, eatingOut, entertainment, groceries, haircut, holiday, incomeTax, internet, lunch, medical, mobilePhone, mortgage, others, privateTransport, propertyTax, publicTransport, shopping, sports, tech, termProtector, utilities) 
    values
        (?, ?, ?, ?, ?, ?, ?, ?, ?, ?, ?, ?, ?, ?, ?, ?, ?, ?, ?, ?, ?, ?, ?, ?, ?, ?, ?)
2026-06-01T20:33:29.892+08:00 DEBUG 31280 --- [pfms] [restartedMain] o.s.orm.jpa.JpaTransactionManager        : Initiating transaction commit
2026-06-01T20:33:29.892+08:00 DEBUG 31280 --- [pfms] [restartedMain] o.s.orm.jpa.JpaTransactionManager        : Committing JPA transaction on EntityManager [SessionImpl(779079262<open>)]
2026-06-01T20:33:29.893+08:00 DEBUG 31280 --- [pfms] [restartedMain] o.s.orm.jpa.JpaTransactionManager        : Closing JPA EntityManager after transaction
2026-06-01T20:33:29.893+08:00 DEBUG 31280 --- [pfms] [restartedMain] o.s.orm.jpa.JpaTransactionManager        : Creating new transaction with name [org.springframework.data.jpa.repository.support.SimpleJpaRepository.save]: PROPAGATION_REQUIRED,ISOLATION_DEFAULT
2026-06-01T20:33:29.893+08:00 DEBUG 31280 --- [pfms] [restartedMain] o.s.orm.jpa.JpaTransactionManager        : Opened new EntityManager [SessionImpl(2048017233<open>)] for JPA transaction
2026-06-01T20:33:29.894+08:00 DEBUG 31280 --- [pfms] [restartedMain] o.s.orm.jpa.JpaTransactionManager        : Exposing JPA transaction as JDBC [org.springframework.orm.jpa.vendor.HibernateJpaDialect$HibernateConnectionHandle@333ce7f5]
2026-06-01T20:33:29.894+08:00 DEBUG 31280 --- [pfms] [restartedMain] org.hibernate.SQL                        : 
    insert 
    into
        expense
        (aia, allowancesForParents, breakfast, criticare, date, debt, dinner, eatingOut, entertainment, groceries, haircut, holiday, incomeTax, internet, lunch, medical, mobilePhone, mortgage, others, privateTransport, propertyTax, publicTransport, shopping, sports, tech, termProtector, utilities) 
    values
        (?, ?, ?, ?, ?, ?, ?, ?, ?, ?, ?, ?, ?, ?, ?, ?, ?, ?, ?, ?, ?, ?, ?, ?, ?, ?, ?)
2026-06-01T20:33:29.896+08:00 DEBUG 31280 --- [pfms] [restartedMain] o.s.orm.jpa.JpaTransactionManager        : Initiating transaction commit
2026-06-01T20:33:29.896+08:00 DEBUG 31280 --- [pfms] [restartedMain] o.s.orm.jpa.JpaTransactionManager        : Committing JPA transaction on EntityManager [SessionImpl(2048017233<open>)]
2026-06-01T20:33:29.897+08:00 DEBUG 31280 --- [pfms] [restartedMain] o.s.orm.jpa.JpaTransactionManager        : Closing JPA EntityManager after transaction
2026-06-01T20:33:29.897+08:00 DEBUG 31280 --- [pfms] [restartedMain] o.s.orm.jpa.JpaTransactionManager        : Creating new transaction with name [org.springframework.data.jpa.repository.support.SimpleJpaRepository.save]: PROPAGATION_REQUIRED,ISOLATION_DEFAULT
2026-06-01T20:33:29.897+08:00 DEBUG 31280 --- [pfms] [restartedMain] o.s.orm.jpa.JpaTransactionManager        : Opened new EntityManager [SessionImpl(1654467467<open>)] for JPA transaction
2026-06-01T20:33:29.897+08:00 DEBUG 31280 --- [pfms] [restartedMain] o.s.orm.jpa.JpaTransactionManager        : Exposing JPA transaction as JDBC [org.springframework.orm.jpa.vendor.HibernateJpaDialect$HibernateConnectionHandle@36ca7b62]
2026-06-01T20:33:29.898+08:00 DEBUG 31280 --- [pfms] [restartedMain] org.hibernate.SQL                        : 
    insert 
    into
        expense
        (aia, allowancesForParents, breakfast, criticare, date, debt, dinner, eatingOut, entertainment, groceries, haircut, holiday, incomeTax, internet, lunch, medical, mobilePhone, mortgage, others, privateTransport, propertyTax, publicTransport, shopping, sports, tech, termProtector, utilities) 
    values
        (?, ?, ?, ?, ?, ?, ?, ?, ?, ?, ?, ?, ?, ?, ?, ?, ?, ?, ?, ?, ?, ?, ?, ?, ?, ?, ?)
2026-06-01T20:33:29.899+08:00 DEBUG 31280 --- [pfms] [restartedMain] o.s.orm.jpa.JpaTransactionManager        : Initiating transaction commit
2026-06-01T20:33:29.899+08:00 DEBUG 31280 --- [pfms] [restartedMain] o.s.orm.jpa.JpaTransactionManager        : Committing JPA transaction on EntityManager [SessionImpl(1654467467<open>)]
2026-06-01T20:33:29.900+08:00 DEBUG 31280 --- [pfms] [restartedMain] o.s.orm.jpa.JpaTransactionManager        : Closing JPA EntityManager after transaction
2026-06-01T20:33:29.900+08:00 DEBUG 31280 --- [pfms] [restartedMain] o.s.orm.jpa.JpaTransactionManager        : Creating new transaction with name [org.springframework.data.jpa.repository.support.SimpleJpaRepository.save]: PROPAGATION_REQUIRED,ISOLATION_DEFAULT
2026-06-01T20:33:29.900+08:00 DEBUG 31280 --- [pfms] [restartedMain] o.s.orm.jpa.JpaTransactionManager        : Opened new EntityManager [SessionImpl(1813667451<open>)] for JPA transaction
2026-06-01T20:33:29.900+08:00 DEBUG 31280 --- [pfms] [restartedMain] o.s.orm.jpa.JpaTransactionManager        : Exposing JPA transaction as JDBC [org.springframework.orm.jpa.vendor.HibernateJpaDialect$HibernateConnectionHandle@9ee29f1]
2026-06-01T20:33:29.902+08:00 DEBUG 31280 --- [pfms] [restartedMain] org.hibernate.SQL                        : 
    insert 
    into
        expense
        (aia, allowancesForParents, breakfast, criticare, date, debt, dinner, eatingOut, entertainment, groceries, haircut, holiday, incomeTax, internet, lunch, medical, mobilePhone, mortgage, others, privateTransport, propertyTax, publicTransport, shopping, sports, tech, termProtector, utilities) 
    values
        (?, ?, ?, ?, ?, ?, ?, ?, ?, ?, ?, ?, ?, ?, ?, ?, ?, ?, ?, ?, ?, ?, ?, ?, ?, ?, ?)
2026-06-01T20:33:29.903+08:00 DEBUG 31280 --- [pfms] [restartedMain] o.s.orm.jpa.JpaTransactionManager        : Initiating transaction commit
2026-06-01T20:33:29.903+08:00 DEBUG 31280 --- [pfms] [restartedMain] o.s.orm.jpa.JpaTransactionManager        : Committing JPA transaction on EntityManager [SessionImpl(1813667451<open>)]
2026-06-01T20:33:29.904+08:00 DEBUG 31280 --- [pfms] [restartedMain] o.s.orm.jpa.JpaTransactionManager        : Closing JPA EntityManager after transaction
2026-06-01T20:33:29.904+08:00 DEBUG 31280 --- [pfms] [restartedMain] o.s.orm.jpa.JpaTransactionManager        : Creating new transaction with name [org.springframework.data.jpa.repository.support.SimpleJpaRepository.save]: PROPAGATION_REQUIRED,ISOLATION_DEFAULT
2026-06-01T20:33:29.904+08:00 DEBUG 31280 --- [pfms] [restartedMain] o.s.orm.jpa.JpaTransactionManager        : Opened new EntityManager [SessionImpl(1206905766<open>)] for JPA transaction
2026-06-01T20:33:29.904+08:00 DEBUG 31280 --- [pfms] [restartedMain] o.s.orm.jpa.JpaTransactionManager        : Exposing JPA transaction as JDBC [org.springframework.orm.jpa.vendor.HibernateJpaDialect$HibernateConnectionHandle@3fb6f30b]
2026-06-01T20:33:29.905+08:00 DEBUG 31280 --- [pfms] [restartedMain] org.hibernate.SQL                        : 
    insert 
    into
        expense
        (aia, allowancesForParents, breakfast, criticare, date, debt, dinner, eatingOut, entertainment, groceries, haircut, holiday, incomeTax, internet, lunch, medical, mobilePhone, mortgage, others, privateTransport, propertyTax, publicTransport, shopping, sports, tech, termProtector, utilities) 
    values
        (?, ?, ?, ?, ?, ?, ?, ?, ?, ?, ?, ?, ?, ?, ?, ?, ?, ?, ?, ?, ?, ?, ?, ?, ?, ?, ?)
2026-06-01T20:33:29.906+08:00 DEBUG 31280 --- [pfms] [restartedMain] o.s.orm.jpa.JpaTransactionManager        : Initiating transaction commit
2026-06-01T20:33:29.906+08:00 DEBUG 31280 --- [pfms] [restartedMain] o.s.orm.jpa.JpaTransactionManager        : Committing JPA transaction on EntityManager [SessionImpl(1206905766<open>)]
2026-06-01T20:33:29.907+08:00 DEBUG 31280 --- [pfms] [restartedMain] o.s.orm.jpa.JpaTransactionManager        : Closing JPA EntityManager after transaction
2026-06-01T20:33:29.907+08:00 DEBUG 31280 --- [pfms] [restartedMain] o.s.orm.jpa.JpaTransactionManager        : Creating new transaction with name [org.springframework.data.jpa.repository.support.SimpleJpaRepository.save]: PROPAGATION_REQUIRED,ISOLATION_DEFAULT
2026-06-01T20:33:29.908+08:00 DEBUG 31280 --- [pfms] [restartedMain] o.s.orm.jpa.JpaTransactionManager        : Opened new EntityManager [SessionImpl(2025001635<open>)] for JPA transaction
2026-06-01T20:33:29.908+08:00 DEBUG 31280 --- [pfms] [restartedMain] o.s.orm.jpa.JpaTransactionManager        : Exposing JPA transaction as JDBC [org.springframework.orm.jpa.vendor.HibernateJpaDialect$HibernateConnectionHandle@70158815]
2026-06-01T20:33:29.908+08:00 DEBUG 31280 --- [pfms] [restartedMain] org.hibernate.SQL                        : 
    insert 
    into
        expense
        (aia, allowancesForParents, breakfast, criticare, date, debt, dinner, eatingOut, entertainment, groceries, haircut, holiday, incomeTax, internet, lunch, medical, mobilePhone, mortgage, others, privateTransport, propertyTax, publicTransport, shopping, sports, tech, termProtector, utilities) 
    values
        (?, ?, ?, ?, ?, ?, ?, ?, ?, ?, ?, ?, ?, ?, ?, ?, ?, ?, ?, ?, ?, ?, ?, ?, ?, ?, ?)
2026-06-01T20:33:29.909+08:00 DEBUG 31280 --- [pfms] [restartedMain] o.s.orm.jpa.JpaTransactionManager        : Initiating transaction commit
2026-06-01T20:33:29.910+08:00 DEBUG 31280 --- [pfms] [restartedMain] o.s.orm.jpa.JpaTransactionManager        : Committing JPA transaction on EntityManager [SessionImpl(2025001635<open>)]
2026-06-01T20:33:29.910+08:00 DEBUG 31280 --- [pfms] [restartedMain] o.s.orm.jpa.JpaTransactionManager        : Closing JPA EntityManager after transaction
2026-06-01T20:33:29.910+08:00 DEBUG 31280 --- [pfms] [restartedMain] o.s.orm.jpa.JpaTransactionManager        : Creating new transaction with name [org.springframework.data.jpa.repository.support.SimpleJpaRepository.save]: PROPAGATION_REQUIRED,ISOLATION_DEFAULT
2026-06-01T20:33:29.911+08:00 DEBUG 31280 --- [pfms] [restartedMain] o.s.orm.jpa.JpaTransactionManager        : Opened new EntityManager [SessionImpl(1576637247<open>)] for JPA transaction
2026-06-01T20:33:29.911+08:00 DEBUG 31280 --- [pfms] [restartedMain] o.s.orm.jpa.JpaTransactionManager        : Exposing JPA transaction as JDBC [org.springframework.orm.jpa.vendor.HibernateJpaDialect$HibernateConnectionHandle@170edb5]
2026-06-01T20:33:29.911+08:00 DEBUG 31280 --- [pfms] [restartedMain] org.hibernate.SQL                        : 
    insert 
    into
        expense
        (aia, allowancesForParents, breakfast, criticare, date, debt, dinner, eatingOut, entertainment, groceries, haircut, holiday, incomeTax, internet, lunch, medical, mobilePhone, mortgage, others, privateTransport, propertyTax, publicTransport, shopping, sports, tech, termProtector, utilities) 
    values
        (?, ?, ?, ?, ?, ?, ?, ?, ?, ?, ?, ?, ?, ?, ?, ?, ?, ?, ?, ?, ?, ?, ?, ?, ?, ?, ?)
2026-06-01T20:33:29.912+08:00 DEBUG 31280 --- [pfms] [restartedMain] o.s.orm.jpa.JpaTransactionManager        : Initiating transaction commit
2026-06-01T20:33:29.912+08:00 DEBUG 31280 --- [pfms] [restartedMain] o.s.orm.jpa.JpaTransactionManager        : Committing JPA transaction on EntityManager [SessionImpl(1576637247<open>)]
2026-06-01T20:33:29.913+08:00 DEBUG 31280 --- [pfms] [restartedMain] o.s.orm.jpa.JpaTransactionManager        : Closing JPA EntityManager after transaction
2026-06-01T20:33:29.913+08:00 DEBUG 31280 --- [pfms] [restartedMain] o.s.orm.jpa.JpaTransactionManager        : Creating new transaction with name [org.springframework.data.jpa.repository.support.SimpleJpaRepository.save]: PROPAGATION_REQUIRED,ISOLATION_DEFAULT
2026-06-01T20:33:29.913+08:00 DEBUG 31280 --- [pfms] [restartedMain] o.s.orm.jpa.JpaTransactionManager        : Opened new EntityManager [SessionImpl(2073532770<open>)] for JPA transaction
2026-06-01T20:33:29.914+08:00 DEBUG 31280 --- [pfms] [restartedMain] o.s.orm.jpa.JpaTransactionManager        : Exposing JPA transaction as JDBC [org.springframework.orm.jpa.vendor.HibernateJpaDialect$HibernateConnectionHandle@7d8cdee0]
2026-06-01T20:33:29.914+08:00 DEBUG 31280 --- [pfms] [restartedMain] org.hibernate.SQL                        : 
    insert 
    into
        expense
        (aia, allowancesForParents, breakfast, criticare, date, debt, dinner, eatingOut, entertainment, groceries, haircut, holiday, incomeTax, internet, lunch, medical, mobilePhone, mortgage, others, privateTransport, propertyTax, publicTransport, shopping, sports, tech, termProtector, utilities) 
    values
        (?, ?, ?, ?, ?, ?, ?, ?, ?, ?, ?, ?, ?, ?, ?, ?, ?, ?, ?, ?, ?, ?, ?, ?, ?, ?, ?)
2026-06-01T20:33:29.916+08:00 DEBUG 31280 --- [pfms] [restartedMain] o.s.orm.jpa.JpaTransactionManager        : Initiating transaction commit
2026-06-01T20:33:29.916+08:00 DEBUG 31280 --- [pfms] [restartedMain] o.s.orm.jpa.JpaTransactionManager        : Committing JPA transaction on EntityManager [SessionImpl(2073532770<open>)]
2026-06-01T20:33:29.916+08:00 DEBUG 31280 --- [pfms] [restartedMain] o.s.orm.jpa.JpaTransactionManager        : Closing JPA EntityManager after transaction
2026-06-01T20:33:29.917+08:00 DEBUG 31280 --- [pfms] [restartedMain] o.s.orm.jpa.JpaTransactionManager        : Creating new transaction with name [org.springframework.data.jpa.repository.support.SimpleJpaRepository.save]: PROPAGATION_REQUIRED,ISOLATION_DEFAULT
2026-06-01T20:33:29.917+08:00 DEBUG 31280 --- [pfms] [restartedMain] o.s.orm.jpa.JpaTransactionManager        : Opened new EntityManager [SessionImpl(214037539<open>)] for JPA transaction
2026-06-01T20:33:29.917+08:00 DEBUG 31280 --- [pfms] [restartedMain] o.s.orm.jpa.JpaTransactionManager        : Exposing JPA transaction as JDBC [org.springframework.orm.jpa.vendor.HibernateJpaDialect$HibernateConnectionHandle@17214085]
2026-06-01T20:33:29.918+08:00 DEBUG 31280 --- [pfms] [restartedMain] org.hibernate.SQL                        : 
    insert 
    into
        expense
        (aia, allowancesForParents, breakfast, criticare, date, debt, dinner, eatingOut, entertainment, groceries, haircut, holiday, incomeTax, internet, lunch, medical, mobilePhone, mortgage, others, privateTransport, propertyTax, publicTransport, shopping, sports, tech, termProtector, utilities) 
    values
        (?, ?, ?, ?, ?, ?, ?, ?, ?, ?, ?, ?, ?, ?, ?, ?, ?, ?, ?, ?, ?, ?, ?, ?, ?, ?, ?)
2026-06-01T20:33:29.919+08:00 DEBUG 31280 --- [pfms] [restartedMain] o.s.orm.jpa.JpaTransactionManager        : Initiating transaction commit
2026-06-01T20:33:29.919+08:00 DEBUG 31280 --- [pfms] [restartedMain] o.s.orm.jpa.JpaTransactionManager        : Committing JPA transaction on EntityManager [SessionImpl(214037539<open>)]
2026-06-01T20:33:29.920+08:00 DEBUG 31280 --- [pfms] [restartedMain] o.s.orm.jpa.JpaTransactionManager        : Closing JPA EntityManager after transaction
2026-06-01T20:33:29.920+08:00 DEBUG 31280 --- [pfms] [restartedMain] o.s.orm.jpa.JpaTransactionManager        : Creating new transaction with name [org.springframework.data.jpa.repository.support.SimpleJpaRepository.save]: PROPAGATION_REQUIRED,ISOLATION_DEFAULT
2026-06-01T20:33:29.920+08:00 DEBUG 31280 --- [pfms] [restartedMain] o.s.orm.jpa.JpaTransactionManager        : Opened new EntityManager [SessionImpl(1413839368<open>)] for JPA transaction
2026-06-01T20:33:29.922+08:00 DEBUG 31280 --- [pfms] [restartedMain] o.s.orm.jpa.JpaTransactionManager        : Exposing JPA transaction as JDBC [org.springframework.orm.jpa.vendor.HibernateJpaDialect$HibernateConnectionHandle@497d2d6d]
2026-06-01T20:33:29.922+08:00 DEBUG 31280 --- [pfms] [restartedMain] org.hibernate.SQL                        : 
    insert 
    into
        expense
        (aia, allowancesForParents, breakfast, criticare, date, debt, dinner, eatingOut, entertainment, groceries, haircut, holiday, incomeTax, internet, lunch, medical, mobilePhone, mortgage, others, privateTransport, propertyTax, publicTransport, shopping, sports, tech, termProtector, utilities) 
    values
        (?, ?, ?, ?, ?, ?, ?, ?, ?, ?, ?, ?, ?, ?, ?, ?, ?, ?, ?, ?, ?, ?, ?, ?, ?, ?, ?)
2026-06-01T20:33:29.924+08:00 DEBUG 31280 --- [pfms] [restartedMain] o.s.orm.jpa.JpaTransactionManager        : Initiating transaction commit
2026-06-01T20:33:29.924+08:00 DEBUG 31280 --- [pfms] [restartedMain] o.s.orm.jpa.JpaTransactionManager        : Committing JPA transaction on EntityManager [SessionImpl(1413839368<open>)]
2026-06-01T20:33:29.925+08:00 DEBUG 31280 --- [pfms] [restartedMain] o.s.orm.jpa.JpaTransactionManager        : Closing JPA EntityManager after transaction
2026-06-01T20:33:29.926+08:00 DEBUG 31280 --- [pfms] [restartedMain] o.s.orm.jpa.JpaTransactionManager        : Creating new transaction with name [org.springframework.data.jpa.repository.support.SimpleJpaRepository.save]: PROPAGATION_REQUIRED,ISOLATION_DEFAULT
2026-06-01T20:33:29.926+08:00 DEBUG 31280 --- [pfms] [restartedMain] o.s.orm.jpa.JpaTransactionManager        : Opened new EntityManager [SessionImpl(26257757<open>)] for JPA transaction
2026-06-01T20:33:29.926+08:00 DEBUG 31280 --- [pfms] [restartedMain] o.s.orm.jpa.JpaTransactionManager        : Exposing JPA transaction as JDBC [org.springframework.orm.jpa.vendor.HibernateJpaDialect$HibernateConnectionHandle@21a6fa47]
2026-06-01T20:33:29.927+08:00 DEBUG 31280 --- [pfms] [restartedMain] org.hibernate.SQL                        : 
    insert 
    into
        expense
        (aia, allowancesForParents, breakfast, criticare, date, debt, dinner, eatingOut, entertainment, groceries, haircut, holiday, incomeTax, internet, lunch, medical, mobilePhone, mortgage, others, privateTransport, propertyTax, publicTransport, shopping, sports, tech, termProtector, utilities) 
    values
        (?, ?, ?, ?, ?, ?, ?, ?, ?, ?, ?, ?, ?, ?, ?, ?, ?, ?, ?, ?, ?, ?, ?, ?, ?, ?, ?)
2026-06-01T20:33:29.928+08:00 DEBUG 31280 --- [pfms] [restartedMain] o.s.orm.jpa.JpaTransactionManager        : Initiating transaction commit
2026-06-01T20:33:29.929+08:00 DEBUG 31280 --- [pfms] [restartedMain] o.s.orm.jpa.JpaTransactionManager        : Committing JPA transaction on EntityManager [SessionImpl(26257757<open>)]
2026-06-01T20:33:29.929+08:00 DEBUG 31280 --- [pfms] [restartedMain] o.s.orm.jpa.JpaTransactionManager        : Closing JPA EntityManager after transaction
2026-06-01T20:33:29.929+08:00 DEBUG 31280 --- [pfms] [restartedMain] o.s.orm.jpa.JpaTransactionManager        : Creating new transaction with name [org.springframework.data.jpa.repository.support.SimpleJpaRepository.save]: PROPAGATION_REQUIRED,ISOLATION_DEFAULT
2026-06-01T20:33:29.930+08:00 DEBUG 31280 --- [pfms] [restartedMain] o.s.orm.jpa.JpaTransactionManager        : Opened new EntityManager [SessionImpl(2080543600<open>)] for JPA transaction
2026-06-01T20:33:29.930+08:00 DEBUG 31280 --- [pfms] [restartedMain] o.s.orm.jpa.JpaTransactionManager        : Exposing JPA transaction as JDBC [org.springframework.orm.jpa.vendor.HibernateJpaDialect$HibernateConnectionHandle@6a603a75]
2026-06-01T20:33:29.930+08:00 DEBUG 31280 --- [pfms] [restartedMain] org.hibernate.SQL                        : 
    insert 
    into
        expense
        (aia, allowancesForParents, breakfast, criticare, date, debt, dinner, eatingOut, entertainment, groceries, haircut, holiday, incomeTax, internet, lunch, medical, mobilePhone, mortgage, others, privateTransport, propertyTax, publicTransport, shopping, sports, tech, termProtector, utilities) 
    values
        (?, ?, ?, ?, ?, ?, ?, ?, ?, ?, ?, ?, ?, ?, ?, ?, ?, ?, ?, ?, ?, ?, ?, ?, ?, ?, ?)
2026-06-01T20:33:29.932+08:00 DEBUG 31280 --- [pfms] [restartedMain] o.s.orm.jpa.JpaTransactionManager        : Initiating transaction commit
2026-06-01T20:33:29.932+08:00 DEBUG 31280 --- [pfms] [restartedMain] o.s.orm.jpa.JpaTransactionManager        : Committing JPA transaction on EntityManager [SessionImpl(2080543600<open>)]
2026-06-01T20:33:29.932+08:00 DEBUG 31280 --- [pfms] [restartedMain] o.s.orm.jpa.JpaTransactionManager        : Closing JPA EntityManager after transaction
2026-06-01T20:33:29.933+08:00 DEBUG 31280 --- [pfms] [restartedMain] o.s.orm.jpa.JpaTransactionManager        : Creating new transaction with name [org.springframework.data.jpa.repository.support.SimpleJpaRepository.save]: PROPAGATION_REQUIRED,ISOLATION_DEFAULT
2026-06-01T20:33:29.933+08:00 DEBUG 31280 --- [pfms] [restartedMain] o.s.orm.jpa.JpaTransactionManager        : Opened new EntityManager [SessionImpl(1640770568<open>)] for JPA transaction
2026-06-01T20:33:29.933+08:00 DEBUG 31280 --- [pfms] [restartedMain] o.s.orm.jpa.JpaTransactionManager        : Exposing JPA transaction as JDBC [org.springframework.orm.jpa.vendor.HibernateJpaDialect$HibernateConnectionHandle@a9411d6]
2026-06-01T20:33:29.934+08:00 DEBUG 31280 --- [pfms] [restartedMain] org.hibernate.SQL                        : 
    insert 
    into
        expense
        (aia, allowancesForParents, breakfast, criticare, date, debt, dinner, eatingOut, entertainment, groceries, haircut, holiday, incomeTax, internet, lunch, medical, mobilePhone, mortgage, others, privateTransport, propertyTax, publicTransport, shopping, sports, tech, termProtector, utilities) 
    values
        (?, ?, ?, ?, ?, ?, ?, ?, ?, ?, ?, ?, ?, ?, ?, ?, ?, ?, ?, ?, ?, ?, ?, ?, ?, ?, ?)
2026-06-01T20:33:29.935+08:00 DEBUG 31280 --- [pfms] [restartedMain] o.s.orm.jpa.JpaTransactionManager        : Initiating transaction commit
2026-06-01T20:33:29.935+08:00 DEBUG 31280 --- [pfms] [restartedMain] o.s.orm.jpa.JpaTransactionManager        : Committing JPA transaction on EntityManager [SessionImpl(1640770568<open>)]
2026-06-01T20:33:29.936+08:00 DEBUG 31280 --- [pfms] [restartedMain] o.s.orm.jpa.JpaTransactionManager        : Closing JPA EntityManager after transaction
2026-06-01T20:33:29.936+08:00 DEBUG 31280 --- [pfms] [restartedMain] o.s.orm.jpa.JpaTransactionManager        : Creating new transaction with name [org.springframework.data.jpa.repository.support.SimpleJpaRepository.save]: PROPAGATION_REQUIRED,ISOLATION_DEFAULT
2026-06-01T20:33:29.937+08:00 DEBUG 31280 --- [pfms] [restartedMain] o.s.orm.jpa.JpaTransactionManager        : Opened new EntityManager [SessionImpl(1752607446<open>)] for JPA transaction
2026-06-01T20:33:29.937+08:00 DEBUG 31280 --- [pfms] [restartedMain] o.s.orm.jpa.JpaTransactionManager        : Exposing JPA transaction as JDBC [org.springframework.orm.jpa.vendor.HibernateJpaDialect$HibernateConnectionHandle@42c60caf]
2026-06-01T20:33:29.937+08:00 DEBUG 31280 --- [pfms] [restartedMain] org.hibernate.SQL                        : 
    insert 
    into
        expense
        (aia, allowancesForParents, breakfast, criticare, date, debt, dinner, eatingOut, entertainment, groceries, haircut, holiday, incomeTax, internet, lunch, medical, mobilePhone, mortgage, others, privateTransport, propertyTax, publicTransport, shopping, sports, tech, termProtector, utilities) 
    values
        (?, ?, ?, ?, ?, ?, ?, ?, ?, ?, ?, ?, ?, ?, ?, ?, ?, ?, ?, ?, ?, ?, ?, ?, ?, ?, ?)
2026-06-01T20:33:29.939+08:00 DEBUG 31280 --- [pfms] [restartedMain] o.s.orm.jpa.JpaTransactionManager        : Initiating transaction commit
2026-06-01T20:33:29.939+08:00 DEBUG 31280 --- [pfms] [restartedMain] o.s.orm.jpa.JpaTransactionManager        : Committing JPA transaction on EntityManager [SessionImpl(1752607446<open>)]
2026-06-01T20:33:29.940+08:00 DEBUG 31280 --- [pfms] [restartedMain] o.s.orm.jpa.JpaTransactionManager        : Closing JPA EntityManager after transaction
2026-06-01T20:33:29.940+08:00 DEBUG 31280 --- [pfms] [restartedMain] o.s.orm.jpa.JpaTransactionManager        : Creating new transaction with name [org.springframework.data.jpa.repository.support.SimpleJpaRepository.save]: PROPAGATION_REQUIRED,ISOLATION_DEFAULT
2026-06-01T20:33:29.940+08:00 DEBUG 31280 --- [pfms] [restartedMain] o.s.orm.jpa.JpaTransactionManager        : Opened new EntityManager [SessionImpl(1705965549<open>)] for JPA transaction
2026-06-01T20:33:29.940+08:00 DEBUG 31280 --- [pfms] [restartedMain] o.s.orm.jpa.JpaTransactionManager        : Exposing JPA transaction as JDBC [org.springframework.orm.jpa.vendor.HibernateJpaDialect$HibernateConnectionHandle@177f3c83]
2026-06-01T20:33:29.942+08:00 DEBUG 31280 --- [pfms] [restartedMain] org.hibernate.SQL                        : 
    insert 
    into
        expense
        (aia, allowancesForParents, breakfast, criticare, date, debt, dinner, eatingOut, entertainment, groceries, haircut, holiday, incomeTax, internet, lunch, medical, mobilePhone, mortgage, others, privateTransport, propertyTax, publicTransport, shopping, sports, tech, termProtector, utilities) 
    values
        (?, ?, ?, ?, ?, ?, ?, ?, ?, ?, ?, ?, ?, ?, ?, ?, ?, ?, ?, ?, ?, ?, ?, ?, ?, ?, ?)
2026-06-01T20:33:29.943+08:00 DEBUG 31280 --- [pfms] [restartedMain] o.s.orm.jpa.JpaTransactionManager        : Initiating transaction commit
2026-06-01T20:33:29.943+08:00 DEBUG 31280 --- [pfms] [restartedMain] o.s.orm.jpa.JpaTransactionManager        : Committing JPA transaction on EntityManager [SessionImpl(1705965549<open>)]
2026-06-01T20:33:29.944+08:00 DEBUG 31280 --- [pfms] [restartedMain] o.s.orm.jpa.JpaTransactionManager        : Closing JPA EntityManager after transaction
2026-06-01T20:33:29.944+08:00 DEBUG 31280 --- [pfms] [restartedMain] o.s.orm.jpa.JpaTransactionManager        : Creating new transaction with name [org.springframework.data.jpa.repository.support.SimpleJpaRepository.save]: PROPAGATION_REQUIRED,ISOLATION_DEFAULT
2026-06-01T20:33:29.945+08:00 DEBUG 31280 --- [pfms] [restartedMain] o.s.orm.jpa.JpaTransactionManager        : Opened new EntityManager [SessionImpl(1480477661<open>)] for JPA transaction
2026-06-01T20:33:29.945+08:00 DEBUG 31280 --- [pfms] [restartedMain] o.s.orm.jpa.JpaTransactionManager        : Exposing JPA transaction as JDBC [org.springframework.orm.jpa.vendor.HibernateJpaDialect$HibernateConnectionHandle@36cbff7d]
2026-06-01T20:33:29.946+08:00 DEBUG 31280 --- [pfms] [restartedMain] org.hibernate.SQL                        : 
    insert 
    into
        expense
        (aia, allowancesForParents, breakfast, criticare, date, debt, dinner, eatingOut, entertainment, groceries, haircut, holiday, incomeTax, internet, lunch, medical, mobilePhone, mortgage, others, privateTransport, propertyTax, publicTransport, shopping, sports, tech, termProtector, utilities) 
    values
        (?, ?, ?, ?, ?, ?, ?, ?, ?, ?, ?, ?, ?, ?, ?, ?, ?, ?, ?, ?, ?, ?, ?, ?, ?, ?, ?)
2026-06-01T20:33:29.947+08:00 DEBUG 31280 --- [pfms] [restartedMain] o.s.orm.jpa.JpaTransactionManager        : Initiating transaction commit
2026-06-01T20:33:29.947+08:00 DEBUG 31280 --- [pfms] [restartedMain] o.s.orm.jpa.JpaTransactionManager        : Committing JPA transaction on EntityManager [SessionImpl(1480477661<open>)]
2026-06-01T20:33:29.948+08:00 DEBUG 31280 --- [pfms] [restartedMain] o.s.orm.jpa.JpaTransactionManager        : Closing JPA EntityManager after transaction
2026-06-01T20:33:29.948+08:00 DEBUG 31280 --- [pfms] [restartedMain] o.s.orm.jpa.JpaTransactionManager        : Creating new transaction with name [org.springframework.data.jpa.repository.support.SimpleJpaRepository.save]: PROPAGATION_REQUIRED,ISOLATION_DEFAULT
2026-06-01T20:33:29.949+08:00 DEBUG 31280 --- [pfms] [restartedMain] o.s.orm.jpa.JpaTransactionManager        : Opened new EntityManager [SessionImpl(449755826<open>)] for JPA transaction
2026-06-01T20:33:29.949+08:00 DEBUG 31280 --- [pfms] [restartedMain] o.s.orm.jpa.JpaTransactionManager        : Exposing JPA transaction as JDBC [org.springframework.orm.jpa.vendor.HibernateJpaDialect$HibernateConnectionHandle@73978e81]
2026-06-01T20:33:29.949+08:00 DEBUG 31280 --- [pfms] [restartedMain] org.hibernate.SQL                        : 
    insert 
    into
        expense
        (aia, allowancesForParents, breakfast, criticare, date, debt, dinner, eatingOut, entertainment, groceries, haircut, holiday, incomeTax, internet, lunch, medical, mobilePhone, mortgage, others, privateTransport, propertyTax, publicTransport, shopping, sports, tech, termProtector, utilities) 
    values
        (?, ?, ?, ?, ?, ?, ?, ?, ?, ?, ?, ?, ?, ?, ?, ?, ?, ?, ?, ?, ?, ?, ?, ?, ?, ?, ?)
2026-06-01T20:33:29.950+08:00 DEBUG 31280 --- [pfms] [restartedMain] o.s.orm.jpa.JpaTransactionManager        : Initiating transaction commit
2026-06-01T20:33:29.950+08:00 DEBUG 31280 --- [pfms] [restartedMain] o.s.orm.jpa.JpaTransactionManager        : Committing JPA transaction on EntityManager [SessionImpl(449755826<open>)]
2026-06-01T20:33:29.952+08:00 DEBUG 31280 --- [pfms] [restartedMain] o.s.orm.jpa.JpaTransactionManager        : Closing JPA EntityManager after transaction
2026-06-01T20:33:29.952+08:00 DEBUG 31280 --- [pfms] [restartedMain] o.s.orm.jpa.JpaTransactionManager        : Creating new transaction with name [org.springframework.data.jpa.repository.support.SimpleJpaRepository.save]: PROPAGATION_REQUIRED,ISOLATION_DEFAULT
2026-06-01T20:33:29.953+08:00 DEBUG 31280 --- [pfms] [restartedMain] o.s.orm.jpa.JpaTransactionManager        : Opened new EntityManager [SessionImpl(1256776289<open>)] for JPA transaction
2026-06-01T20:33:29.953+08:00 DEBUG 31280 --- [pfms] [restartedMain] o.s.orm.jpa.JpaTransactionManager        : Exposing JPA transaction as JDBC [org.springframework.orm.jpa.vendor.HibernateJpaDialect$HibernateConnectionHandle@5449e3b]
2026-06-01T20:33:29.954+08:00 DEBUG 31280 --- [pfms] [restartedMain] org.hibernate.SQL                        : 
    insert 
    into
        expense
        (aia, allowancesForParents, breakfast, criticare, date, debt, dinner, eatingOut, entertainment, groceries, haircut, holiday, incomeTax, internet, lunch, medical, mobilePhone, mortgage, others, privateTransport, propertyTax, publicTransport, shopping, sports, tech, termProtector, utilities) 
    values
        (?, ?, ?, ?, ?, ?, ?, ?, ?, ?, ?, ?, ?, ?, ?, ?, ?, ?, ?, ?, ?, ?, ?, ?, ?, ?, ?)
2026-06-01T20:33:29.955+08:00 DEBUG 31280 --- [pfms] [restartedMain] o.s.orm.jpa.JpaTransactionManager        : Initiating transaction commit
2026-06-01T20:33:29.955+08:00 DEBUG 31280 --- [pfms] [restartedMain] o.s.orm.jpa.JpaTransactionManager        : Committing JPA transaction on EntityManager [SessionImpl(1256776289<open>)]
2026-06-01T20:33:29.956+08:00 DEBUG 31280 --- [pfms] [restartedMain] o.s.orm.jpa.JpaTransactionManager        : Closing JPA EntityManager after transaction
2026-06-01T20:33:29.956+08:00 DEBUG 31280 --- [pfms] [restartedMain] o.s.orm.jpa.JpaTransactionManager        : Creating new transaction with name [org.springframework.data.jpa.repository.support.SimpleJpaRepository.save]: PROPAGATION_REQUIRED,ISOLATION_DEFAULT
2026-06-01T20:33:29.956+08:00 DEBUG 31280 --- [pfms] [restartedMain] o.s.orm.jpa.JpaTransactionManager        : Opened new EntityManager [SessionImpl(1419771378<open>)] for JPA transaction
2026-06-01T20:33:29.957+08:00 DEBUG 31280 --- [pfms] [restartedMain] o.s.orm.jpa.JpaTransactionManager        : Exposing JPA transaction as JDBC [org.springframework.orm.jpa.vendor.HibernateJpaDialect$HibernateConnectionHandle@758b041c]
2026-06-01T20:33:29.957+08:00 DEBUG 31280 --- [pfms] [restartedMain] org.hibernate.SQL                        : 
    insert 
    into
        expense
        (aia, allowancesForParents, breakfast, criticare, date, debt, dinner, eatingOut, entertainment, groceries, haircut, holiday, incomeTax, internet, lunch, medical, mobilePhone, mortgage, others, privateTransport, propertyTax, publicTransport, shopping, sports, tech, termProtector, utilities) 
    values
        (?, ?, ?, ?, ?, ?, ?, ?, ?, ?, ?, ?, ?, ?, ?, ?, ?, ?, ?, ?, ?, ?, ?, ?, ?, ?, ?)
2026-06-01T20:33:29.958+08:00 DEBUG 31280 --- [pfms] [restartedMain] o.s.orm.jpa.JpaTransactionManager        : Initiating transaction commit
2026-06-01T20:33:29.959+08:00 DEBUG 31280 --- [pfms] [restartedMain] o.s.orm.jpa.JpaTransactionManager        : Committing JPA transaction on EntityManager [SessionImpl(1419771378<open>)]
2026-06-01T20:33:29.959+08:00 DEBUG 31280 --- [pfms] [restartedMain] o.s.orm.jpa.JpaTransactionManager        : Closing JPA EntityManager after transaction
2026-06-01T20:33:29.959+08:00 DEBUG 31280 --- [pfms] [restartedMain] o.s.orm.jpa.JpaTransactionManager        : Creating new transaction with name [org.springframework.data.jpa.repository.support.SimpleJpaRepository.save]: PROPAGATION_REQUIRED,ISOLATION_DEFAULT
2026-06-01T20:33:29.960+08:00 DEBUG 31280 --- [pfms] [restartedMain] o.s.orm.jpa.JpaTransactionManager        : Opened new EntityManager [SessionImpl(818651684<open>)] for JPA transaction
2026-06-01T20:33:29.960+08:00 DEBUG 31280 --- [pfms] [restartedMain] o.s.orm.jpa.JpaTransactionManager        : Exposing JPA transaction as JDBC [org.springframework.orm.jpa.vendor.HibernateJpaDialect$HibernateConnectionHandle@1dcdfbc5]
2026-06-01T20:33:29.960+08:00 DEBUG 31280 --- [pfms] [restartedMain] org.hibernate.SQL                        : 
    insert 
    into
        expense
        (aia, allowancesForParents, breakfast, criticare, date, debt, dinner, eatingOut, entertainment, groceries, haircut, holiday, incomeTax, internet, lunch, medical, mobilePhone, mortgage, others, privateTransport, propertyTax, publicTransport, shopping, sports, tech, termProtector, utilities) 
    values
        (?, ?, ?, ?, ?, ?, ?, ?, ?, ?, ?, ?, ?, ?, ?, ?, ?, ?, ?, ?, ?, ?, ?, ?, ?, ?, ?)
2026-06-01T20:33:29.962+08:00 DEBUG 31280 --- [pfms] [restartedMain] o.s.orm.jpa.JpaTransactionManager        : Initiating transaction commit
2026-06-01T20:33:29.963+08:00 DEBUG 31280 --- [pfms] [restartedMain] o.s.orm.jpa.JpaTransactionManager        : Committing JPA transaction on EntityManager [SessionImpl(818651684<open>)]
2026-06-01T20:33:29.964+08:00 DEBUG 31280 --- [pfms] [restartedMain] o.s.orm.jpa.JpaTransactionManager        : Closing JPA EntityManager after transaction
2026-06-01T20:33:29.964+08:00 DEBUG 31280 --- [pfms] [restartedMain] o.s.orm.jpa.JpaTransactionManager        : Creating new transaction with name [org.springframework.data.jpa.repository.support.SimpleJpaRepository.save]: PROPAGATION_REQUIRED,ISOLATION_DEFAULT
2026-06-01T20:33:29.965+08:00 DEBUG 31280 --- [pfms] [restartedMain] o.s.orm.jpa.JpaTransactionManager        : Opened new EntityManager [SessionImpl(1244398307<open>)] for JPA transaction
2026-06-01T20:33:29.965+08:00 DEBUG 31280 --- [pfms] [restartedMain] o.s.orm.jpa.JpaTransactionManager        : Exposing JPA transaction as JDBC [org.springframework.orm.jpa.vendor.HibernateJpaDialect$HibernateConnectionHandle@384dcbb0]
2026-06-01T20:33:29.965+08:00 DEBUG 31280 --- [pfms] [restartedMain] org.hibernate.SQL                        : 
    insert 
    into
        expense
        (aia, allowancesForParents, breakfast, criticare, date, debt, dinner, eatingOut, entertainment, groceries, haircut, holiday, incomeTax, internet, lunch, medical, mobilePhone, mortgage, others, privateTransport, propertyTax, publicTransport, shopping, sports, tech, termProtector, utilities) 
    values
        (?, ?, ?, ?, ?, ?, ?, ?, ?, ?, ?, ?, ?, ?, ?, ?, ?, ?, ?, ?, ?, ?, ?, ?, ?, ?, ?)
2026-06-01T20:33:29.978+08:00 DEBUG 31280 --- [pfms] [restartedMain] o.s.orm.jpa.JpaTransactionManager        : Initiating transaction commit
2026-06-01T20:33:29.978+08:00 DEBUG 31280 --- [pfms] [restartedMain] o.s.orm.jpa.JpaTransactionManager        : Committing JPA transaction on EntityManager [SessionImpl(1244398307<open>)]
2026-06-01T20:33:29.980+08:00 DEBUG 31280 --- [pfms] [restartedMain] o.s.orm.jpa.JpaTransactionManager        : Closing JPA EntityManager after transaction
2026-06-01T20:33:29.980+08:00 DEBUG 31280 --- [pfms] [restartedMain] o.s.orm.jpa.JpaTransactionManager        : Creating new transaction with name [org.springframework.data.jpa.repository.support.SimpleJpaRepository.save]: PROPAGATION_REQUIRED,ISOLATION_DEFAULT
2026-06-01T20:33:29.980+08:00 DEBUG 31280 --- [pfms] [restartedMain] o.s.orm.jpa.JpaTransactionManager        : Opened new EntityManager [SessionImpl(1220688892<open>)] for JPA transaction
2026-06-01T20:33:29.981+08:00 DEBUG 31280 --- [pfms] [restartedMain] o.s.orm.jpa.JpaTransactionManager        : Exposing JPA transaction as JDBC [org.springframework.orm.jpa.vendor.HibernateJpaDialect$HibernateConnectionHandle@1e84791f]
2026-06-01T20:33:29.982+08:00 DEBUG 31280 --- [pfms] [restartedMain] org.hibernate.SQL                        : 
    insert 
    into
        expense
        (aia, allowancesForParents, breakfast, criticare, date, debt, dinner, eatingOut, entertainment, groceries, haircut, holiday, incomeTax, internet, lunch, medical, mobilePhone, mortgage, others, privateTransport, propertyTax, publicTransport, shopping, sports, tech, termProtector, utilities) 
    values
        (?, ?, ?, ?, ?, ?, ?, ?, ?, ?, ?, ?, ?, ?, ?, ?, ?, ?, ?, ?, ?, ?, ?, ?, ?, ?, ?)
2026-06-01T20:33:29.983+08:00 DEBUG 31280 --- [pfms] [restartedMain] o.s.orm.jpa.JpaTransactionManager        : Initiating transaction commit
2026-06-01T20:33:29.983+08:00 DEBUG 31280 --- [pfms] [restartedMain] o.s.orm.jpa.JpaTransactionManager        : Committing JPA transaction on EntityManager [SessionImpl(1220688892<open>)]
2026-06-01T20:33:29.986+08:00 DEBUG 31280 --- [pfms] [restartedMain] o.s.orm.jpa.JpaTransactionManager        : Closing JPA EntityManager after transaction
2026-06-01T20:33:29.986+08:00 DEBUG 31280 --- [pfms] [restartedMain] o.s.orm.jpa.JpaTransactionManager        : Creating new transaction with name [org.springframework.data.jpa.repository.support.SimpleJpaRepository.save]: PROPAGATION_REQUIRED,ISOLATION_DEFAULT
2026-06-01T20:33:29.987+08:00 DEBUG 31280 --- [pfms] [restartedMain] o.s.orm.jpa.JpaTransactionManager        : Opened new EntityManager [SessionImpl(1250796488<open>)] for JPA transaction
2026-06-01T20:33:29.988+08:00 DEBUG 31280 --- [pfms] [restartedMain] o.s.orm.jpa.JpaTransactionManager        : Exposing JPA transaction as JDBC [org.springframework.orm.jpa.vendor.HibernateJpaDialect$HibernateConnectionHandle@7d114805]
2026-06-01T20:33:29.989+08:00 DEBUG 31280 --- [pfms] [restartedMain] org.hibernate.SQL                        : 
    insert 
    into
        expense
        (aia, allowancesForParents, breakfast, criticare, date, debt, dinner, eatingOut, entertainment, groceries, haircut, holiday, incomeTax, internet, lunch, medical, mobilePhone, mortgage, others, privateTransport, propertyTax, publicTransport, shopping, sports, tech, termProtector, utilities) 
    values
        (?, ?, ?, ?, ?, ?, ?, ?, ?, ?, ?, ?, ?, ?, ?, ?, ?, ?, ?, ?, ?, ?, ?, ?, ?, ?, ?)
2026-06-01T20:33:29.995+08:00 DEBUG 31280 --- [pfms] [restartedMain] o.s.orm.jpa.JpaTransactionManager        : Initiating transaction commit
2026-06-01T20:33:29.996+08:00 DEBUG 31280 --- [pfms] [restartedMain] o.s.orm.jpa.JpaTransactionManager        : Committing JPA transaction on EntityManager [SessionImpl(1250796488<open>)]
2026-06-01T20:33:29.997+08:00 DEBUG 31280 --- [pfms] [restartedMain] o.s.orm.jpa.JpaTransactionManager        : Closing JPA EntityManager after transaction
2026-06-01T20:33:29.998+08:00 DEBUG 31280 --- [pfms] [restartedMain] o.s.orm.jpa.JpaTransactionManager        : Creating new transaction with name [org.springframework.data.jpa.repository.support.SimpleJpaRepository.save]: PROPAGATION_REQUIRED,ISOLATION_DEFAULT
2026-06-01T20:33:29.998+08:00 DEBUG 31280 --- [pfms] [restartedMain] o.s.orm.jpa.JpaTransactionManager        : Opened new EntityManager [SessionImpl(1263890574<open>)] for JPA transaction
2026-06-01T20:33:29.998+08:00 DEBUG 31280 --- [pfms] [restartedMain] o.s.orm.jpa.JpaTransactionManager        : Exposing JPA transaction as JDBC [org.springframework.orm.jpa.vendor.HibernateJpaDialect$HibernateConnectionHandle@3c734881]
2026-06-01T20:33:29.999+08:00 DEBUG 31280 --- [pfms] [restartedMain] org.hibernate.SQL                        : 
    insert 
    into
        expense
        (aia, allowancesForParents, breakfast, criticare, date, debt, dinner, eatingOut, entertainment, groceries, haircut, holiday, incomeTax, internet, lunch, medical, mobilePhone, mortgage, others, privateTransport, propertyTax, publicTransport, shopping, sports, tech, termProtector, utilities) 
    values
        (?, ?, ?, ?, ?, ?, ?, ?, ?, ?, ?, ?, ?, ?, ?, ?, ?, ?, ?, ?, ?, ?, ?, ?, ?, ?, ?)
2026-06-01T20:33:30.001+08:00 DEBUG 31280 --- [pfms] [restartedMain] o.s.orm.jpa.JpaTransactionManager        : Initiating transaction commit
2026-06-01T20:33:30.001+08:00 DEBUG 31280 --- [pfms] [restartedMain] o.s.orm.jpa.JpaTransactionManager        : Committing JPA transaction on EntityManager [SessionImpl(1263890574<open>)]
2026-06-01T20:33:30.002+08:00 DEBUG 31280 --- [pfms] [restartedMain] o.s.orm.jpa.JpaTransactionManager        : Closing JPA EntityManager after transaction
2026-06-01T20:33:30.003+08:00 DEBUG 31280 --- [pfms] [restartedMain] o.s.orm.jpa.JpaTransactionManager        : Creating new transaction with name [org.springframework.data.jpa.repository.support.SimpleJpaRepository.save]: PROPAGATION_REQUIRED,ISOLATION_DEFAULT
2026-06-01T20:33:30.003+08:00 DEBUG 31280 --- [pfms] [restartedMain] o.s.orm.jpa.JpaTransactionManager        : Opened new EntityManager [SessionImpl(585642222<open>)] for JPA transaction
2026-06-01T20:33:30.003+08:00 DEBUG 31280 --- [pfms] [restartedMain] o.s.orm.jpa.JpaTransactionManager        : Exposing JPA transaction as JDBC [org.springframework.orm.jpa.vendor.HibernateJpaDialect$HibernateConnectionHandle@4794372]
2026-06-01T20:33:30.005+08:00 DEBUG 31280 --- [pfms] [restartedMain] org.hibernate.SQL                        : 
    insert 
    into
        expense
        (aia, allowancesForParents, breakfast, criticare, date, debt, dinner, eatingOut, entertainment, groceries, haircut, holiday, incomeTax, internet, lunch, medical, mobilePhone, mortgage, others, privateTransport, propertyTax, publicTransport, shopping, sports, tech, termProtector, utilities) 
    values
        (?, ?, ?, ?, ?, ?, ?, ?, ?, ?, ?, ?, ?, ?, ?, ?, ?, ?, ?, ?, ?, ?, ?, ?, ?, ?, ?)
2026-06-01T20:33:30.007+08:00 DEBUG 31280 --- [pfms] [restartedMain] o.s.orm.jpa.JpaTransactionManager        : Initiating transaction commit
2026-06-01T20:33:30.007+08:00 DEBUG 31280 --- [pfms] [restartedMain] o.s.orm.jpa.JpaTransactionManager        : Committing JPA transaction on EntityManager [SessionImpl(585642222<open>)]
2026-06-01T20:33:30.009+08:00 DEBUG 31280 --- [pfms] [restartedMain] o.s.orm.jpa.JpaTransactionManager        : Closing JPA EntityManager after transaction
2026-06-01T20:33:30.009+08:00 DEBUG 31280 --- [pfms] [restartedMain] o.s.orm.jpa.JpaTransactionManager        : Creating new transaction with name [org.springframework.data.jpa.repository.support.SimpleJpaRepository.save]: PROPAGATION_REQUIRED,ISOLATION_DEFAULT
2026-06-01T20:33:30.010+08:00 DEBUG 31280 --- [pfms] [restartedMain] o.s.orm.jpa.JpaTransactionManager        : Opened new EntityManager [SessionImpl(1700156883<open>)] for JPA transaction
2026-06-01T20:33:30.010+08:00 DEBUG 31280 --- [pfms] [restartedMain] o.s.orm.jpa.JpaTransactionManager        : Exposing JPA transaction as JDBC [org.springframework.orm.jpa.vendor.HibernateJpaDialect$HibernateConnectionHandle@2b7ae8d8]
2026-06-01T20:33:30.011+08:00 DEBUG 31280 --- [pfms] [restartedMain] org.hibernate.SQL                        : 
    insert 
    into
        expense
        (aia, allowancesForParents, breakfast, criticare, date, debt, dinner, eatingOut, entertainment, groceries, haircut, holiday, incomeTax, internet, lunch, medical, mobilePhone, mortgage, others, privateTransport, propertyTax, publicTransport, shopping, sports, tech, termProtector, utilities) 
    values
        (?, ?, ?, ?, ?, ?, ?, ?, ?, ?, ?, ?, ?, ?, ?, ?, ?, ?, ?, ?, ?, ?, ?, ?, ?, ?, ?)
2026-06-01T20:33:30.012+08:00 DEBUG 31280 --- [pfms] [restartedMain] o.s.orm.jpa.JpaTransactionManager        : Initiating transaction commit
2026-06-01T20:33:30.012+08:00 DEBUG 31280 --- [pfms] [restartedMain] o.s.orm.jpa.JpaTransactionManager        : Committing JPA transaction on EntityManager [SessionImpl(1700156883<open>)]
2026-06-01T20:33:30.013+08:00 DEBUG 31280 --- [pfms] [restartedMain] o.s.orm.jpa.JpaTransactionManager        : Closing JPA EntityManager after transaction
2026-06-01T20:33:30.014+08:00 DEBUG 31280 --- [pfms] [restartedMain] o.s.orm.jpa.JpaTransactionManager        : Creating new transaction with name [org.springframework.data.jpa.repository.support.SimpleJpaRepository.save]: PROPAGATION_REQUIRED,ISOLATION_DEFAULT
2026-06-01T20:33:30.014+08:00 DEBUG 31280 --- [pfms] [restartedMain] o.s.orm.jpa.JpaTransactionManager        : Opened new EntityManager [SessionImpl(405798096<open>)] for JPA transaction
2026-06-01T20:33:30.014+08:00 DEBUG 31280 --- [pfms] [restartedMain] o.s.orm.jpa.JpaTransactionManager        : Exposing JPA transaction as JDBC [org.springframework.orm.jpa.vendor.HibernateJpaDialect$HibernateConnectionHandle@64efeb25]
2026-06-01T20:33:30.015+08:00 DEBUG 31280 --- [pfms] [restartedMain] org.hibernate.SQL                        : 
    insert 
    into
        expense
        (aia, allowancesForParents, breakfast, criticare, date, debt, dinner, eatingOut, entertainment, groceries, haircut, holiday, incomeTax, internet, lunch, medical, mobilePhone, mortgage, others, privateTransport, propertyTax, publicTransport, shopping, sports, tech, termProtector, utilities) 
    values
        (?, ?, ?, ?, ?, ?, ?, ?, ?, ?, ?, ?, ?, ?, ?, ?, ?, ?, ?, ?, ?, ?, ?, ?, ?, ?, ?)
2026-06-01T20:33:30.017+08:00 DEBUG 31280 --- [pfms] [restartedMain] o.s.orm.jpa.JpaTransactionManager        : Initiating transaction commit
2026-06-01T20:33:30.017+08:00 DEBUG 31280 --- [pfms] [restartedMain] o.s.orm.jpa.JpaTransactionManager        : Committing JPA transaction on EntityManager [SessionImpl(405798096<open>)]
2026-06-01T20:33:30.018+08:00 DEBUG 31280 --- [pfms] [restartedMain] o.s.orm.jpa.JpaTransactionManager        : Closing JPA EntityManager after transaction
2026-06-01T20:33:30.018+08:00 DEBUG 31280 --- [pfms] [restartedMain] o.s.orm.jpa.JpaTransactionManager        : Creating new transaction with name [org.springframework.data.jpa.repository.support.SimpleJpaRepository.save]: PROPAGATION_REQUIRED,ISOLATION_DEFAULT
2026-06-01T20:33:30.019+08:00 DEBUG 31280 --- [pfms] [restartedMain] o.s.orm.jpa.JpaTransactionManager        : Opened new EntityManager [SessionImpl(70110964<open>)] for JPA transaction
2026-06-01T20:33:30.019+08:00 DEBUG 31280 --- [pfms] [restartedMain] o.s.orm.jpa.JpaTransactionManager        : Exposing JPA transaction as JDBC [org.springframework.orm.jpa.vendor.HibernateJpaDialect$HibernateConnectionHandle@1f00ab97]
2026-06-01T20:33:30.020+08:00 DEBUG 31280 --- [pfms] [restartedMain] org.hibernate.SQL                        : 
    insert 
    into
        expense
        (aia, allowancesForParents, breakfast, criticare, date, debt, dinner, eatingOut, entertainment, groceries, haircut, holiday, incomeTax, internet, lunch, medical, mobilePhone, mortgage, others, privateTransport, propertyTax, publicTransport, shopping, sports, tech, termProtector, utilities) 
    values
        (?, ?, ?, ?, ?, ?, ?, ?, ?, ?, ?, ?, ?, ?, ?, ?, ?, ?, ?, ?, ?, ?, ?, ?, ?, ?, ?)
2026-06-01T20:33:30.022+08:00 DEBUG 31280 --- [pfms] [restartedMain] o.s.orm.jpa.JpaTransactionManager        : Initiating transaction commit
2026-06-01T20:33:30.022+08:00 DEBUG 31280 --- [pfms] [restartedMain] o.s.orm.jpa.JpaTransactionManager        : Committing JPA transaction on EntityManager [SessionImpl(70110964<open>)]
2026-06-01T20:33:30.023+08:00 DEBUG 31280 --- [pfms] [restartedMain] o.s.orm.jpa.JpaTransactionManager        : Closing JPA EntityManager after transaction
2026-06-01T20:33:30.024+08:00 DEBUG 31280 --- [pfms] [restartedMain] o.s.orm.jpa.JpaTransactionManager        : Creating new transaction with name [org.springframework.data.jpa.repository.support.SimpleJpaRepository.save]: PROPAGATION_REQUIRED,ISOLATION_DEFAULT
2026-06-01T20:33:30.024+08:00 DEBUG 31280 --- [pfms] [restartedMain] o.s.orm.jpa.JpaTransactionManager        : Opened new EntityManager [SessionImpl(2102817198<open>)] for JPA transaction
2026-06-01T20:33:30.025+08:00 DEBUG 31280 --- [pfms] [restartedMain] o.s.orm.jpa.JpaTransactionManager        : Exposing JPA transaction as JDBC [org.springframework.orm.jpa.vendor.HibernateJpaDialect$HibernateConnectionHandle@67103180]
2026-06-01T20:33:30.025+08:00 DEBUG 31280 --- [pfms] [restartedMain] org.hibernate.SQL                        : 
    insert 
    into
        expense
        (aia, allowancesForParents, breakfast, criticare, date, debt, dinner, eatingOut, entertainment, groceries, haircut, holiday, incomeTax, internet, lunch, medical, mobilePhone, mortgage, others, privateTransport, propertyTax, publicTransport, shopping, sports, tech, termProtector, utilities) 
    values
        (?, ?, ?, ?, ?, ?, ?, ?, ?, ?, ?, ?, ?, ?, ?, ?, ?, ?, ?, ?, ?, ?, ?, ?, ?, ?, ?)
2026-06-01T20:33:30.028+08:00 DEBUG 31280 --- [pfms] [restartedMain] o.s.orm.jpa.JpaTransactionManager        : Initiating transaction commit
2026-06-01T20:33:30.028+08:00 DEBUG 31280 --- [pfms] [restartedMain] o.s.orm.jpa.JpaTransactionManager        : Committing JPA transaction on EntityManager [SessionImpl(2102817198<open>)]
2026-06-01T20:33:30.030+08:00 DEBUG 31280 --- [pfms] [restartedMain] o.s.orm.jpa.JpaTransactionManager        : Closing JPA EntityManager after transaction
2026-06-01T20:33:30.031+08:00 DEBUG 31280 --- [pfms] [restartedMain] o.s.orm.jpa.JpaTransactionManager        : Creating new transaction with name [org.springframework.data.jpa.repository.support.SimpleJpaRepository.save]: PROPAGATION_REQUIRED,ISOLATION_DEFAULT
2026-06-01T20:33:30.031+08:00 DEBUG 31280 --- [pfms] [restartedMain] o.s.orm.jpa.JpaTransactionManager        : Opened new EntityManager [SessionImpl(1160543937<open>)] for JPA transaction
2026-06-01T20:33:30.031+08:00 DEBUG 31280 --- [pfms] [restartedMain] o.s.orm.jpa.JpaTransactionManager        : Exposing JPA transaction as JDBC [org.springframework.orm.jpa.vendor.HibernateJpaDialect$HibernateConnectionHandle@2356dbd5]
2026-06-01T20:33:30.032+08:00 DEBUG 31280 --- [pfms] [restartedMain] org.hibernate.SQL                        : 
    insert 
    into
        expense
        (aia, allowancesForParents, breakfast, criticare, date, debt, dinner, eatingOut, entertainment, groceries, haircut, holiday, incomeTax, internet, lunch, medical, mobilePhone, mortgage, others, privateTransport, propertyTax, publicTransport, shopping, sports, tech, termProtector, utilities) 
    values
        (?, ?, ?, ?, ?, ?, ?, ?, ?, ?, ?, ?, ?, ?, ?, ?, ?, ?, ?, ?, ?, ?, ?, ?, ?, ?, ?)
2026-06-01T20:33:30.034+08:00 DEBUG 31280 --- [pfms] [restartedMain] o.s.orm.jpa.JpaTransactionManager        : Initiating transaction commit
2026-06-01T20:33:30.034+08:00 DEBUG 31280 --- [pfms] [restartedMain] o.s.orm.jpa.JpaTransactionManager        : Committing JPA transaction on EntityManager [SessionImpl(1160543937<open>)]
2026-06-01T20:33:30.035+08:00 DEBUG 31280 --- [pfms] [restartedMain] o.s.orm.jpa.JpaTransactionManager        : Closing JPA EntityManager after transaction
2026-06-01T20:33:30.036+08:00 DEBUG 31280 --- [pfms] [restartedMain] o.s.orm.jpa.JpaTransactionManager        : Creating new transaction with name [org.springframework.data.jpa.repository.support.SimpleJpaRepository.save]: PROPAGATION_REQUIRED,ISOLATION_DEFAULT
2026-06-01T20:33:30.036+08:00 DEBUG 31280 --- [pfms] [restartedMain] o.s.orm.jpa.JpaTransactionManager        : Opened new EntityManager [SessionImpl(1246278823<open>)] for JPA transaction
2026-06-01T20:33:30.036+08:00 DEBUG 31280 --- [pfms] [restartedMain] o.s.orm.jpa.JpaTransactionManager        : Exposing JPA transaction as JDBC [org.springframework.orm.jpa.vendor.HibernateJpaDialect$HibernateConnectionHandle@5fd55648]
2026-06-01T20:33:30.037+08:00 DEBUG 31280 --- [pfms] [restartedMain] org.hibernate.SQL                        : 
    insert 
    into
        expense
        (aia, allowancesForParents, breakfast, criticare, date, debt, dinner, eatingOut, entertainment, groceries, haircut, holiday, incomeTax, internet, lunch, medical, mobilePhone, mortgage, others, privateTransport, propertyTax, publicTransport, shopping, sports, tech, termProtector, utilities) 
    values
        (?, ?, ?, ?, ?, ?, ?, ?, ?, ?, ?, ?, ?, ?, ?, ?, ?, ?, ?, ?, ?, ?, ?, ?, ?, ?, ?)
2026-06-01T20:33:30.040+08:00 DEBUG 31280 --- [pfms] [restartedMain] o.s.orm.jpa.JpaTransactionManager        : Initiating transaction commit
2026-06-01T20:33:30.040+08:00 DEBUG 31280 --- [pfms] [restartedMain] o.s.orm.jpa.JpaTransactionManager        : Committing JPA transaction on EntityManager [SessionImpl(1246278823<open>)]
2026-06-01T20:33:30.042+08:00 DEBUG 31280 --- [pfms] [restartedMain] o.s.orm.jpa.JpaTransactionManager        : Closing JPA EntityManager after transaction
2026-06-01T20:33:30.042+08:00 DEBUG 31280 --- [pfms] [restartedMain] o.s.orm.jpa.JpaTransactionManager        : Creating new transaction with name [org.springframework.data.jpa.repository.support.SimpleJpaRepository.save]: PROPAGATION_REQUIRED,ISOLATION_DEFAULT
2026-06-01T20:33:30.042+08:00 DEBUG 31280 --- [pfms] [restartedMain] o.s.orm.jpa.JpaTransactionManager        : Opened new EntityManager [SessionImpl(760251906<open>)] for JPA transaction
2026-06-01T20:33:30.043+08:00 DEBUG 31280 --- [pfms] [restartedMain] o.s.orm.jpa.JpaTransactionManager        : Exposing JPA transaction as JDBC [org.springframework.orm.jpa.vendor.HibernateJpaDialect$HibernateConnectionHandle@5842e2f6]
2026-06-01T20:33:30.043+08:00 DEBUG 31280 --- [pfms] [restartedMain] org.hibernate.SQL                        : 
    insert 
    into
        expense
        (aia, allowancesForParents, breakfast, criticare, date, debt, dinner, eatingOut, entertainment, groceries, haircut, holiday, incomeTax, internet, lunch, medical, mobilePhone, mortgage, others, privateTransport, propertyTax, publicTransport, shopping, sports, tech, termProtector, utilities) 
    values
        (?, ?, ?, ?, ?, ?, ?, ?, ?, ?, ?, ?, ?, ?, ?, ?, ?, ?, ?, ?, ?, ?, ?, ?, ?, ?, ?)
2026-06-01T20:33:30.045+08:00 DEBUG 31280 --- [pfms] [restartedMain] o.s.orm.jpa.JpaTransactionManager        : Initiating transaction commit
2026-06-01T20:33:30.045+08:00 DEBUG 31280 --- [pfms] [restartedMain] o.s.orm.jpa.JpaTransactionManager        : Committing JPA transaction on EntityManager [SessionImpl(760251906<open>)]
2026-06-01T20:33:30.046+08:00 DEBUG 31280 --- [pfms] [restartedMain] o.s.orm.jpa.JpaTransactionManager        : Closing JPA EntityManager after transaction
2026-06-01T20:33:30.047+08:00 DEBUG 31280 --- [pfms] [restartedMain] o.s.orm.jpa.JpaTransactionManager        : Creating new transaction with name [org.springframework.data.jpa.repository.support.SimpleJpaRepository.save]: PROPAGATION_REQUIRED,ISOLATION_DEFAULT
2026-06-01T20:33:30.047+08:00 DEBUG 31280 --- [pfms] [restartedMain] o.s.orm.jpa.JpaTransactionManager        : Opened new EntityManager [SessionImpl(406132334<open>)] for JPA transaction
2026-06-01T20:33:30.047+08:00 DEBUG 31280 --- [pfms] [restartedMain] o.s.orm.jpa.JpaTransactionManager        : Exposing JPA transaction as JDBC [org.springframework.orm.jpa.vendor.HibernateJpaDialect$HibernateConnectionHandle@57af12cc]
2026-06-01T20:33:30.048+08:00 DEBUG 31280 --- [pfms] [restartedMain] org.hibernate.SQL                        : 
    insert 
    into
        expense
        (aia, allowancesForParents, breakfast, criticare, date, debt, dinner, eatingOut, entertainment, groceries, haircut, holiday, incomeTax, internet, lunch, medical, mobilePhone, mortgage, others, privateTransport, propertyTax, publicTransport, shopping, sports, tech, termProtector, utilities) 
    values
        (?, ?, ?, ?, ?, ?, ?, ?, ?, ?, ?, ?, ?, ?, ?, ?, ?, ?, ?, ?, ?, ?, ?, ?, ?, ?, ?)
2026-06-01T20:33:30.050+08:00 DEBUG 31280 --- [pfms] [restartedMain] o.s.orm.jpa.JpaTransactionManager        : Initiating transaction commit
2026-06-01T20:33:30.050+08:00 DEBUG 31280 --- [pfms] [restartedMain] o.s.orm.jpa.JpaTransactionManager        : Committing JPA transaction on EntityManager [SessionImpl(406132334<open>)]
2026-06-01T20:33:30.052+08:00 DEBUG 31280 --- [pfms] [restartedMain] o.s.orm.jpa.JpaTransactionManager        : Closing JPA EntityManager after transaction
2026-06-01T20:33:30.052+08:00 DEBUG 31280 --- [pfms] [restartedMain] o.s.orm.jpa.JpaTransactionManager        : Creating new transaction with name [org.springframework.data.jpa.repository.support.SimpleJpaRepository.save]: PROPAGATION_REQUIRED,ISOLATION_DEFAULT
2026-06-01T20:33:30.052+08:00 DEBUG 31280 --- [pfms] [restartedMain] o.s.orm.jpa.JpaTransactionManager        : Opened new EntityManager [SessionImpl(927375208<open>)] for JPA transaction
2026-06-01T20:33:30.053+08:00 DEBUG 31280 --- [pfms] [restartedMain] o.s.orm.jpa.JpaTransactionManager        : Exposing JPA transaction as JDBC [org.springframework.orm.jpa.vendor.HibernateJpaDialect$HibernateConnectionHandle@18d0d23e]
2026-06-01T20:33:30.054+08:00 DEBUG 31280 --- [pfms] [restartedMain] org.hibernate.SQL                        : 
    insert 
    into
        expense
        (aia, allowancesForParents, breakfast, criticare, date, debt, dinner, eatingOut, entertainment, groceries, haircut, holiday, incomeTax, internet, lunch, medical, mobilePhone, mortgage, others, privateTransport, propertyTax, publicTransport, shopping, sports, tech, termProtector, utilities) 
    values
        (?, ?, ?, ?, ?, ?, ?, ?, ?, ?, ?, ?, ?, ?, ?, ?, ?, ?, ?, ?, ?, ?, ?, ?, ?, ?, ?)
2026-06-01T20:33:30.056+08:00 DEBUG 31280 --- [pfms] [restartedMain] o.s.orm.jpa.JpaTransactionManager        : Initiating transaction commit
2026-06-01T20:33:30.056+08:00 DEBUG 31280 --- [pfms] [restartedMain] o.s.orm.jpa.JpaTransactionManager        : Committing JPA transaction on EntityManager [SessionImpl(927375208<open>)]
2026-06-01T20:33:30.058+08:00 DEBUG 31280 --- [pfms] [restartedMain] o.s.orm.jpa.JpaTransactionManager        : Closing JPA EntityManager after transaction
2026-06-01T20:33:30.058+08:00 DEBUG 31280 --- [pfms] [restartedMain] o.s.orm.jpa.JpaTransactionManager        : Creating new transaction with name [org.springframework.data.jpa.repository.support.SimpleJpaRepository.save]: PROPAGATION_REQUIRED,ISOLATION_DEFAULT
2026-06-01T20:33:30.058+08:00 DEBUG 31280 --- [pfms] [restartedMain] o.s.orm.jpa.JpaTransactionManager        : Opened new EntityManager [SessionImpl(766604426<open>)] for JPA transaction
2026-06-01T20:33:30.059+08:00 DEBUG 31280 --- [pfms] [restartedMain] o.s.orm.jpa.JpaTransactionManager        : Exposing JPA transaction as JDBC [org.springframework.orm.jpa.vendor.HibernateJpaDialect$HibernateConnectionHandle@33ee0220]
2026-06-01T20:33:30.059+08:00 DEBUG 31280 --- [pfms] [restartedMain] org.hibernate.SQL                        : 
    insert 
    into
        expense
        (aia, allowancesForParents, breakfast, criticare, date, debt, dinner, eatingOut, entertainment, groceries, haircut, holiday, incomeTax, internet, lunch, medical, mobilePhone, mortgage, others, privateTransport, propertyTax, publicTransport, shopping, sports, tech, termProtector, utilities) 
    values
        (?, ?, ?, ?, ?, ?, ?, ?, ?, ?, ?, ?, ?, ?, ?, ?, ?, ?, ?, ?, ?, ?, ?, ?, ?, ?, ?)
2026-06-01T20:33:30.061+08:00 DEBUG 31280 --- [pfms] [restartedMain] o.s.orm.jpa.JpaTransactionManager        : Initiating transaction commit
2026-06-01T20:33:30.061+08:00 DEBUG 31280 --- [pfms] [restartedMain] o.s.orm.jpa.JpaTransactionManager        : Committing JPA transaction on EntityManager [SessionImpl(766604426<open>)]
2026-06-01T20:33:30.062+08:00 DEBUG 31280 --- [pfms] [restartedMain] o.s.orm.jpa.JpaTransactionManager        : Closing JPA EntityManager after transaction
2026-06-01T20:33:30.062+08:00 DEBUG 31280 --- [pfms] [restartedMain] o.s.orm.jpa.JpaTransactionManager        : Creating new transaction with name [org.springframework.data.jpa.repository.support.SimpleJpaRepository.save]: PROPAGATION_REQUIRED,ISOLATION_DEFAULT
2026-06-01T20:33:30.062+08:00 DEBUG 31280 --- [pfms] [restartedMain] o.s.orm.jpa.JpaTransactionManager        : Opened new EntityManager [SessionImpl(1369935732<open>)] for JPA transaction
2026-06-01T20:33:30.062+08:00 DEBUG 31280 --- [pfms] [restartedMain] o.s.orm.jpa.JpaTransactionManager        : Exposing JPA transaction as JDBC [org.springframework.orm.jpa.vendor.HibernateJpaDialect$HibernateConnectionHandle@129b6862]
2026-06-01T20:33:30.063+08:00 DEBUG 31280 --- [pfms] [restartedMain] org.hibernate.SQL                        : 
    insert 
    into
        expense
        (aia, allowancesForParents, breakfast, criticare, date, debt, dinner, eatingOut, entertainment, groceries, haircut, holiday, incomeTax, internet, lunch, medical, mobilePhone, mortgage, others, privateTransport, propertyTax, publicTransport, shopping, sports, tech, termProtector, utilities) 
    values
        (?, ?, ?, ?, ?, ?, ?, ?, ?, ?, ?, ?, ?, ?, ?, ?, ?, ?, ?, ?, ?, ?, ?, ?, ?, ?, ?)
2026-06-01T20:33:30.064+08:00 DEBUG 31280 --- [pfms] [restartedMain] o.s.orm.jpa.JpaTransactionManager        : Initiating transaction commit
2026-06-01T20:33:30.064+08:00 DEBUG 31280 --- [pfms] [restartedMain] o.s.orm.jpa.JpaTransactionManager        : Committing JPA transaction on EntityManager [SessionImpl(1369935732<open>)]
2026-06-01T20:33:30.065+08:00 DEBUG 31280 --- [pfms] [restartedMain] o.s.orm.jpa.JpaTransactionManager        : Closing JPA EntityManager after transaction
2026-06-01T20:33:30.065+08:00 DEBUG 31280 --- [pfms] [restartedMain] o.s.orm.jpa.JpaTransactionManager        : Creating new transaction with name [org.springframework.data.jpa.repository.support.SimpleJpaRepository.save]: PROPAGATION_REQUIRED,ISOLATION_DEFAULT
2026-06-01T20:33:30.066+08:00 DEBUG 31280 --- [pfms] [restartedMain] o.s.orm.jpa.JpaTransactionManager        : Opened new EntityManager [SessionImpl(506770264<open>)] for JPA transaction
2026-06-01T20:33:30.066+08:00 DEBUG 31280 --- [pfms] [restartedMain] o.s.orm.jpa.JpaTransactionManager        : Exposing JPA transaction as JDBC [org.springframework.orm.jpa.vendor.HibernateJpaDialect$HibernateConnectionHandle@57251084]
2026-06-01T20:33:30.066+08:00 DEBUG 31280 --- [pfms] [restartedMain] org.hibernate.SQL                        : 
    insert 
    into
        expense
        (aia, allowancesForParents, breakfast, criticare, date, debt, dinner, eatingOut, entertainment, groceries, haircut, holiday, incomeTax, internet, lunch, medical, mobilePhone, mortgage, others, privateTransport, propertyTax, publicTransport, shopping, sports, tech, termProtector, utilities) 
    values
        (?, ?, ?, ?, ?, ?, ?, ?, ?, ?, ?, ?, ?, ?, ?, ?, ?, ?, ?, ?, ?, ?, ?, ?, ?, ?, ?)
2026-06-01T20:33:30.067+08:00 DEBUG 31280 --- [pfms] [restartedMain] o.s.orm.jpa.JpaTransactionManager        : Initiating transaction commit
2026-06-01T20:33:30.067+08:00 DEBUG 31280 --- [pfms] [restartedMain] o.s.orm.jpa.JpaTransactionManager        : Committing JPA transaction on EntityManager [SessionImpl(506770264<open>)]
2026-06-01T20:33:30.068+08:00 DEBUG 31280 --- [pfms] [restartedMain] o.s.orm.jpa.JpaTransactionManager        : Closing JPA EntityManager after transaction
2026-06-01T20:33:30.068+08:00 DEBUG 31280 --- [pfms] [restartedMain] o.s.orm.jpa.JpaTransactionManager        : Creating new transaction with name [org.springframework.data.jpa.repository.support.SimpleJpaRepository.save]: PROPAGATION_REQUIRED,ISOLATION_DEFAULT
2026-06-01T20:33:30.068+08:00 DEBUG 31280 --- [pfms] [restartedMain] o.s.orm.jpa.JpaTransactionManager        : Opened new EntityManager [SessionImpl(93447551<open>)] for JPA transaction
2026-06-01T20:33:30.069+08:00 DEBUG 31280 --- [pfms] [restartedMain] o.s.orm.jpa.JpaTransactionManager        : Exposing JPA transaction as JDBC [org.springframework.orm.jpa.vendor.HibernateJpaDialect$HibernateConnectionHandle@7acf7479]
2026-06-01T20:33:30.069+08:00 DEBUG 31280 --- [pfms] [restartedMain] org.hibernate.SQL                        : 
    insert 
    into
        expense
        (aia, allowancesForParents, breakfast, criticare, date, debt, dinner, eatingOut, entertainment, groceries, haircut, holiday, incomeTax, internet, lunch, medical, mobilePhone, mortgage, others, privateTransport, propertyTax, publicTransport, shopping, sports, tech, termProtector, utilities) 
    values
        (?, ?, ?, ?, ?, ?, ?, ?, ?, ?, ?, ?, ?, ?, ?, ?, ?, ?, ?, ?, ?, ?, ?, ?, ?, ?, ?)
2026-06-01T20:33:30.070+08:00 DEBUG 31280 --- [pfms] [restartedMain] o.s.orm.jpa.JpaTransactionManager        : Initiating transaction commit
2026-06-01T20:33:30.070+08:00 DEBUG 31280 --- [pfms] [restartedMain] o.s.orm.jpa.JpaTransactionManager        : Committing JPA transaction on EntityManager [SessionImpl(93447551<open>)]
2026-06-01T20:33:30.071+08:00 DEBUG 31280 --- [pfms] [restartedMain] o.s.orm.jpa.JpaTransactionManager        : Closing JPA EntityManager after transaction
2026-06-01T20:33:30.071+08:00 DEBUG 31280 --- [pfms] [restartedMain] o.s.orm.jpa.JpaTransactionManager        : Creating new transaction with name [org.springframework.data.jpa.repository.support.SimpleJpaRepository.save]: PROPAGATION_REQUIRED,ISOLATION_DEFAULT
2026-06-01T20:33:30.071+08:00 DEBUG 31280 --- [pfms] [restartedMain] o.s.orm.jpa.JpaTransactionManager        : Opened new EntityManager [SessionImpl(1418865218<open>)] for JPA transaction
2026-06-01T20:33:30.071+08:00 DEBUG 31280 --- [pfms] [restartedMain] o.s.orm.jpa.JpaTransactionManager        : Exposing JPA transaction as JDBC [org.springframework.orm.jpa.vendor.HibernateJpaDialect$HibernateConnectionHandle@557fe015]
2026-06-01T20:33:30.072+08:00 DEBUG 31280 --- [pfms] [restartedMain] org.hibernate.SQL                        : 
    insert 
    into
        expense
        (aia, allowancesForParents, breakfast, criticare, date, debt, dinner, eatingOut, entertainment, groceries, haircut, holiday, incomeTax, internet, lunch, medical, mobilePhone, mortgage, others, privateTransport, propertyTax, publicTransport, shopping, sports, tech, termProtector, utilities) 
    values
        (?, ?, ?, ?, ?, ?, ?, ?, ?, ?, ?, ?, ?, ?, ?, ?, ?, ?, ?, ?, ?, ?, ?, ?, ?, ?, ?)
2026-06-01T20:33:30.073+08:00 DEBUG 31280 --- [pfms] [restartedMain] o.s.orm.jpa.JpaTransactionManager        : Initiating transaction commit
2026-06-01T20:33:30.074+08:00 DEBUG 31280 --- [pfms] [restartedMain] o.s.orm.jpa.JpaTransactionManager        : Committing JPA transaction on EntityManager [SessionImpl(1418865218<open>)]
2026-06-01T20:33:30.075+08:00 DEBUG 31280 --- [pfms] [restartedMain] o.s.orm.jpa.JpaTransactionManager        : Closing JPA EntityManager after transaction
2026-06-01T20:33:30.075+08:00 DEBUG 31280 --- [pfms] [restartedMain] o.s.orm.jpa.JpaTransactionManager        : Creating new transaction with name [org.springframework.data.jpa.repository.support.SimpleJpaRepository.save]: PROPAGATION_REQUIRED,ISOLATION_DEFAULT
2026-06-01T20:33:30.075+08:00 DEBUG 31280 --- [pfms] [restartedMain] o.s.orm.jpa.JpaTransactionManager        : Opened new EntityManager [SessionImpl(809530461<open>)] for JPA transaction
2026-06-01T20:33:30.075+08:00 DEBUG 31280 --- [pfms] [restartedMain] o.s.orm.jpa.JpaTransactionManager        : Exposing JPA transaction as JDBC [org.springframework.orm.jpa.vendor.HibernateJpaDialect$HibernateConnectionHandle@1a955508]
2026-06-01T20:33:30.076+08:00 DEBUG 31280 --- [pfms] [restartedMain] org.hibernate.SQL                        : 
    insert 
    into
        expense
        (aia, allowancesForParents, breakfast, criticare, date, debt, dinner, eatingOut, entertainment, groceries, haircut, holiday, incomeTax, internet, lunch, medical, mobilePhone, mortgage, others, privateTransport, propertyTax, publicTransport, shopping, sports, tech, termProtector, utilities) 
    values
        (?, ?, ?, ?, ?, ?, ?, ?, ?, ?, ?, ?, ?, ?, ?, ?, ?, ?, ?, ?, ?, ?, ?, ?, ?, ?, ?)
2026-06-01T20:33:30.077+08:00 DEBUG 31280 --- [pfms] [restartedMain] o.s.orm.jpa.JpaTransactionManager        : Initiating transaction commit
2026-06-01T20:33:30.077+08:00 DEBUG 31280 --- [pfms] [restartedMain] o.s.orm.jpa.JpaTransactionManager        : Committing JPA transaction on EntityManager [SessionImpl(809530461<open>)]
2026-06-01T20:33:30.078+08:00 DEBUG 31280 --- [pfms] [restartedMain] o.s.orm.jpa.JpaTransactionManager        : Closing JPA EntityManager after transaction
2026-06-01T20:33:30.078+08:00 DEBUG 31280 --- [pfms] [restartedMain] o.s.orm.jpa.JpaTransactionManager        : Creating new transaction with name [org.springframework.data.jpa.repository.support.SimpleJpaRepository.save]: PROPAGATION_REQUIRED,ISOLATION_DEFAULT
2026-06-01T20:33:30.078+08:00 DEBUG 31280 --- [pfms] [restartedMain] o.s.orm.jpa.JpaTransactionManager        : Opened new EntityManager [SessionImpl(512614837<open>)] for JPA transaction
2026-06-01T20:33:30.079+08:00 DEBUG 31280 --- [pfms] [restartedMain] o.s.orm.jpa.JpaTransactionManager        : Exposing JPA transaction as JDBC [org.springframework.orm.jpa.vendor.HibernateJpaDialect$HibernateConnectionHandle@2e00ca79]
2026-06-01T20:33:30.079+08:00 DEBUG 31280 --- [pfms] [restartedMain] org.hibernate.SQL                        : 
    insert 
    into
        expense
        (aia, allowancesForParents, breakfast, criticare, date, debt, dinner, eatingOut, entertainment, groceries, haircut, holiday, incomeTax, internet, lunch, medical, mobilePhone, mortgage, others, privateTransport, propertyTax, publicTransport, shopping, sports, tech, termProtector, utilities) 
    values
        (?, ?, ?, ?, ?, ?, ?, ?, ?, ?, ?, ?, ?, ?, ?, ?, ?, ?, ?, ?, ?, ?, ?, ?, ?, ?, ?)
2026-06-01T20:33:30.080+08:00 DEBUG 31280 --- [pfms] [restartedMain] o.s.orm.jpa.JpaTransactionManager        : Initiating transaction commit
2026-06-01T20:33:30.082+08:00 DEBUG 31280 --- [pfms] [restartedMain] o.s.orm.jpa.JpaTransactionManager        : Committing JPA transaction on EntityManager [SessionImpl(512614837<open>)]
2026-06-01T20:33:30.082+08:00 DEBUG 31280 --- [pfms] [restartedMain] o.s.orm.jpa.JpaTransactionManager        : Closing JPA EntityManager after transaction
2026-06-01T20:33:30.083+08:00 DEBUG 31280 --- [pfms] [restartedMain] o.s.orm.jpa.JpaTransactionManager        : Creating new transaction with name [org.springframework.data.jpa.repository.support.SimpleJpaRepository.save]: PROPAGATION_REQUIRED,ISOLATION_DEFAULT
2026-06-01T20:33:30.083+08:00 DEBUG 31280 --- [pfms] [restartedMain] o.s.orm.jpa.JpaTransactionManager        : Opened new EntityManager [SessionImpl(1204446031<open>)] for JPA transaction
2026-06-01T20:33:30.083+08:00 DEBUG 31280 --- [pfms] [restartedMain] o.s.orm.jpa.JpaTransactionManager        : Exposing JPA transaction as JDBC [org.springframework.orm.jpa.vendor.HibernateJpaDialect$HibernateConnectionHandle@6f312acd]
2026-06-01T20:33:30.084+08:00 DEBUG 31280 --- [pfms] [restartedMain] org.hibernate.SQL                        : 
    insert 
    into
        expense
        (aia, allowancesForParents, breakfast, criticare, date, debt, dinner, eatingOut, entertainment, groceries, haircut, holiday, incomeTax, internet, lunch, medical, mobilePhone, mortgage, others, privateTransport, propertyTax, publicTransport, shopping, sports, tech, termProtector, utilities) 
    values
        (?, ?, ?, ?, ?, ?, ?, ?, ?, ?, ?, ?, ?, ?, ?, ?, ?, ?, ?, ?, ?, ?, ?, ?, ?, ?, ?)
2026-06-01T20:33:30.085+08:00 DEBUG 31280 --- [pfms] [restartedMain] o.s.orm.jpa.JpaTransactionManager        : Initiating transaction commit
2026-06-01T20:33:30.085+08:00 DEBUG 31280 --- [pfms] [restartedMain] o.s.orm.jpa.JpaTransactionManager        : Committing JPA transaction on EntityManager [SessionImpl(1204446031<open>)]
2026-06-01T20:33:30.086+08:00 DEBUG 31280 --- [pfms] [restartedMain] o.s.orm.jpa.JpaTransactionManager        : Closing JPA EntityManager after transaction
2026-06-01T20:33:30.086+08:00 DEBUG 31280 --- [pfms] [restartedMain] o.s.orm.jpa.JpaTransactionManager        : Creating new transaction with name [org.springframework.data.jpa.repository.support.SimpleJpaRepository.save]: PROPAGATION_REQUIRED,ISOLATION_DEFAULT
2026-06-01T20:33:30.086+08:00 DEBUG 31280 --- [pfms] [restartedMain] o.s.orm.jpa.JpaTransactionManager        : Opened new EntityManager [SessionImpl(702180284<open>)] for JPA transaction
2026-06-01T20:33:30.086+08:00 DEBUG 31280 --- [pfms] [restartedMain] o.s.orm.jpa.JpaTransactionManager        : Exposing JPA transaction as JDBC [org.springframework.orm.jpa.vendor.HibernateJpaDialect$HibernateConnectionHandle@4f5b5b08]
2026-06-01T20:33:30.087+08:00 DEBUG 31280 --- [pfms] [restartedMain] org.hibernate.SQL                        : 
    insert 
    into
        expense
        (aia, allowancesForParents, breakfast, criticare, date, debt, dinner, eatingOut, entertainment, groceries, haircut, holiday, incomeTax, internet, lunch, medical, mobilePhone, mortgage, others, privateTransport, propertyTax, publicTransport, shopping, sports, tech, termProtector, utilities) 
    values
        (?, ?, ?, ?, ?, ?, ?, ?, ?, ?, ?, ?, ?, ?, ?, ?, ?, ?, ?, ?, ?, ?, ?, ?, ?, ?, ?)
2026-06-01T20:33:30.089+08:00 DEBUG 31280 --- [pfms] [restartedMain] o.s.orm.jpa.JpaTransactionManager        : Initiating transaction commit
2026-06-01T20:33:30.089+08:00 DEBUG 31280 --- [pfms] [restartedMain] o.s.orm.jpa.JpaTransactionManager        : Committing JPA transaction on EntityManager [SessionImpl(702180284<open>)]
2026-06-01T20:33:30.090+08:00 DEBUG 31280 --- [pfms] [restartedMain] o.s.orm.jpa.JpaTransactionManager        : Closing JPA EntityManager after transaction
2026-06-01T20:33:30.090+08:00 DEBUG 31280 --- [pfms] [restartedMain] o.s.orm.jpa.JpaTransactionManager        : Creating new transaction with name [org.springframework.data.jpa.repository.support.SimpleJpaRepository.save]: PROPAGATION_REQUIRED,ISOLATION_DEFAULT
2026-06-01T20:33:30.090+08:00 DEBUG 31280 --- [pfms] [restartedMain] o.s.orm.jpa.JpaTransactionManager        : Opened new EntityManager [SessionImpl(1083516882<open>)] for JPA transaction
2026-06-01T20:33:30.091+08:00 DEBUG 31280 --- [pfms] [restartedMain] o.s.orm.jpa.JpaTransactionManager        : Exposing JPA transaction as JDBC [org.springframework.orm.jpa.vendor.HibernateJpaDialect$HibernateConnectionHandle@5583a7d3]
2026-06-01T20:33:30.091+08:00 DEBUG 31280 --- [pfms] [restartedMain] org.hibernate.SQL                        : 
    insert 
    into
        expense
        (aia, allowancesForParents, breakfast, criticare, date, debt, dinner, eatingOut, entertainment, groceries, haircut, holiday, incomeTax, internet, lunch, medical, mobilePhone, mortgage, others, privateTransport, propertyTax, publicTransport, shopping, sports, tech, termProtector, utilities) 
    values
        (?, ?, ?, ?, ?, ?, ?, ?, ?, ?, ?, ?, ?, ?, ?, ?, ?, ?, ?, ?, ?, ?, ?, ?, ?, ?, ?)
2026-06-01T20:33:30.092+08:00 DEBUG 31280 --- [pfms] [restartedMain] o.s.orm.jpa.JpaTransactionManager        : Initiating transaction commit
2026-06-01T20:33:30.092+08:00 DEBUG 31280 --- [pfms] [restartedMain] o.s.orm.jpa.JpaTransactionManager        : Committing JPA transaction on EntityManager [SessionImpl(1083516882<open>)]
2026-06-01T20:33:30.093+08:00 DEBUG 31280 --- [pfms] [restartedMain] o.s.orm.jpa.JpaTransactionManager        : Closing JPA EntityManager after transaction
2026-06-01T20:33:30.093+08:00 DEBUG 31280 --- [pfms] [restartedMain] o.s.orm.jpa.JpaTransactionManager        : Creating new transaction with name [org.springframework.data.jpa.repository.support.SimpleJpaRepository.save]: PROPAGATION_REQUIRED,ISOLATION_DEFAULT
2026-06-01T20:33:30.094+08:00 DEBUG 31280 --- [pfms] [restartedMain] o.s.orm.jpa.JpaTransactionManager        : Opened new EntityManager [SessionImpl(304651513<open>)] for JPA transaction
2026-06-01T20:33:30.094+08:00 DEBUG 31280 --- [pfms] [restartedMain] o.s.orm.jpa.JpaTransactionManager        : Exposing JPA transaction as JDBC [org.springframework.orm.jpa.vendor.HibernateJpaDialect$HibernateConnectionHandle@5add0c50]
2026-06-01T20:33:30.094+08:00 DEBUG 31280 --- [pfms] [restartedMain] org.hibernate.SQL                        : 
    insert 
    into
        expense
        (aia, allowancesForParents, breakfast, criticare, date, debt, dinner, eatingOut, entertainment, groceries, haircut, holiday, incomeTax, internet, lunch, medical, mobilePhone, mortgage, others, privateTransport, propertyTax, publicTransport, shopping, sports, tech, termProtector, utilities) 
    values
        (?, ?, ?, ?, ?, ?, ?, ?, ?, ?, ?, ?, ?, ?, ?, ?, ?, ?, ?, ?, ?, ?, ?, ?, ?, ?, ?)
2026-06-01T20:33:30.095+08:00 DEBUG 31280 --- [pfms] [restartedMain] o.s.orm.jpa.JpaTransactionManager        : Initiating transaction commit
2026-06-01T20:33:30.096+08:00 DEBUG 31280 --- [pfms] [restartedMain] o.s.orm.jpa.JpaTransactionManager        : Committing JPA transaction on EntityManager [SessionImpl(304651513<open>)]
2026-06-01T20:33:30.096+08:00 DEBUG 31280 --- [pfms] [restartedMain] o.s.orm.jpa.JpaTransactionManager        : Closing JPA EntityManager after transaction
2026-06-01T20:33:30.097+08:00 DEBUG 31280 --- [pfms] [restartedMain] o.s.orm.jpa.JpaTransactionManager        : Creating new transaction with name [org.springframework.data.jpa.repository.support.SimpleJpaRepository.save]: PROPAGATION_REQUIRED,ISOLATION_DEFAULT
2026-06-01T20:33:30.097+08:00 DEBUG 31280 --- [pfms] [restartedMain] o.s.orm.jpa.JpaTransactionManager        : Opened new EntityManager [SessionImpl(1081124959<open>)] for JPA transaction
2026-06-01T20:33:30.097+08:00 DEBUG 31280 --- [pfms] [restartedMain] o.s.orm.jpa.JpaTransactionManager        : Exposing JPA transaction as JDBC [org.springframework.orm.jpa.vendor.HibernateJpaDialect$HibernateConnectionHandle@72fd938d]
2026-06-01T20:33:30.097+08:00 DEBUG 31280 --- [pfms] [restartedMain] org.hibernate.SQL                        : 
    insert 
    into
        expense
        (aia, allowancesForParents, breakfast, criticare, date, debt, dinner, eatingOut, entertainment, groceries, haircut, holiday, incomeTax, internet, lunch, medical, mobilePhone, mortgage, others, privateTransport, propertyTax, publicTransport, shopping, sports, tech, termProtector, utilities) 
    values
        (?, ?, ?, ?, ?, ?, ?, ?, ?, ?, ?, ?, ?, ?, ?, ?, ?, ?, ?, ?, ?, ?, ?, ?, ?, ?, ?)
2026-06-01T20:33:30.099+08:00 DEBUG 31280 --- [pfms] [restartedMain] o.s.orm.jpa.JpaTransactionManager        : Initiating transaction commit
2026-06-01T20:33:30.099+08:00 DEBUG 31280 --- [pfms] [restartedMain] o.s.orm.jpa.JpaTransactionManager        : Committing JPA transaction on EntityManager [SessionImpl(1081124959<open>)]
2026-06-01T20:33:30.099+08:00 DEBUG 31280 --- [pfms] [restartedMain] o.s.orm.jpa.JpaTransactionManager        : Closing JPA EntityManager after transaction
2026-06-01T20:33:30.099+08:00 DEBUG 31280 --- [pfms] [restartedMain] o.s.orm.jpa.JpaTransactionManager        : Creating new transaction with name [org.springframework.data.jpa.repository.support.SimpleJpaRepository.save]: PROPAGATION_REQUIRED,ISOLATION_DEFAULT
2026-06-01T20:33:30.100+08:00 DEBUG 31280 --- [pfms] [restartedMain] o.s.orm.jpa.JpaTransactionManager        : Opened new EntityManager [SessionImpl(1289851267<open>)] for JPA transaction
2026-06-01T20:33:30.100+08:00 DEBUG 31280 --- [pfms] [restartedMain] o.s.orm.jpa.JpaTransactionManager        : Exposing JPA transaction as JDBC [org.springframework.orm.jpa.vendor.HibernateJpaDialect$HibernateConnectionHandle@521e1269]
2026-06-01T20:33:30.100+08:00 DEBUG 31280 --- [pfms] [restartedMain] org.hibernate.SQL                        : 
    insert 
    into
        expense
        (aia, allowancesForParents, breakfast, criticare, date, debt, dinner, eatingOut, entertainment, groceries, haircut, holiday, incomeTax, internet, lunch, medical, mobilePhone, mortgage, others, privateTransport, propertyTax, publicTransport, shopping, sports, tech, termProtector, utilities) 
    values
        (?, ?, ?, ?, ?, ?, ?, ?, ?, ?, ?, ?, ?, ?, ?, ?, ?, ?, ?, ?, ?, ?, ?, ?, ?, ?, ?)
2026-06-01T20:33:30.102+08:00 DEBUG 31280 --- [pfms] [restartedMain] o.s.orm.jpa.JpaTransactionManager        : Initiating transaction commit
2026-06-01T20:33:30.102+08:00 DEBUG 31280 --- [pfms] [restartedMain] o.s.orm.jpa.JpaTransactionManager        : Committing JPA transaction on EntityManager [SessionImpl(1289851267<open>)]
2026-06-01T20:33:30.102+08:00 DEBUG 31280 --- [pfms] [restartedMain] o.s.orm.jpa.JpaTransactionManager        : Closing JPA EntityManager after transaction
2026-06-01T20:33:30.103+08:00 DEBUG 31280 --- [pfms] [restartedMain] o.s.orm.jpa.JpaTransactionManager        : Creating new transaction with name [org.springframework.data.jpa.repository.support.SimpleJpaRepository.save]: PROPAGATION_REQUIRED,ISOLATION_DEFAULT
2026-06-01T20:33:30.103+08:00 DEBUG 31280 --- [pfms] [restartedMain] o.s.orm.jpa.JpaTransactionManager        : Opened new EntityManager [SessionImpl(808941295<open>)] for JPA transaction
2026-06-01T20:33:30.103+08:00 DEBUG 31280 --- [pfms] [restartedMain] o.s.orm.jpa.JpaTransactionManager        : Exposing JPA transaction as JDBC [org.springframework.orm.jpa.vendor.HibernateJpaDialect$HibernateConnectionHandle@1218b7da]
2026-06-01T20:33:30.104+08:00 DEBUG 31280 --- [pfms] [restartedMain] org.hibernate.SQL                        : 
    insert 
    into
        expense
        (aia, allowancesForParents, breakfast, criticare, date, debt, dinner, eatingOut, entertainment, groceries, haircut, holiday, incomeTax, internet, lunch, medical, mobilePhone, mortgage, others, privateTransport, propertyTax, publicTransport, shopping, sports, tech, termProtector, utilities) 
    values
        (?, ?, ?, ?, ?, ?, ?, ?, ?, ?, ?, ?, ?, ?, ?, ?, ?, ?, ?, ?, ?, ?, ?, ?, ?, ?, ?)
2026-06-01T20:33:30.105+08:00 DEBUG 31280 --- [pfms] [restartedMain] o.s.orm.jpa.JpaTransactionManager        : Initiating transaction commit
2026-06-01T20:33:30.106+08:00 DEBUG 31280 --- [pfms] [restartedMain] o.s.orm.jpa.JpaTransactionManager        : Committing JPA transaction on EntityManager [SessionImpl(808941295<open>)]
2026-06-01T20:33:30.106+08:00 DEBUG 31280 --- [pfms] [restartedMain] o.s.orm.jpa.JpaTransactionManager        : Closing JPA EntityManager after transaction
2026-06-01T20:33:30.107+08:00 DEBUG 31280 --- [pfms] [restartedMain] o.s.orm.jpa.JpaTransactionManager        : Creating new transaction with name [org.springframework.data.jpa.repository.support.SimpleJpaRepository.save]: PROPAGATION_REQUIRED,ISOLATION_DEFAULT
2026-06-01T20:33:30.107+08:00 DEBUG 31280 --- [pfms] [restartedMain] o.s.orm.jpa.JpaTransactionManager        : Opened new EntityManager [SessionImpl(1329532355<open>)] for JPA transaction
2026-06-01T20:33:30.112+08:00 DEBUG 31280 --- [pfms] [restartedMain] o.s.orm.jpa.JpaTransactionManager        : Exposing JPA transaction as JDBC [org.springframework.orm.jpa.vendor.HibernateJpaDialect$HibernateConnectionHandle@184ec599]
2026-06-01T20:33:30.113+08:00 DEBUG 31280 --- [pfms] [restartedMain] org.hibernate.SQL                        : 
    insert 
    into
        expense
        (aia, allowancesForParents, breakfast, criticare, date, debt, dinner, eatingOut, entertainment, groceries, haircut, holiday, incomeTax, internet, lunch, medical, mobilePhone, mortgage, others, privateTransport, propertyTax, publicTransport, shopping, sports, tech, termProtector, utilities) 
    values
        (?, ?, ?, ?, ?, ?, ?, ?, ?, ?, ?, ?, ?, ?, ?, ?, ?, ?, ?, ?, ?, ?, ?, ?, ?, ?, ?)
2026-06-01T20:33:30.114+08:00 DEBUG 31280 --- [pfms] [restartedMain] o.s.orm.jpa.JpaTransactionManager        : Initiating transaction commit
2026-06-01T20:33:30.115+08:00 DEBUG 31280 --- [pfms] [restartedMain] o.s.orm.jpa.JpaTransactionManager        : Committing JPA transaction on EntityManager [SessionImpl(1329532355<open>)]
2026-06-01T20:33:30.115+08:00 DEBUG 31280 --- [pfms] [restartedMain] o.s.orm.jpa.JpaTransactionManager        : Closing JPA EntityManager after transaction
2026-06-01T20:33:30.116+08:00 DEBUG 31280 --- [pfms] [restartedMain] o.s.orm.jpa.JpaTransactionManager        : Creating new transaction with name [org.springframework.data.jpa.repository.support.SimpleJpaRepository.save]: PROPAGATION_REQUIRED,ISOLATION_DEFAULT
2026-06-01T20:33:30.117+08:00 DEBUG 31280 --- [pfms] [restartedMain] o.s.orm.jpa.JpaTransactionManager        : Opened new EntityManager [SessionImpl(1097976933<open>)] for JPA transaction
2026-06-01T20:33:30.117+08:00 DEBUG 31280 --- [pfms] [restartedMain] o.s.orm.jpa.JpaTransactionManager        : Exposing JPA transaction as JDBC [org.springframework.orm.jpa.vendor.HibernateJpaDialect$HibernateConnectionHandle@2ffdabdf]
2026-06-01T20:33:30.118+08:00 DEBUG 31280 --- [pfms] [restartedMain] org.hibernate.SQL                        : 
    insert 
    into
        expense
        (aia, allowancesForParents, breakfast, criticare, date, debt, dinner, eatingOut, entertainment, groceries, haircut, holiday, incomeTax, internet, lunch, medical, mobilePhone, mortgage, others, privateTransport, propertyTax, publicTransport, shopping, sports, tech, termProtector, utilities) 
    values
        (?, ?, ?, ?, ?, ?, ?, ?, ?, ?, ?, ?, ?, ?, ?, ?, ?, ?, ?, ?, ?, ?, ?, ?, ?, ?, ?)
2026-06-01T20:33:30.120+08:00 DEBUG 31280 --- [pfms] [restartedMain] o.s.orm.jpa.JpaTransactionManager        : Initiating transaction commit
2026-06-01T20:33:30.120+08:00 DEBUG 31280 --- [pfms] [restartedMain] o.s.orm.jpa.JpaTransactionManager        : Committing JPA transaction on EntityManager [SessionImpl(1097976933<open>)]
2026-06-01T20:33:30.121+08:00 DEBUG 31280 --- [pfms] [restartedMain] o.s.orm.jpa.JpaTransactionManager        : Closing JPA EntityManager after transaction
2026-06-01T20:33:30.121+08:00 DEBUG 31280 --- [pfms] [restartedMain] o.s.orm.jpa.JpaTransactionManager        : Creating new transaction with name [org.springframework.data.jpa.repository.support.SimpleJpaRepository.save]: PROPAGATION_REQUIRED,ISOLATION_DEFAULT
2026-06-01T20:33:30.122+08:00 DEBUG 31280 --- [pfms] [restartedMain] o.s.orm.jpa.JpaTransactionManager        : Opened new EntityManager [SessionImpl(1317399040<open>)] for JPA transaction
2026-06-01T20:33:30.122+08:00 DEBUG 31280 --- [pfms] [restartedMain] o.s.orm.jpa.JpaTransactionManager        : Exposing JPA transaction as JDBC [org.springframework.orm.jpa.vendor.HibernateJpaDialect$HibernateConnectionHandle@c64035c]
2026-06-01T20:33:30.122+08:00 DEBUG 31280 --- [pfms] [restartedMain] org.hibernate.SQL                        : 
    insert 
    into
        expense
        (aia, allowancesForParents, breakfast, criticare, date, debt, dinner, eatingOut, entertainment, groceries, haircut, holiday, incomeTax, internet, lunch, medical, mobilePhone, mortgage, others, privateTransport, propertyTax, publicTransport, shopping, sports, tech, termProtector, utilities) 
    values
        (?, ?, ?, ?, ?, ?, ?, ?, ?, ?, ?, ?, ?, ?, ?, ?, ?, ?, ?, ?, ?, ?, ?, ?, ?, ?, ?)
2026-06-01T20:33:30.124+08:00 DEBUG 31280 --- [pfms] [restartedMain] o.s.orm.jpa.JpaTransactionManager        : Initiating transaction commit
2026-06-01T20:33:30.124+08:00 DEBUG 31280 --- [pfms] [restartedMain] o.s.orm.jpa.JpaTransactionManager        : Committing JPA transaction on EntityManager [SessionImpl(1317399040<open>)]
2026-06-01T20:33:30.125+08:00 DEBUG 31280 --- [pfms] [restartedMain] o.s.orm.jpa.JpaTransactionManager        : Closing JPA EntityManager after transaction
2026-06-01T20:33:30.126+08:00 DEBUG 31280 --- [pfms] [restartedMain] o.s.orm.jpa.JpaTransactionManager        : Creating new transaction with name [org.springframework.data.jpa.repository.support.SimpleJpaRepository.save]: PROPAGATION_REQUIRED,ISOLATION_DEFAULT
2026-06-01T20:33:30.126+08:00 DEBUG 31280 --- [pfms] [restartedMain] o.s.orm.jpa.JpaTransactionManager        : Opened new EntityManager [SessionImpl(1386069239<open>)] for JPA transaction
2026-06-01T20:33:30.126+08:00 DEBUG 31280 --- [pfms] [restartedMain] o.s.orm.jpa.JpaTransactionManager        : Exposing JPA transaction as JDBC [org.springframework.orm.jpa.vendor.HibernateJpaDialect$HibernateConnectionHandle@7e4f2b1b]
2026-06-01T20:33:30.127+08:00 DEBUG 31280 --- [pfms] [restartedMain] org.hibernate.SQL                        : 
    insert 
    into
        expense
        (aia, allowancesForParents, breakfast, criticare, date, debt, dinner, eatingOut, entertainment, groceries, haircut, holiday, incomeTax, internet, lunch, medical, mobilePhone, mortgage, others, privateTransport, propertyTax, publicTransport, shopping, sports, tech, termProtector, utilities) 
    values
        (?, ?, ?, ?, ?, ?, ?, ?, ?, ?, ?, ?, ?, ?, ?, ?, ?, ?, ?, ?, ?, ?, ?, ?, ?, ?, ?)
2026-06-01T20:33:30.128+08:00 DEBUG 31280 --- [pfms] [restartedMain] o.s.orm.jpa.JpaTransactionManager        : Initiating transaction commit
2026-06-01T20:33:30.128+08:00 DEBUG 31280 --- [pfms] [restartedMain] o.s.orm.jpa.JpaTransactionManager        : Committing JPA transaction on EntityManager [SessionImpl(1386069239<open>)]
2026-06-01T20:33:30.129+08:00 DEBUG 31280 --- [pfms] [restartedMain] o.s.orm.jpa.JpaTransactionManager        : Closing JPA EntityManager after transaction
2026-06-01T20:33:30.130+08:00 DEBUG 31280 --- [pfms] [restartedMain] o.s.orm.jpa.JpaTransactionManager        : Creating new transaction with name [org.springframework.data.jpa.repository.support.SimpleJpaRepository.save]: PROPAGATION_REQUIRED,ISOLATION_DEFAULT
2026-06-01T20:33:30.130+08:00 DEBUG 31280 --- [pfms] [restartedMain] o.s.orm.jpa.JpaTransactionManager        : Opened new EntityManager [SessionImpl(1731054461<open>)] for JPA transaction
2026-06-01T20:33:30.130+08:00 DEBUG 31280 --- [pfms] [restartedMain] o.s.orm.jpa.JpaTransactionManager        : Exposing JPA transaction as JDBC [org.springframework.orm.jpa.vendor.HibernateJpaDialect$HibernateConnectionHandle@60bd2370]
2026-06-01T20:33:30.130+08:00 DEBUG 31280 --- [pfms] [restartedMain] org.hibernate.SQL                        : 
    insert 
    into
        expense
        (aia, allowancesForParents, breakfast, criticare, date, debt, dinner, eatingOut, entertainment, groceries, haircut, holiday, incomeTax, internet, lunch, medical, mobilePhone, mortgage, others, privateTransport, propertyTax, publicTransport, shopping, sports, tech, termProtector, utilities) 
    values
        (?, ?, ?, ?, ?, ?, ?, ?, ?, ?, ?, ?, ?, ?, ?, ?, ?, ?, ?, ?, ?, ?, ?, ?, ?, ?, ?)
2026-06-01T20:33:30.133+08:00 DEBUG 31280 --- [pfms] [restartedMain] o.s.orm.jpa.JpaTransactionManager        : Initiating transaction commit
2026-06-01T20:33:30.133+08:00 DEBUG 31280 --- [pfms] [restartedMain] o.s.orm.jpa.JpaTransactionManager        : Committing JPA transaction on EntityManager [SessionImpl(1731054461<open>)]
2026-06-01T20:33:30.134+08:00 DEBUG 31280 --- [pfms] [restartedMain] o.s.orm.jpa.JpaTransactionManager        : Closing JPA EntityManager after transaction
2026-06-01T20:33:30.134+08:00 DEBUG 31280 --- [pfms] [restartedMain] o.s.orm.jpa.JpaTransactionManager        : Creating new transaction with name [org.springframework.data.jpa.repository.support.SimpleJpaRepository.save]: PROPAGATION_REQUIRED,ISOLATION_DEFAULT
2026-06-01T20:33:30.135+08:00 DEBUG 31280 --- [pfms] [restartedMain] o.s.orm.jpa.JpaTransactionManager        : Opened new EntityManager [SessionImpl(2025076205<open>)] for JPA transaction
2026-06-01T20:33:30.135+08:00 DEBUG 31280 --- [pfms] [restartedMain] o.s.orm.jpa.JpaTransactionManager        : Exposing JPA transaction as JDBC [org.springframework.orm.jpa.vendor.HibernateJpaDialect$HibernateConnectionHandle@711b2f28]
2026-06-01T20:33:30.136+08:00 DEBUG 31280 --- [pfms] [restartedMain] org.hibernate.SQL                        : 
    insert 
    into
        expense
        (aia, allowancesForParents, breakfast, criticare, date, debt, dinner, eatingOut, entertainment, groceries, haircut, holiday, incomeTax, internet, lunch, medical, mobilePhone, mortgage, others, privateTransport, propertyTax, publicTransport, shopping, sports, tech, termProtector, utilities) 
    values
        (?, ?, ?, ?, ?, ?, ?, ?, ?, ?, ?, ?, ?, ?, ?, ?, ?, ?, ?, ?, ?, ?, ?, ?, ?, ?, ?)
2026-06-01T20:33:30.138+08:00 DEBUG 31280 --- [pfms] [restartedMain] o.s.orm.jpa.JpaTransactionManager        : Initiating transaction commit
2026-06-01T20:33:30.138+08:00 DEBUG 31280 --- [pfms] [restartedMain] o.s.orm.jpa.JpaTransactionManager        : Committing JPA transaction on EntityManager [SessionImpl(2025076205<open>)]
2026-06-01T20:33:30.139+08:00 DEBUG 31280 --- [pfms] [restartedMain] o.s.orm.jpa.JpaTransactionManager        : Closing JPA EntityManager after transaction
2026-06-01T20:33:30.140+08:00 DEBUG 31280 --- [pfms] [restartedMain] o.s.orm.jpa.JpaTransactionManager        : Creating new transaction with name [org.springframework.data.jpa.repository.support.SimpleJpaRepository.save]: PROPAGATION_REQUIRED,ISOLATION_DEFAULT
2026-06-01T20:33:30.140+08:00 DEBUG 31280 --- [pfms] [restartedMain] o.s.orm.jpa.JpaTransactionManager        : Opened new EntityManager [SessionImpl(955325842<open>)] for JPA transaction
2026-06-01T20:33:30.140+08:00 DEBUG 31280 --- [pfms] [restartedMain] o.s.orm.jpa.JpaTransactionManager        : Exposing JPA transaction as JDBC [org.springframework.orm.jpa.vendor.HibernateJpaDialect$HibernateConnectionHandle@10bb17cb]
2026-06-01T20:33:30.142+08:00 DEBUG 31280 --- [pfms] [restartedMain] org.hibernate.SQL                        : 
    insert 
    into
        expense
        (aia, allowancesForParents, breakfast, criticare, date, debt, dinner, eatingOut, entertainment, groceries, haircut, holiday, incomeTax, internet, lunch, medical, mobilePhone, mortgage, others, privateTransport, propertyTax, publicTransport, shopping, sports, tech, termProtector, utilities) 
    values
        (?, ?, ?, ?, ?, ?, ?, ?, ?, ?, ?, ?, ?, ?, ?, ?, ?, ?, ?, ?, ?, ?, ?, ?, ?, ?, ?)
2026-06-01T20:33:30.144+08:00 DEBUG 31280 --- [pfms] [restartedMain] o.s.orm.jpa.JpaTransactionManager        : Initiating transaction commit
2026-06-01T20:33:30.144+08:00 DEBUG 31280 --- [pfms] [restartedMain] o.s.orm.jpa.JpaTransactionManager        : Committing JPA transaction on EntityManager [SessionImpl(955325842<open>)]
2026-06-01T20:33:30.145+08:00 DEBUG 31280 --- [pfms] [restartedMain] o.s.orm.jpa.JpaTransactionManager        : Closing JPA EntityManager after transaction
2026-06-01T20:33:30.145+08:00 DEBUG 31280 --- [pfms] [restartedMain] o.s.orm.jpa.JpaTransactionManager        : Creating new transaction with name [org.springframework.data.jpa.repository.support.SimpleJpaRepository.save]: PROPAGATION_REQUIRED,ISOLATION_DEFAULT
2026-06-01T20:33:30.146+08:00 DEBUG 31280 --- [pfms] [restartedMain] o.s.orm.jpa.JpaTransactionManager        : Opened new EntityManager [SessionImpl(583483765<open>)] for JPA transaction
2026-06-01T20:33:30.146+08:00 DEBUG 31280 --- [pfms] [restartedMain] o.s.orm.jpa.JpaTransactionManager        : Exposing JPA transaction as JDBC [org.springframework.orm.jpa.vendor.HibernateJpaDialect$HibernateConnectionHandle@6a0a1fa9]
2026-06-01T20:33:30.146+08:00 DEBUG 31280 --- [pfms] [restartedMain] org.hibernate.SQL                        : 
    insert 
    into
        expense
        (aia, allowancesForParents, breakfast, criticare, date, debt, dinner, eatingOut, entertainment, groceries, haircut, holiday, incomeTax, internet, lunch, medical, mobilePhone, mortgage, others, privateTransport, propertyTax, publicTransport, shopping, sports, tech, termProtector, utilities) 
    values
        (?, ?, ?, ?, ?, ?, ?, ?, ?, ?, ?, ?, ?, ?, ?, ?, ?, ?, ?, ?, ?, ?, ?, ?, ?, ?, ?)
2026-06-01T20:33:30.148+08:00 DEBUG 31280 --- [pfms] [restartedMain] o.s.orm.jpa.JpaTransactionManager        : Initiating transaction commit
2026-06-01T20:33:30.148+08:00 DEBUG 31280 --- [pfms] [restartedMain] o.s.orm.jpa.JpaTransactionManager        : Committing JPA transaction on EntityManager [SessionImpl(583483765<open>)]
2026-06-01T20:33:30.149+08:00 DEBUG 31280 --- [pfms] [restartedMain] o.s.orm.jpa.JpaTransactionManager        : Closing JPA EntityManager after transaction
2026-06-01T20:33:30.149+08:00 DEBUG 31280 --- [pfms] [restartedMain] o.s.orm.jpa.JpaTransactionManager        : Creating new transaction with name [org.springframework.data.jpa.repository.support.SimpleJpaRepository.save]: PROPAGATION_REQUIRED,ISOLATION_DEFAULT
2026-06-01T20:33:30.149+08:00 DEBUG 31280 --- [pfms] [restartedMain] o.s.orm.jpa.JpaTransactionManager        : Opened new EntityManager [SessionImpl(249339987<open>)] for JPA transaction
2026-06-01T20:33:30.150+08:00 DEBUG 31280 --- [pfms] [restartedMain] o.s.orm.jpa.JpaTransactionManager        : Exposing JPA transaction as JDBC [org.springframework.orm.jpa.vendor.HibernateJpaDialect$HibernateConnectionHandle@34111176]
2026-06-01T20:33:30.150+08:00 DEBUG 31280 --- [pfms] [restartedMain] org.hibernate.SQL                        : 
    insert 
    into
        expense
        (aia, allowancesForParents, breakfast, criticare, date, debt, dinner, eatingOut, entertainment, groceries, haircut, holiday, incomeTax, internet, lunch, medical, mobilePhone, mortgage, others, privateTransport, propertyTax, publicTransport, shopping, sports, tech, termProtector, utilities) 
    values
        (?, ?, ?, ?, ?, ?, ?, ?, ?, ?, ?, ?, ?, ?, ?, ?, ?, ?, ?, ?, ?, ?, ?, ?, ?, ?, ?)
2026-06-01T20:33:30.152+08:00 DEBUG 31280 --- [pfms] [restartedMain] o.s.orm.jpa.JpaTransactionManager        : Initiating transaction commit
2026-06-01T20:33:30.152+08:00 DEBUG 31280 --- [pfms] [restartedMain] o.s.orm.jpa.JpaTransactionManager        : Committing JPA transaction on EntityManager [SessionImpl(249339987<open>)]
2026-06-01T20:33:30.152+08:00 DEBUG 31280 --- [pfms] [restartedMain] o.s.orm.jpa.JpaTransactionManager        : Closing JPA EntityManager after transaction
2026-06-01T20:33:30.152+08:00 DEBUG 31280 --- [pfms] [restartedMain] o.s.orm.jpa.JpaTransactionManager        : Creating new transaction with name [org.springframework.data.jpa.repository.support.SimpleJpaRepository.save]: PROPAGATION_REQUIRED,ISOLATION_DEFAULT
2026-06-01T20:33:30.153+08:00 DEBUG 31280 --- [pfms] [restartedMain] o.s.orm.jpa.JpaTransactionManager        : Opened new EntityManager [SessionImpl(595296770<open>)] for JPA transaction
2026-06-01T20:33:30.153+08:00 DEBUG 31280 --- [pfms] [restartedMain] o.s.orm.jpa.JpaTransactionManager        : Exposing JPA transaction as JDBC [org.springframework.orm.jpa.vendor.HibernateJpaDialect$HibernateConnectionHandle@1fddbdba]
2026-06-01T20:33:30.153+08:00 DEBUG 31280 --- [pfms] [restartedMain] org.hibernate.SQL                        : 
    insert 
    into
        expense
        (aia, allowancesForParents, breakfast, criticare, date, debt, dinner, eatingOut, entertainment, groceries, haircut, holiday, incomeTax, internet, lunch, medical, mobilePhone, mortgage, others, privateTransport, propertyTax, publicTransport, shopping, sports, tech, termProtector, utilities) 
    values
        (?, ?, ?, ?, ?, ?, ?, ?, ?, ?, ?, ?, ?, ?, ?, ?, ?, ?, ?, ?, ?, ?, ?, ?, ?, ?, ?)
2026-06-01T20:33:30.155+08:00 DEBUG 31280 --- [pfms] [restartedMain] o.s.orm.jpa.JpaTransactionManager        : Initiating transaction commit
2026-06-01T20:33:30.156+08:00 DEBUG 31280 --- [pfms] [restartedMain] o.s.orm.jpa.JpaTransactionManager        : Committing JPA transaction on EntityManager [SessionImpl(595296770<open>)]
2026-06-01T20:33:30.157+08:00 DEBUG 31280 --- [pfms] [restartedMain] o.s.orm.jpa.JpaTransactionManager        : Closing JPA EntityManager after transaction
2026-06-01T20:33:30.157+08:00 DEBUG 31280 --- [pfms] [restartedMain] o.s.orm.jpa.JpaTransactionManager        : Creating new transaction with name [org.springframework.data.jpa.repository.support.SimpleJpaRepository.save]: PROPAGATION_REQUIRED,ISOLATION_DEFAULT
2026-06-01T20:33:30.158+08:00 DEBUG 31280 --- [pfms] [restartedMain] o.s.orm.jpa.JpaTransactionManager        : Opened new EntityManager [SessionImpl(617490218<open>)] for JPA transaction
2026-06-01T20:33:30.158+08:00 DEBUG 31280 --- [pfms] [restartedMain] o.s.orm.jpa.JpaTransactionManager        : Exposing JPA transaction as JDBC [org.springframework.orm.jpa.vendor.HibernateJpaDialect$HibernateConnectionHandle@560c6e64]
2026-06-01T20:33:30.159+08:00 DEBUG 31280 --- [pfms] [restartedMain] org.hibernate.SQL                        : 
    insert 
    into
        expense
        (aia, allowancesForParents, breakfast, criticare, date, debt, dinner, eatingOut, entertainment, groceries, haircut, holiday, incomeTax, internet, lunch, medical, mobilePhone, mortgage, others, privateTransport, propertyTax, publicTransport, shopping, sports, tech, termProtector, utilities) 
    values
        (?, ?, ?, ?, ?, ?, ?, ?, ?, ?, ?, ?, ?, ?, ?, ?, ?, ?, ?, ?, ?, ?, ?, ?, ?, ?, ?)
2026-06-01T20:33:30.160+08:00 DEBUG 31280 --- [pfms] [restartedMain] o.s.orm.jpa.JpaTransactionManager        : Initiating transaction commit
2026-06-01T20:33:30.160+08:00 DEBUG 31280 --- [pfms] [restartedMain] o.s.orm.jpa.JpaTransactionManager        : Committing JPA transaction on EntityManager [SessionImpl(617490218<open>)]
2026-06-01T20:33:30.162+08:00 DEBUG 31280 --- [pfms] [restartedMain] o.s.orm.jpa.JpaTransactionManager        : Closing JPA EntityManager after transaction
2026-06-01T20:33:30.162+08:00 DEBUG 31280 --- [pfms] [restartedMain] o.s.orm.jpa.JpaTransactionManager        : Creating new transaction with name [org.springframework.data.jpa.repository.support.SimpleJpaRepository.save]: PROPAGATION_REQUIRED,ISOLATION_DEFAULT
2026-06-01T20:33:30.163+08:00 DEBUG 31280 --- [pfms] [restartedMain] o.s.orm.jpa.JpaTransactionManager        : Opened new EntityManager [SessionImpl(1247617982<open>)] for JPA transaction
2026-06-01T20:33:30.163+08:00 DEBUG 31280 --- [pfms] [restartedMain] o.s.orm.jpa.JpaTransactionManager        : Exposing JPA transaction as JDBC [org.springframework.orm.jpa.vendor.HibernateJpaDialect$HibernateConnectionHandle@7f171bdf]
2026-06-01T20:33:30.164+08:00 DEBUG 31280 --- [pfms] [restartedMain] org.hibernate.SQL                        : 
    insert 
    into
        expense
        (aia, allowancesForParents, breakfast, criticare, date, debt, dinner, eatingOut, entertainment, groceries, haircut, holiday, incomeTax, internet, lunch, medical, mobilePhone, mortgage, others, privateTransport, propertyTax, publicTransport, shopping, sports, tech, termProtector, utilities) 
    values
        (?, ?, ?, ?, ?, ?, ?, ?, ?, ?, ?, ?, ?, ?, ?, ?, ?, ?, ?, ?, ?, ?, ?, ?, ?, ?, ?)
2026-06-01T20:33:30.165+08:00 DEBUG 31280 --- [pfms] [restartedMain] o.s.orm.jpa.JpaTransactionManager        : Initiating transaction commit
2026-06-01T20:33:30.165+08:00 DEBUG 31280 --- [pfms] [restartedMain] o.s.orm.jpa.JpaTransactionManager        : Committing JPA transaction on EntityManager [SessionImpl(1247617982<open>)]
2026-06-01T20:33:30.166+08:00 DEBUG 31280 --- [pfms] [restartedMain] o.s.orm.jpa.JpaTransactionManager        : Closing JPA EntityManager after transaction
2026-06-01T20:33:30.166+08:00 DEBUG 31280 --- [pfms] [restartedMain] o.s.orm.jpa.JpaTransactionManager        : Creating new transaction with name [org.springframework.data.jpa.repository.support.SimpleJpaRepository.save]: PROPAGATION_REQUIRED,ISOLATION_DEFAULT
2026-06-01T20:33:30.167+08:00 DEBUG 31280 --- [pfms] [restartedMain] o.s.orm.jpa.JpaTransactionManager        : Opened new EntityManager [SessionImpl(479422212<open>)] for JPA transaction
2026-06-01T20:33:30.167+08:00 DEBUG 31280 --- [pfms] [restartedMain] o.s.orm.jpa.JpaTransactionManager        : Exposing JPA transaction as JDBC [org.springframework.orm.jpa.vendor.HibernateJpaDialect$HibernateConnectionHandle@5b9d5eaa]
2026-06-01T20:33:30.167+08:00 DEBUG 31280 --- [pfms] [restartedMain] org.hibernate.SQL                        : 
    insert 
    into
        expense
        (aia, allowancesForParents, breakfast, criticare, date, debt, dinner, eatingOut, entertainment, groceries, haircut, holiday, incomeTax, internet, lunch, medical, mobilePhone, mortgage, others, privateTransport, propertyTax, publicTransport, shopping, sports, tech, termProtector, utilities) 
    values
        (?, ?, ?, ?, ?, ?, ?, ?, ?, ?, ?, ?, ?, ?, ?, ?, ?, ?, ?, ?, ?, ?, ?, ?, ?, ?, ?)
2026-06-01T20:33:30.169+08:00 DEBUG 31280 --- [pfms] [restartedMain] o.s.orm.jpa.JpaTransactionManager        : Initiating transaction commit
2026-06-01T20:33:30.169+08:00 DEBUG 31280 --- [pfms] [restartedMain] o.s.orm.jpa.JpaTransactionManager        : Committing JPA transaction on EntityManager [SessionImpl(479422212<open>)]
2026-06-01T20:33:30.170+08:00 DEBUG 31280 --- [pfms] [restartedMain] o.s.orm.jpa.JpaTransactionManager        : Closing JPA EntityManager after transaction
2026-06-01T20:33:30.170+08:00 DEBUG 31280 --- [pfms] [restartedMain] o.s.orm.jpa.JpaTransactionManager        : Creating new transaction with name [org.springframework.data.jpa.repository.support.SimpleJpaRepository.save]: PROPAGATION_REQUIRED,ISOLATION_DEFAULT
2026-06-01T20:33:30.171+08:00 DEBUG 31280 --- [pfms] [restartedMain] o.s.orm.jpa.JpaTransactionManager        : Opened new EntityManager [SessionImpl(1459895517<open>)] for JPA transaction
2026-06-01T20:33:30.171+08:00 DEBUG 31280 --- [pfms] [restartedMain] o.s.orm.jpa.JpaTransactionManager        : Exposing JPA transaction as JDBC [org.springframework.orm.jpa.vendor.HibernateJpaDialect$HibernateConnectionHandle@66dd4099]
2026-06-01T20:33:30.172+08:00 DEBUG 31280 --- [pfms] [restartedMain] org.hibernate.SQL                        : 
    insert 
    into
        expense
        (aia, allowancesForParents, breakfast, criticare, date, debt, dinner, eatingOut, entertainment, groceries, haircut, holiday, incomeTax, internet, lunch, medical, mobilePhone, mortgage, others, privateTransport, propertyTax, publicTransport, shopping, sports, tech, termProtector, utilities) 
    values
        (?, ?, ?, ?, ?, ?, ?, ?, ?, ?, ?, ?, ?, ?, ?, ?, ?, ?, ?, ?, ?, ?, ?, ?, ?, ?, ?)
2026-06-01T20:33:30.173+08:00 DEBUG 31280 --- [pfms] [restartedMain] o.s.orm.jpa.JpaTransactionManager        : Initiating transaction commit
2026-06-01T20:33:30.173+08:00 DEBUG 31280 --- [pfms] [restartedMain] o.s.orm.jpa.JpaTransactionManager        : Committing JPA transaction on EntityManager [SessionImpl(1459895517<open>)]
2026-06-01T20:33:30.175+08:00 DEBUG 31280 --- [pfms] [restartedMain] o.s.orm.jpa.JpaTransactionManager        : Closing JPA EntityManager after transaction
2026-06-01T20:33:30.175+08:00 DEBUG 31280 --- [pfms] [restartedMain] o.s.orm.jpa.JpaTransactionManager        : Creating new transaction with name [org.springframework.data.jpa.repository.support.SimpleJpaRepository.save]: PROPAGATION_REQUIRED,ISOLATION_DEFAULT
2026-06-01T20:33:30.175+08:00 DEBUG 31280 --- [pfms] [restartedMain] o.s.orm.jpa.JpaTransactionManager        : Opened new EntityManager [SessionImpl(165076071<open>)] for JPA transaction
2026-06-01T20:33:30.175+08:00 DEBUG 31280 --- [pfms] [restartedMain] o.s.orm.jpa.JpaTransactionManager        : Exposing JPA transaction as JDBC [org.springframework.orm.jpa.vendor.HibernateJpaDialect$HibernateConnectionHandle@5839c4c]
2026-06-01T20:33:30.175+08:00 DEBUG 31280 --- [pfms] [restartedMain] org.hibernate.SQL                        : 
    insert 
    into
        expense
        (aia, allowancesForParents, breakfast, criticare, date, debt, dinner, eatingOut, entertainment, groceries, haircut, holiday, incomeTax, internet, lunch, medical, mobilePhone, mortgage, others, privateTransport, propertyTax, publicTransport, shopping, sports, tech, termProtector, utilities) 
    values
        (?, ?, ?, ?, ?, ?, ?, ?, ?, ?, ?, ?, ?, ?, ?, ?, ?, ?, ?, ?, ?, ?, ?, ?, ?, ?, ?)
2026-06-01T20:33:30.178+08:00 DEBUG 31280 --- [pfms] [restartedMain] o.s.orm.jpa.JpaTransactionManager        : Initiating transaction commit
2026-06-01T20:33:30.178+08:00 DEBUG 31280 --- [pfms] [restartedMain] o.s.orm.jpa.JpaTransactionManager        : Committing JPA transaction on EntityManager [SessionImpl(165076071<open>)]
2026-06-01T20:33:30.179+08:00 DEBUG 31280 --- [pfms] [restartedMain] o.s.orm.jpa.JpaTransactionManager        : Closing JPA EntityManager after transaction
2026-06-01T20:33:30.179+08:00 DEBUG 31280 --- [pfms] [restartedMain] o.s.orm.jpa.JpaTransactionManager        : Creating new transaction with name [org.springframework.data.jpa.repository.support.SimpleJpaRepository.save]: PROPAGATION_REQUIRED,ISOLATION_DEFAULT
2026-06-01T20:33:30.179+08:00 DEBUG 31280 --- [pfms] [restartedMain] o.s.orm.jpa.JpaTransactionManager        : Opened new EntityManager [SessionImpl(2143264848<open>)] for JPA transaction
2026-06-01T20:33:30.179+08:00 DEBUG 31280 --- [pfms] [restartedMain] o.s.orm.jpa.JpaTransactionManager        : Exposing JPA transaction as JDBC [org.springframework.orm.jpa.vendor.HibernateJpaDialect$HibernateConnectionHandle@66c72217]
2026-06-01T20:33:30.180+08:00 DEBUG 31280 --- [pfms] [restartedMain] org.hibernate.SQL                        : 
    insert 
    into
        expense
        (aia, allowancesForParents, breakfast, criticare, date, debt, dinner, eatingOut, entertainment, groceries, haircut, holiday, incomeTax, internet, lunch, medical, mobilePhone, mortgage, others, privateTransport, propertyTax, publicTransport, shopping, sports, tech, termProtector, utilities) 
    values
        (?, ?, ?, ?, ?, ?, ?, ?, ?, ?, ?, ?, ?, ?, ?, ?, ?, ?, ?, ?, ?, ?, ?, ?, ?, ?, ?)
2026-06-01T20:33:30.181+08:00 DEBUG 31280 --- [pfms] [restartedMain] o.s.orm.jpa.JpaTransactionManager        : Initiating transaction commit
2026-06-01T20:33:30.181+08:00 DEBUG 31280 --- [pfms] [restartedMain] o.s.orm.jpa.JpaTransactionManager        : Committing JPA transaction on EntityManager [SessionImpl(2143264848<open>)]
2026-06-01T20:33:30.183+08:00 DEBUG 31280 --- [pfms] [restartedMain] o.s.orm.jpa.JpaTransactionManager        : Closing JPA EntityManager after transaction
2026-06-01T20:33:30.183+08:00 DEBUG 31280 --- [pfms] [restartedMain] o.s.orm.jpa.JpaTransactionManager        : Creating new transaction with name [org.springframework.data.jpa.repository.support.SimpleJpaRepository.save]: PROPAGATION_REQUIRED,ISOLATION_DEFAULT
2026-06-01T20:33:30.184+08:00 DEBUG 31280 --- [pfms] [restartedMain] o.s.orm.jpa.JpaTransactionManager        : Opened new EntityManager [SessionImpl(970315918<open>)] for JPA transaction
2026-06-01T20:33:30.184+08:00 DEBUG 31280 --- [pfms] [restartedMain] o.s.orm.jpa.JpaTransactionManager        : Exposing JPA transaction as JDBC [org.springframework.orm.jpa.vendor.HibernateJpaDialect$HibernateConnectionHandle@66dd8239]
2026-06-01T20:33:30.185+08:00 DEBUG 31280 --- [pfms] [restartedMain] org.hibernate.SQL                        : 
    insert 
    into
        expense
        (aia, allowancesForParents, breakfast, criticare, date, debt, dinner, eatingOut, entertainment, groceries, haircut, holiday, incomeTax, internet, lunch, medical, mobilePhone, mortgage, others, privateTransport, propertyTax, publicTransport, shopping, sports, tech, termProtector, utilities) 
    values
        (?, ?, ?, ?, ?, ?, ?, ?, ?, ?, ?, ?, ?, ?, ?, ?, ?, ?, ?, ?, ?, ?, ?, ?, ?, ?, ?)
2026-06-01T20:33:30.186+08:00 DEBUG 31280 --- [pfms] [restartedMain] o.s.orm.jpa.JpaTransactionManager        : Initiating transaction commit
2026-06-01T20:33:30.187+08:00 DEBUG 31280 --- [pfms] [restartedMain] o.s.orm.jpa.JpaTransactionManager        : Committing JPA transaction on EntityManager [SessionImpl(970315918<open>)]
2026-06-01T20:33:30.188+08:00 DEBUG 31280 --- [pfms] [restartedMain] o.s.orm.jpa.JpaTransactionManager        : Closing JPA EntityManager after transaction
2026-06-01T20:33:30.188+08:00 DEBUG 31280 --- [pfms] [restartedMain] o.s.orm.jpa.JpaTransactionManager        : Creating new transaction with name [org.springframework.data.jpa.repository.support.SimpleJpaRepository.save]: PROPAGATION_REQUIRED,ISOLATION_DEFAULT
2026-06-01T20:33:30.189+08:00 DEBUG 31280 --- [pfms] [restartedMain] o.s.orm.jpa.JpaTransactionManager        : Opened new EntityManager [SessionImpl(530695685<open>)] for JPA transaction
2026-06-01T20:33:30.189+08:00 DEBUG 31280 --- [pfms] [restartedMain] o.s.orm.jpa.JpaTransactionManager        : Exposing JPA transaction as JDBC [org.springframework.orm.jpa.vendor.HibernateJpaDialect$HibernateConnectionHandle@15e75382]
2026-06-01T20:33:30.190+08:00 DEBUG 31280 --- [pfms] [restartedMain] org.hibernate.SQL                        : 
    insert 
    into
        expense
        (aia, allowancesForParents, breakfast, criticare, date, debt, dinner, eatingOut, entertainment, groceries, haircut, holiday, incomeTax, internet, lunch, medical, mobilePhone, mortgage, others, privateTransport, propertyTax, publicTransport, shopping, sports, tech, termProtector, utilities) 
    values
        (?, ?, ?, ?, ?, ?, ?, ?, ?, ?, ?, ?, ?, ?, ?, ?, ?, ?, ?, ?, ?, ?, ?, ?, ?, ?, ?)
2026-06-01T20:33:30.192+08:00 DEBUG 31280 --- [pfms] [restartedMain] o.s.orm.jpa.JpaTransactionManager        : Initiating transaction commit
2026-06-01T20:33:30.192+08:00 DEBUG 31280 --- [pfms] [restartedMain] o.s.orm.jpa.JpaTransactionManager        : Committing JPA transaction on EntityManager [SessionImpl(530695685<open>)]
2026-06-01T20:33:30.193+08:00 DEBUG 31280 --- [pfms] [restartedMain] o.s.orm.jpa.JpaTransactionManager        : Closing JPA EntityManager after transaction
2026-06-01T20:33:30.194+08:00 DEBUG 31280 --- [pfms] [restartedMain] o.s.orm.jpa.JpaTransactionManager        : Creating new transaction with name [org.springframework.data.jpa.repository.support.SimpleJpaRepository.save]: PROPAGATION_REQUIRED,ISOLATION_DEFAULT
2026-06-01T20:33:30.194+08:00 DEBUG 31280 --- [pfms] [restartedMain] o.s.orm.jpa.JpaTransactionManager        : Opened new EntityManager [SessionImpl(1415818390<open>)] for JPA transaction
2026-06-01T20:33:30.194+08:00 DEBUG 31280 --- [pfms] [restartedMain] o.s.orm.jpa.JpaTransactionManager        : Exposing JPA transaction as JDBC [org.springframework.orm.jpa.vendor.HibernateJpaDialect$HibernateConnectionHandle@7b378edb]
2026-06-01T20:33:30.195+08:00 DEBUG 31280 --- [pfms] [restartedMain] org.hibernate.SQL                        : 
    insert 
    into
        expense
        (aia, allowancesForParents, breakfast, criticare, date, debt, dinner, eatingOut, entertainment, groceries, haircut, holiday, incomeTax, internet, lunch, medical, mobilePhone, mortgage, others, privateTransport, propertyTax, publicTransport, shopping, sports, tech, termProtector, utilities) 
    values
        (?, ?, ?, ?, ?, ?, ?, ?, ?, ?, ?, ?, ?, ?, ?, ?, ?, ?, ?, ?, ?, ?, ?, ?, ?, ?, ?)
2026-06-01T20:33:30.197+08:00 DEBUG 31280 --- [pfms] [restartedMain] o.s.orm.jpa.JpaTransactionManager        : Initiating transaction commit
2026-06-01T20:33:30.197+08:00 DEBUG 31280 --- [pfms] [restartedMain] o.s.orm.jpa.JpaTransactionManager        : Committing JPA transaction on EntityManager [SessionImpl(1415818390<open>)]
2026-06-01T20:33:30.198+08:00 DEBUG 31280 --- [pfms] [restartedMain] o.s.orm.jpa.JpaTransactionManager        : Closing JPA EntityManager after transaction
2026-06-01T20:33:30.198+08:00 DEBUG 31280 --- [pfms] [restartedMain] o.s.orm.jpa.JpaTransactionManager        : Creating new transaction with name [org.springframework.data.jpa.repository.support.SimpleJpaRepository.save]: PROPAGATION_REQUIRED,ISOLATION_DEFAULT
2026-06-01T20:33:30.198+08:00 DEBUG 31280 --- [pfms] [restartedMain] o.s.orm.jpa.JpaTransactionManager        : Opened new EntityManager [SessionImpl(703988604<open>)] for JPA transaction
2026-06-01T20:33:30.198+08:00 DEBUG 31280 --- [pfms] [restartedMain] o.s.orm.jpa.JpaTransactionManager        : Exposing JPA transaction as JDBC [org.springframework.orm.jpa.vendor.HibernateJpaDialect$HibernateConnectionHandle@6ef001cf]
2026-06-01T20:33:30.199+08:00 DEBUG 31280 --- [pfms] [restartedMain] org.hibernate.SQL                        : 
    insert 
    into
        expense
        (aia, allowancesForParents, breakfast, criticare, date, debt, dinner, eatingOut, entertainment, groceries, haircut, holiday, incomeTax, internet, lunch, medical, mobilePhone, mortgage, others, privateTransport, propertyTax, publicTransport, shopping, sports, tech, termProtector, utilities) 
    values
        (?, ?, ?, ?, ?, ?, ?, ?, ?, ?, ?, ?, ?, ?, ?, ?, ?, ?, ?, ?, ?, ?, ?, ?, ?, ?, ?)
2026-06-01T20:33:30.200+08:00 DEBUG 31280 --- [pfms] [restartedMain] o.s.orm.jpa.JpaTransactionManager        : Initiating transaction commit
2026-06-01T20:33:30.201+08:00 DEBUG 31280 --- [pfms] [restartedMain] o.s.orm.jpa.JpaTransactionManager        : Committing JPA transaction on EntityManager [SessionImpl(703988604<open>)]
2026-06-01T20:33:30.202+08:00 DEBUG 31280 --- [pfms] [restartedMain] o.s.orm.jpa.JpaTransactionManager        : Closing JPA EntityManager after transaction
2026-06-01T20:33:30.202+08:00 DEBUG 31280 --- [pfms] [restartedMain] o.s.orm.jpa.JpaTransactionManager        : Creating new transaction with name [org.springframework.data.jpa.repository.support.SimpleJpaRepository.save]: PROPAGATION_REQUIRED,ISOLATION_DEFAULT
2026-06-01T20:33:30.202+08:00 DEBUG 31280 --- [pfms] [restartedMain] o.s.orm.jpa.JpaTransactionManager        : Opened new EntityManager [SessionImpl(465669713<open>)] for JPA transaction
2026-06-01T20:33:30.202+08:00 DEBUG 31280 --- [pfms] [restartedMain] o.s.orm.jpa.JpaTransactionManager        : Exposing JPA transaction as JDBC [org.springframework.orm.jpa.vendor.HibernateJpaDialect$HibernateConnectionHandle@75511a9f]
2026-06-01T20:33:30.203+08:00 DEBUG 31280 --- [pfms] [restartedMain] org.hibernate.SQL                        : 
    insert 
    into
        expense
        (aia, allowancesForParents, breakfast, criticare, date, debt, dinner, eatingOut, entertainment, groceries, haircut, holiday, incomeTax, internet, lunch, medical, mobilePhone, mortgage, others, privateTransport, propertyTax, publicTransport, shopping, sports, tech, termProtector, utilities) 
    values
        (?, ?, ?, ?, ?, ?, ?, ?, ?, ?, ?, ?, ?, ?, ?, ?, ?, ?, ?, ?, ?, ?, ?, ?, ?, ?, ?)
2026-06-01T20:33:30.204+08:00 DEBUG 31280 --- [pfms] [restartedMain] o.s.orm.jpa.JpaTransactionManager        : Initiating transaction commit
2026-06-01T20:33:30.205+08:00 DEBUG 31280 --- [pfms] [restartedMain] o.s.orm.jpa.JpaTransactionManager        : Committing JPA transaction on EntityManager [SessionImpl(465669713<open>)]
2026-06-01T20:33:30.205+08:00 DEBUG 31280 --- [pfms] [restartedMain] o.s.orm.jpa.JpaTransactionManager        : Closing JPA EntityManager after transaction
2026-06-01T20:33:30.206+08:00 DEBUG 31280 --- [pfms] [restartedMain] o.s.orm.jpa.JpaTransactionManager        : Creating new transaction with name [org.springframework.data.jpa.repository.support.SimpleJpaRepository.save]: PROPAGATION_REQUIRED,ISOLATION_DEFAULT
2026-06-01T20:33:30.206+08:00 DEBUG 31280 --- [pfms] [restartedMain] o.s.orm.jpa.JpaTransactionManager        : Opened new EntityManager [SessionImpl(975951354<open>)] for JPA transaction
2026-06-01T20:33:30.206+08:00 DEBUG 31280 --- [pfms] [restartedMain] o.s.orm.jpa.JpaTransactionManager        : Exposing JPA transaction as JDBC [org.springframework.orm.jpa.vendor.HibernateJpaDialect$HibernateConnectionHandle@47d3b5c2]
2026-06-01T20:33:30.206+08:00 DEBUG 31280 --- [pfms] [restartedMain] org.hibernate.SQL                        : 
    insert 
    into
        expense
        (aia, allowancesForParents, breakfast, criticare, date, debt, dinner, eatingOut, entertainment, groceries, haircut, holiday, incomeTax, internet, lunch, medical, mobilePhone, mortgage, others, privateTransport, propertyTax, publicTransport, shopping, sports, tech, termProtector, utilities) 
    values
        (?, ?, ?, ?, ?, ?, ?, ?, ?, ?, ?, ?, ?, ?, ?, ?, ?, ?, ?, ?, ?, ?, ?, ?, ?, ?, ?)
2026-06-01T20:33:30.208+08:00 DEBUG 31280 --- [pfms] [restartedMain] o.s.orm.jpa.JpaTransactionManager        : Initiating transaction commit
2026-06-01T20:33:30.209+08:00 DEBUG 31280 --- [pfms] [restartedMain] o.s.orm.jpa.JpaTransactionManager        : Committing JPA transaction on EntityManager [SessionImpl(975951354<open>)]
2026-06-01T20:33:30.210+08:00 DEBUG 31280 --- [pfms] [restartedMain] o.s.orm.jpa.JpaTransactionManager        : Closing JPA EntityManager after transaction
2026-06-01T20:33:30.210+08:00 DEBUG 31280 --- [pfms] [restartedMain] o.s.orm.jpa.JpaTransactionManager        : Creating new transaction with name [org.springframework.data.jpa.repository.support.SimpleJpaRepository.save]: PROPAGATION_REQUIRED,ISOLATION_DEFAULT
2026-06-01T20:33:30.210+08:00 DEBUG 31280 --- [pfms] [restartedMain] o.s.orm.jpa.JpaTransactionManager        : Opened new EntityManager [SessionImpl(1995444482<open>)] for JPA transaction
2026-06-01T20:33:30.210+08:00 DEBUG 31280 --- [pfms] [restartedMain] o.s.orm.jpa.JpaTransactionManager        : Exposing JPA transaction as JDBC [org.springframework.orm.jpa.vendor.HibernateJpaDialect$HibernateConnectionHandle@2c57d7bb]
2026-06-01T20:33:30.211+08:00 DEBUG 31280 --- [pfms] [restartedMain] org.hibernate.SQL                        : 
    insert 
    into
        expense
        (aia, allowancesForParents, breakfast, criticare, date, debt, dinner, eatingOut, entertainment, groceries, haircut, holiday, incomeTax, internet, lunch, medical, mobilePhone, mortgage, others, privateTransport, propertyTax, publicTransport, shopping, sports, tech, termProtector, utilities) 
    values
        (?, ?, ?, ?, ?, ?, ?, ?, ?, ?, ?, ?, ?, ?, ?, ?, ?, ?, ?, ?, ?, ?, ?, ?, ?, ?, ?)
2026-06-01T20:33:30.212+08:00 DEBUG 31280 --- [pfms] [restartedMain] o.s.orm.jpa.JpaTransactionManager        : Initiating transaction commit
2026-06-01T20:33:30.212+08:00 DEBUG 31280 --- [pfms] [restartedMain] o.s.orm.jpa.JpaTransactionManager        : Committing JPA transaction on EntityManager [SessionImpl(1995444482<open>)]
2026-06-01T20:33:30.213+08:00 DEBUG 31280 --- [pfms] [restartedMain] o.s.orm.jpa.JpaTransactionManager        : Closing JPA EntityManager after transaction
2026-06-01T20:33:30.213+08:00 DEBUG 31280 --- [pfms] [restartedMain] o.s.orm.jpa.JpaTransactionManager        : Creating new transaction with name [org.springframework.data.jpa.repository.support.SimpleJpaRepository.save]: PROPAGATION_REQUIRED,ISOLATION_DEFAULT
2026-06-01T20:33:30.214+08:00 DEBUG 31280 --- [pfms] [restartedMain] o.s.orm.jpa.JpaTransactionManager        : Opened new EntityManager [SessionImpl(27729527<open>)] for JPA transaction
2026-06-01T20:33:30.214+08:00 DEBUG 31280 --- [pfms] [restartedMain] o.s.orm.jpa.JpaTransactionManager        : Exposing JPA transaction as JDBC [org.springframework.orm.jpa.vendor.HibernateJpaDialect$HibernateConnectionHandle@13dffbf7]
2026-06-01T20:33:30.214+08:00 DEBUG 31280 --- [pfms] [restartedMain] org.hibernate.SQL                        : 
    insert 
    into
        expense
        (aia, allowancesForParents, breakfast, criticare, date, debt, dinner, eatingOut, entertainment, groceries, haircut, holiday, incomeTax, internet, lunch, medical, mobilePhone, mortgage, others, privateTransport, propertyTax, publicTransport, shopping, sports, tech, termProtector, utilities) 
    values
        (?, ?, ?, ?, ?, ?, ?, ?, ?, ?, ?, ?, ?, ?, ?, ?, ?, ?, ?, ?, ?, ?, ?, ?, ?, ?, ?)
2026-06-01T20:33:30.215+08:00 DEBUG 31280 --- [pfms] [restartedMain] o.s.orm.jpa.JpaTransactionManager        : Initiating transaction commit
2026-06-01T20:33:30.215+08:00 DEBUG 31280 --- [pfms] [restartedMain] o.s.orm.jpa.JpaTransactionManager        : Committing JPA transaction on EntityManager [SessionImpl(27729527<open>)]
2026-06-01T20:33:30.216+08:00 DEBUG 31280 --- [pfms] [restartedMain] o.s.orm.jpa.JpaTransactionManager        : Closing JPA EntityManager after transaction
2026-06-01T20:33:30.216+08:00 DEBUG 31280 --- [pfms] [restartedMain] o.s.orm.jpa.JpaTransactionManager        : Creating new transaction with name [org.springframework.data.jpa.repository.support.SimpleJpaRepository.save]: PROPAGATION_REQUIRED,ISOLATION_DEFAULT
2026-06-01T20:33:30.217+08:00 DEBUG 31280 --- [pfms] [restartedMain] o.s.orm.jpa.JpaTransactionManager        : Opened new EntityManager [SessionImpl(666072023<open>)] for JPA transaction
2026-06-01T20:33:30.217+08:00 DEBUG 31280 --- [pfms] [restartedMain] o.s.orm.jpa.JpaTransactionManager        : Exposing JPA transaction as JDBC [org.springframework.orm.jpa.vendor.HibernateJpaDialect$HibernateConnectionHandle@4bdf3495]
2026-06-01T20:33:30.217+08:00 DEBUG 31280 --- [pfms] [restartedMain] org.hibernate.SQL                        : 
    insert 
    into
        expense
        (aia, allowancesForParents, breakfast, criticare, date, debt, dinner, eatingOut, entertainment, groceries, haircut, holiday, incomeTax, internet, lunch, medical, mobilePhone, mortgage, others, privateTransport, propertyTax, publicTransport, shopping, sports, tech, termProtector, utilities) 
    values
        (?, ?, ?, ?, ?, ?, ?, ?, ?, ?, ?, ?, ?, ?, ?, ?, ?, ?, ?, ?, ?, ?, ?, ?, ?, ?, ?)
2026-06-01T20:33:30.219+08:00 DEBUG 31280 --- [pfms] [restartedMain] o.s.orm.jpa.JpaTransactionManager        : Initiating transaction commit
2026-06-01T20:33:30.219+08:00 DEBUG 31280 --- [pfms] [restartedMain] o.s.orm.jpa.JpaTransactionManager        : Committing JPA transaction on EntityManager [SessionImpl(666072023<open>)]
2026-06-01T20:33:30.220+08:00 DEBUG 31280 --- [pfms] [restartedMain] o.s.orm.jpa.JpaTransactionManager        : Closing JPA EntityManager after transaction
2026-06-01T20:33:30.220+08:00 DEBUG 31280 --- [pfms] [restartedMain] o.s.orm.jpa.JpaTransactionManager        : Creating new transaction with name [org.springframework.data.jpa.repository.support.SimpleJpaRepository.save]: PROPAGATION_REQUIRED,ISOLATION_DEFAULT
2026-06-01T20:33:30.220+08:00 DEBUG 31280 --- [pfms] [restartedMain] o.s.orm.jpa.JpaTransactionManager        : Opened new EntityManager [SessionImpl(123902614<open>)] for JPA transaction
2026-06-01T20:33:30.220+08:00 DEBUG 31280 --- [pfms] [restartedMain] o.s.orm.jpa.JpaTransactionManager        : Exposing JPA transaction as JDBC [org.springframework.orm.jpa.vendor.HibernateJpaDialect$HibernateConnectionHandle@35ab7d73]
2026-06-01T20:33:30.220+08:00 DEBUG 31280 --- [pfms] [restartedMain] org.hibernate.SQL                        : 
    insert 
    into
        expense
        (aia, allowancesForParents, breakfast, criticare, date, debt, dinner, eatingOut, entertainment, groceries, haircut, holiday, incomeTax, internet, lunch, medical, mobilePhone, mortgage, others, privateTransport, propertyTax, publicTransport, shopping, sports, tech, termProtector, utilities) 
    values
        (?, ?, ?, ?, ?, ?, ?, ?, ?, ?, ?, ?, ?, ?, ?, ?, ?, ?, ?, ?, ?, ?, ?, ?, ?, ?, ?)
2026-06-01T20:33:30.222+08:00 DEBUG 31280 --- [pfms] [restartedMain] o.s.orm.jpa.JpaTransactionManager        : Initiating transaction commit
2026-06-01T20:33:30.222+08:00 DEBUG 31280 --- [pfms] [restartedMain] o.s.orm.jpa.JpaTransactionManager        : Committing JPA transaction on EntityManager [SessionImpl(123902614<open>)]
2026-06-01T20:33:30.223+08:00 DEBUG 31280 --- [pfms] [restartedMain] o.s.orm.jpa.JpaTransactionManager        : Closing JPA EntityManager after transaction
2026-06-01T20:33:30.224+08:00 DEBUG 31280 --- [pfms] [restartedMain] o.s.orm.jpa.JpaTransactionManager        : Creating new transaction with name [org.springframework.data.jpa.repository.support.SimpleJpaRepository.save]: PROPAGATION_REQUIRED,ISOLATION_DEFAULT
2026-06-01T20:33:30.224+08:00 DEBUG 31280 --- [pfms] [restartedMain] o.s.orm.jpa.JpaTransactionManager        : Opened new EntityManager [SessionImpl(1503089958<open>)] for JPA transaction
2026-06-01T20:33:30.224+08:00 DEBUG 31280 --- [pfms] [restartedMain] o.s.orm.jpa.JpaTransactionManager        : Exposing JPA transaction as JDBC [org.springframework.orm.jpa.vendor.HibernateJpaDialect$HibernateConnectionHandle@3739fb82]
2026-06-01T20:33:30.225+08:00 DEBUG 31280 --- [pfms] [restartedMain] org.hibernate.SQL                        : 
    insert 
    into
        expense
        (aia, allowancesForParents, breakfast, criticare, date, debt, dinner, eatingOut, entertainment, groceries, haircut, holiday, incomeTax, internet, lunch, medical, mobilePhone, mortgage, others, privateTransport, propertyTax, publicTransport, shopping, sports, tech, termProtector, utilities) 
    values
        (?, ?, ?, ?, ?, ?, ?, ?, ?, ?, ?, ?, ?, ?, ?, ?, ?, ?, ?, ?, ?, ?, ?, ?, ?, ?, ?)
2026-06-01T20:33:30.226+08:00 DEBUG 31280 --- [pfms] [restartedMain] o.s.orm.jpa.JpaTransactionManager        : Initiating transaction commit
2026-06-01T20:33:30.226+08:00 DEBUG 31280 --- [pfms] [restartedMain] o.s.orm.jpa.JpaTransactionManager        : Committing JPA transaction on EntityManager [SessionImpl(1503089958<open>)]
2026-06-01T20:33:30.227+08:00 DEBUG 31280 --- [pfms] [restartedMain] o.s.orm.jpa.JpaTransactionManager        : Closing JPA EntityManager after transaction
2026-06-01T20:33:30.228+08:00 DEBUG 31280 --- [pfms] [restartedMain] o.s.orm.jpa.JpaTransactionManager        : Creating new transaction with name [org.springframework.data.jpa.repository.support.SimpleJpaRepository.save]: PROPAGATION_REQUIRED,ISOLATION_DEFAULT
2026-06-01T20:33:30.228+08:00 DEBUG 31280 --- [pfms] [restartedMain] o.s.orm.jpa.JpaTransactionManager        : Opened new EntityManager [SessionImpl(393763065<open>)] for JPA transaction
2026-06-01T20:33:30.228+08:00 DEBUG 31280 --- [pfms] [restartedMain] o.s.orm.jpa.JpaTransactionManager        : Exposing JPA transaction as JDBC [org.springframework.orm.jpa.vendor.HibernateJpaDialect$HibernateConnectionHandle@6fe5547f]
2026-06-01T20:33:30.229+08:00 DEBUG 31280 --- [pfms] [restartedMain] org.hibernate.SQL                        : 
    insert 
    into
        expense
        (aia, allowancesForParents, breakfast, criticare, date, debt, dinner, eatingOut, entertainment, groceries, haircut, holiday, incomeTax, internet, lunch, medical, mobilePhone, mortgage, others, privateTransport, propertyTax, publicTransport, shopping, sports, tech, termProtector, utilities) 
    values
        (?, ?, ?, ?, ?, ?, ?, ?, ?, ?, ?, ?, ?, ?, ?, ?, ?, ?, ?, ?, ?, ?, ?, ?, ?, ?, ?)
2026-06-01T20:33:30.230+08:00 DEBUG 31280 --- [pfms] [restartedMain] o.s.orm.jpa.JpaTransactionManager        : Initiating transaction commit
2026-06-01T20:33:30.230+08:00 DEBUG 31280 --- [pfms] [restartedMain] o.s.orm.jpa.JpaTransactionManager        : Committing JPA transaction on EntityManager [SessionImpl(393763065<open>)]
2026-06-01T20:33:30.231+08:00 DEBUG 31280 --- [pfms] [restartedMain] o.s.orm.jpa.JpaTransactionManager        : Closing JPA EntityManager after transaction
2026-06-01T20:33:30.231+08:00 DEBUG 31280 --- [pfms] [restartedMain] o.s.orm.jpa.JpaTransactionManager        : Creating new transaction with name [org.springframework.data.jpa.repository.support.SimpleJpaRepository.save]: PROPAGATION_REQUIRED,ISOLATION_DEFAULT
2026-06-01T20:33:30.232+08:00 DEBUG 31280 --- [pfms] [restartedMain] o.s.orm.jpa.JpaTransactionManager        : Opened new EntityManager [SessionImpl(645182260<open>)] for JPA transaction
2026-06-01T20:33:30.232+08:00 DEBUG 31280 --- [pfms] [restartedMain] o.s.orm.jpa.JpaTransactionManager        : Exposing JPA transaction as JDBC [org.springframework.orm.jpa.vendor.HibernateJpaDialect$HibernateConnectionHandle@63775d29]
2026-06-01T20:33:30.232+08:00 DEBUG 31280 --- [pfms] [restartedMain] org.hibernate.SQL                        : 
    insert 
    into
        expense
        (aia, allowancesForParents, breakfast, criticare, date, debt, dinner, eatingOut, entertainment, groceries, haircut, holiday, incomeTax, internet, lunch, medical, mobilePhone, mortgage, others, privateTransport, propertyTax, publicTransport, shopping, sports, tech, termProtector, utilities) 
    values
        (?, ?, ?, ?, ?, ?, ?, ?, ?, ?, ?, ?, ?, ?, ?, ?, ?, ?, ?, ?, ?, ?, ?, ?, ?, ?, ?)
2026-06-01T20:33:30.233+08:00 DEBUG 31280 --- [pfms] [restartedMain] o.s.orm.jpa.JpaTransactionManager        : Initiating transaction commit
2026-06-01T20:33:30.233+08:00 DEBUG 31280 --- [pfms] [restartedMain] o.s.orm.jpa.JpaTransactionManager        : Committing JPA transaction on EntityManager [SessionImpl(645182260<open>)]
2026-06-01T20:33:30.233+08:00 DEBUG 31280 --- [pfms] [restartedMain] o.s.orm.jpa.JpaTransactionManager        : Closing JPA EntityManager after transaction
2026-06-01T20:33:30.234+08:00 DEBUG 31280 --- [pfms] [restartedMain] o.s.orm.jpa.JpaTransactionManager        : Creating new transaction with name [org.springframework.data.jpa.repository.support.SimpleJpaRepository.save]: PROPAGATION_REQUIRED,ISOLATION_DEFAULT
2026-06-01T20:33:30.234+08:00 DEBUG 31280 --- [pfms] [restartedMain] o.s.orm.jpa.JpaTransactionManager        : Opened new EntityManager [SessionImpl(1039249031<open>)] for JPA transaction
2026-06-01T20:33:30.234+08:00 DEBUG 31280 --- [pfms] [restartedMain] o.s.orm.jpa.JpaTransactionManager        : Exposing JPA transaction as JDBC [org.springframework.orm.jpa.vendor.HibernateJpaDialect$HibernateConnectionHandle@64b63205]
2026-06-01T20:33:30.235+08:00 DEBUG 31280 --- [pfms] [restartedMain] org.hibernate.SQL                        : 
    insert 
    into
        expense
        (aia, allowancesForParents, breakfast, criticare, date, debt, dinner, eatingOut, entertainment, groceries, haircut, holiday, incomeTax, internet, lunch, medical, mobilePhone, mortgage, others, privateTransport, propertyTax, publicTransport, shopping, sports, tech, termProtector, utilities) 
    values
        (?, ?, ?, ?, ?, ?, ?, ?, ?, ?, ?, ?, ?, ?, ?, ?, ?, ?, ?, ?, ?, ?, ?, ?, ?, ?, ?)
2026-06-01T20:33:30.236+08:00 DEBUG 31280 --- [pfms] [restartedMain] o.s.orm.jpa.JpaTransactionManager        : Initiating transaction commit
2026-06-01T20:33:30.236+08:00 DEBUG 31280 --- [pfms] [restartedMain] o.s.orm.jpa.JpaTransactionManager        : Committing JPA transaction on EntityManager [SessionImpl(1039249031<open>)]
2026-06-01T20:33:30.237+08:00 DEBUG 31280 --- [pfms] [restartedMain] o.s.orm.jpa.JpaTransactionManager        : Closing JPA EntityManager after transaction
2026-06-01T20:33:30.238+08:00 DEBUG 31280 --- [pfms] [restartedMain] o.s.orm.jpa.JpaTransactionManager        : Creating new transaction with name [org.springframework.data.jpa.repository.support.SimpleJpaRepository.save]: PROPAGATION_REQUIRED,ISOLATION_DEFAULT
2026-06-01T20:33:30.239+08:00 DEBUG 31280 --- [pfms] [restartedMain] o.s.orm.jpa.JpaTransactionManager        : Opened new EntityManager [SessionImpl(278684906<open>)] for JPA transaction
2026-06-01T20:33:30.240+08:00 DEBUG 31280 --- [pfms] [restartedMain] o.s.orm.jpa.JpaTransactionManager        : Exposing JPA transaction as JDBC [org.springframework.orm.jpa.vendor.HibernateJpaDialect$HibernateConnectionHandle@456f5ae6]
2026-06-01T20:33:30.240+08:00 DEBUG 31280 --- [pfms] [restartedMain] org.hibernate.SQL                        : 
    insert 
    into
        expense
        (aia, allowancesForParents, breakfast, criticare, date, debt, dinner, eatingOut, entertainment, groceries, haircut, holiday, incomeTax, internet, lunch, medical, mobilePhone, mortgage, others, privateTransport, propertyTax, publicTransport, shopping, sports, tech, termProtector, utilities) 
    values
        (?, ?, ?, ?, ?, ?, ?, ?, ?, ?, ?, ?, ?, ?, ?, ?, ?, ?, ?, ?, ?, ?, ?, ?, ?, ?, ?)
2026-06-01T20:33:30.243+08:00 DEBUG 31280 --- [pfms] [restartedMain] o.s.orm.jpa.JpaTransactionManager        : Initiating transaction commit
2026-06-01T20:33:30.243+08:00 DEBUG 31280 --- [pfms] [restartedMain] o.s.orm.jpa.JpaTransactionManager        : Committing JPA transaction on EntityManager [SessionImpl(278684906<open>)]
2026-06-01T20:33:30.244+08:00 DEBUG 31280 --- [pfms] [restartedMain] o.s.orm.jpa.JpaTransactionManager        : Closing JPA EntityManager after transaction
2026-06-01T20:33:30.244+08:00 DEBUG 31280 --- [pfms] [restartedMain] o.s.orm.jpa.JpaTransactionManager        : Creating new transaction with name [org.springframework.data.jpa.repository.support.SimpleJpaRepository.save]: PROPAGATION_REQUIRED,ISOLATION_DEFAULT
2026-06-01T20:33:30.245+08:00 DEBUG 31280 --- [pfms] [restartedMain] o.s.orm.jpa.JpaTransactionManager        : Opened new EntityManager [SessionImpl(1975338516<open>)] for JPA transaction
2026-06-01T20:33:30.245+08:00 DEBUG 31280 --- [pfms] [restartedMain] o.s.orm.jpa.JpaTransactionManager        : Exposing JPA transaction as JDBC [org.springframework.orm.jpa.vendor.HibernateJpaDialect$HibernateConnectionHandle@4aba8a2f]
2026-06-01T20:33:30.245+08:00 DEBUG 31280 --- [pfms] [restartedMain] org.hibernate.SQL                        : 
    insert 
    into
        expense
        (aia, allowancesForParents, breakfast, criticare, date, debt, dinner, eatingOut, entertainment, groceries, haircut, holiday, incomeTax, internet, lunch, medical, mobilePhone, mortgage, others, privateTransport, propertyTax, publicTransport, shopping, sports, tech, termProtector, utilities) 
    values
        (?, ?, ?, ?, ?, ?, ?, ?, ?, ?, ?, ?, ?, ?, ?, ?, ?, ?, ?, ?, ?, ?, ?, ?, ?, ?, ?)
2026-06-01T20:33:30.246+08:00 DEBUG 31280 --- [pfms] [restartedMain] o.s.orm.jpa.JpaTransactionManager        : Initiating transaction commit
2026-06-01T20:33:30.247+08:00 DEBUG 31280 --- [pfms] [restartedMain] o.s.orm.jpa.JpaTransactionManager        : Committing JPA transaction on EntityManager [SessionImpl(1975338516<open>)]
2026-06-01T20:33:30.247+08:00 DEBUG 31280 --- [pfms] [restartedMain] o.s.orm.jpa.JpaTransactionManager        : Closing JPA EntityManager after transaction
2026-06-01T20:33:30.248+08:00 DEBUG 31280 --- [pfms] [restartedMain] o.s.orm.jpa.JpaTransactionManager        : Creating new transaction with name [org.springframework.data.jpa.repository.support.SimpleJpaRepository.save]: PROPAGATION_REQUIRED,ISOLATION_DEFAULT
2026-06-01T20:33:30.248+08:00 DEBUG 31280 --- [pfms] [restartedMain] o.s.orm.jpa.JpaTransactionManager        : Opened new EntityManager [SessionImpl(1471225512<open>)] for JPA transaction
2026-06-01T20:33:30.248+08:00 DEBUG 31280 --- [pfms] [restartedMain] o.s.orm.jpa.JpaTransactionManager        : Exposing JPA transaction as JDBC [org.springframework.orm.jpa.vendor.HibernateJpaDialect$HibernateConnectionHandle@49c41d83]
2026-06-01T20:33:30.249+08:00 DEBUG 31280 --- [pfms] [restartedMain] org.hibernate.SQL                        : 
    insert 
    into
        expense
        (aia, allowancesForParents, breakfast, criticare, date, debt, dinner, eatingOut, entertainment, groceries, haircut, holiday, incomeTax, internet, lunch, medical, mobilePhone, mortgage, others, privateTransport, propertyTax, publicTransport, shopping, sports, tech, termProtector, utilities) 
    values
        (?, ?, ?, ?, ?, ?, ?, ?, ?, ?, ?, ?, ?, ?, ?, ?, ?, ?, ?, ?, ?, ?, ?, ?, ?, ?, ?)
2026-06-01T20:33:30.250+08:00 DEBUG 31280 --- [pfms] [restartedMain] o.s.orm.jpa.JpaTransactionManager        : Initiating transaction commit
2026-06-01T20:33:30.250+08:00 DEBUG 31280 --- [pfms] [restartedMain] o.s.orm.jpa.JpaTransactionManager        : Committing JPA transaction on EntityManager [SessionImpl(1471225512<open>)]
2026-06-01T20:33:30.251+08:00 DEBUG 31280 --- [pfms] [restartedMain] o.s.orm.jpa.JpaTransactionManager        : Closing JPA EntityManager after transaction
2026-06-01T20:33:30.251+08:00 DEBUG 31280 --- [pfms] [restartedMain] o.s.orm.jpa.JpaTransactionManager        : Creating new transaction with name [org.springframework.data.jpa.repository.support.SimpleJpaRepository.save]: PROPAGATION_REQUIRED,ISOLATION_DEFAULT
2026-06-01T20:33:30.251+08:00 DEBUG 31280 --- [pfms] [restartedMain] o.s.orm.jpa.JpaTransactionManager        : Opened new EntityManager [SessionImpl(269468228<open>)] for JPA transaction
2026-06-01T20:33:30.251+08:00 DEBUG 31280 --- [pfms] [restartedMain] o.s.orm.jpa.JpaTransactionManager        : Exposing JPA transaction as JDBC [org.springframework.orm.jpa.vendor.HibernateJpaDialect$HibernateConnectionHandle@794eedc3]
2026-06-01T20:33:30.252+08:00 DEBUG 31280 --- [pfms] [restartedMain] org.hibernate.SQL                        : 
    insert 
    into
        expense
        (aia, allowancesForParents, breakfast, criticare, date, debt, dinner, eatingOut, entertainment, groceries, haircut, holiday, incomeTax, internet, lunch, medical, mobilePhone, mortgage, others, privateTransport, propertyTax, publicTransport, shopping, sports, tech, termProtector, utilities) 
    values
        (?, ?, ?, ?, ?, ?, ?, ?, ?, ?, ?, ?, ?, ?, ?, ?, ?, ?, ?, ?, ?, ?, ?, ?, ?, ?, ?)
2026-06-01T20:33:30.253+08:00 DEBUG 31280 --- [pfms] [restartedMain] o.s.orm.jpa.JpaTransactionManager        : Initiating transaction commit
2026-06-01T20:33:30.254+08:00 DEBUG 31280 --- [pfms] [restartedMain] o.s.orm.jpa.JpaTransactionManager        : Committing JPA transaction on EntityManager [SessionImpl(269468228<open>)]
2026-06-01T20:33:30.254+08:00 DEBUG 31280 --- [pfms] [restartedMain] o.s.orm.jpa.JpaTransactionManager        : Closing JPA EntityManager after transaction
2026-06-01T20:33:30.255+08:00 DEBUG 31280 --- [pfms] [restartedMain] o.s.orm.jpa.JpaTransactionManager        : Creating new transaction with name [org.springframework.data.jpa.repository.support.SimpleJpaRepository.save]: PROPAGATION_REQUIRED,ISOLATION_DEFAULT
2026-06-01T20:33:30.255+08:00 DEBUG 31280 --- [pfms] [restartedMain] o.s.orm.jpa.JpaTransactionManager        : Opened new EntityManager [SessionImpl(1385741934<open>)] for JPA transaction
2026-06-01T20:33:30.255+08:00 DEBUG 31280 --- [pfms] [restartedMain] o.s.orm.jpa.JpaTransactionManager        : Exposing JPA transaction as JDBC [org.springframework.orm.jpa.vendor.HibernateJpaDialect$HibernateConnectionHandle@5cb6610b]
2026-06-01T20:33:30.256+08:00 DEBUG 31280 --- [pfms] [restartedMain] org.hibernate.SQL                        : 
    insert 
    into
        expense
        (aia, allowancesForParents, breakfast, criticare, date, debt, dinner, eatingOut, entertainment, groceries, haircut, holiday, incomeTax, internet, lunch, medical, mobilePhone, mortgage, others, privateTransport, propertyTax, publicTransport, shopping, sports, tech, termProtector, utilities) 
    values
        (?, ?, ?, ?, ?, ?, ?, ?, ?, ?, ?, ?, ?, ?, ?, ?, ?, ?, ?, ?, ?, ?, ?, ?, ?, ?, ?)
2026-06-01T20:33:30.257+08:00 DEBUG 31280 --- [pfms] [restartedMain] o.s.orm.jpa.JpaTransactionManager        : Initiating transaction commit
2026-06-01T20:33:30.257+08:00 DEBUG 31280 --- [pfms] [restartedMain] o.s.orm.jpa.JpaTransactionManager        : Committing JPA transaction on EntityManager [SessionImpl(1385741934<open>)]
2026-06-01T20:33:30.258+08:00 DEBUG 31280 --- [pfms] [restartedMain] o.s.orm.jpa.JpaTransactionManager        : Closing JPA EntityManager after transaction
2026-06-01T20:33:30.259+08:00 DEBUG 31280 --- [pfms] [restartedMain] o.s.orm.jpa.JpaTransactionManager        : Creating new transaction with name [org.springframework.data.jpa.repository.support.SimpleJpaRepository.save]: PROPAGATION_REQUIRED,ISOLATION_DEFAULT
2026-06-01T20:33:30.259+08:00 DEBUG 31280 --- [pfms] [restartedMain] o.s.orm.jpa.JpaTransactionManager        : Opened new EntityManager [SessionImpl(482827293<open>)] for JPA transaction
2026-06-01T20:33:30.259+08:00 DEBUG 31280 --- [pfms] [restartedMain] o.s.orm.jpa.JpaTransactionManager        : Exposing JPA transaction as JDBC [org.springframework.orm.jpa.vendor.HibernateJpaDialect$HibernateConnectionHandle@7396c8b7]
2026-06-01T20:33:30.260+08:00 DEBUG 31280 --- [pfms] [restartedMain] org.hibernate.SQL                        : 
    insert 
    into
        expense
        (aia, allowancesForParents, breakfast, criticare, date, debt, dinner, eatingOut, entertainment, groceries, haircut, holiday, incomeTax, internet, lunch, medical, mobilePhone, mortgage, others, privateTransport, propertyTax, publicTransport, shopping, sports, tech, termProtector, utilities) 
    values
        (?, ?, ?, ?, ?, ?, ?, ?, ?, ?, ?, ?, ?, ?, ?, ?, ?, ?, ?, ?, ?, ?, ?, ?, ?, ?, ?)
2026-06-01T20:33:30.261+08:00 DEBUG 31280 --- [pfms] [restartedMain] o.s.orm.jpa.JpaTransactionManager        : Initiating transaction commit
2026-06-01T20:33:30.261+08:00 DEBUG 31280 --- [pfms] [restartedMain] o.s.orm.jpa.JpaTransactionManager        : Committing JPA transaction on EntityManager [SessionImpl(482827293<open>)]
2026-06-01T20:33:30.262+08:00 DEBUG 31280 --- [pfms] [restartedMain] o.s.orm.jpa.JpaTransactionManager        : Closing JPA EntityManager after transaction
2026-06-01T20:33:30.262+08:00 DEBUG 31280 --- [pfms] [restartedMain] o.s.orm.jpa.JpaTransactionManager        : Creating new transaction with name [org.springframework.data.jpa.repository.support.SimpleJpaRepository.save]: PROPAGATION_REQUIRED,ISOLATION_DEFAULT
2026-06-01T20:33:30.262+08:00 DEBUG 31280 --- [pfms] [restartedMain] o.s.orm.jpa.JpaTransactionManager        : Opened new EntityManager [SessionImpl(1256669824<open>)] for JPA transaction
2026-06-01T20:33:30.262+08:00 DEBUG 31280 --- [pfms] [restartedMain] o.s.orm.jpa.JpaTransactionManager        : Exposing JPA transaction as JDBC [org.springframework.orm.jpa.vendor.HibernateJpaDialect$HibernateConnectionHandle@ff1e81b]
2026-06-01T20:33:30.263+08:00 DEBUG 31280 --- [pfms] [restartedMain] org.hibernate.SQL                        : 
    insert 
    into
        expense
        (aia, allowancesForParents, breakfast, criticare, date, debt, dinner, eatingOut, entertainment, groceries, haircut, holiday, incomeTax, internet, lunch, medical, mobilePhone, mortgage, others, privateTransport, propertyTax, publicTransport, shopping, sports, tech, termProtector, utilities) 
    values
        (?, ?, ?, ?, ?, ?, ?, ?, ?, ?, ?, ?, ?, ?, ?, ?, ?, ?, ?, ?, ?, ?, ?, ?, ?, ?, ?)
2026-06-01T20:33:30.264+08:00 DEBUG 31280 --- [pfms] [restartedMain] o.s.orm.jpa.JpaTransactionManager        : Initiating transaction commit
2026-06-01T20:33:30.264+08:00 DEBUG 31280 --- [pfms] [restartedMain] o.s.orm.jpa.JpaTransactionManager        : Committing JPA transaction on EntityManager [SessionImpl(1256669824<open>)]
2026-06-01T20:33:30.265+08:00 DEBUG 31280 --- [pfms] [restartedMain] o.s.orm.jpa.JpaTransactionManager        : Closing JPA EntityManager after transaction
2026-06-01T20:33:30.265+08:00 DEBUG 31280 --- [pfms] [restartedMain] o.s.orm.jpa.JpaTransactionManager        : Creating new transaction with name [org.springframework.data.jpa.repository.support.SimpleJpaRepository.save]: PROPAGATION_REQUIRED,ISOLATION_DEFAULT
2026-06-01T20:33:30.265+08:00 DEBUG 31280 --- [pfms] [restartedMain] o.s.orm.jpa.JpaTransactionManager        : Opened new EntityManager [SessionImpl(1700194189<open>)] for JPA transaction
2026-06-01T20:33:30.265+08:00 DEBUG 31280 --- [pfms] [restartedMain] o.s.orm.jpa.JpaTransactionManager        : Exposing JPA transaction as JDBC [org.springframework.orm.jpa.vendor.HibernateJpaDialect$HibernateConnectionHandle@65e76a0c]
2026-06-01T20:33:30.266+08:00 DEBUG 31280 --- [pfms] [restartedMain] org.hibernate.SQL                        : 
    insert 
    into
        expense
        (aia, allowancesForParents, breakfast, criticare, date, debt, dinner, eatingOut, entertainment, groceries, haircut, holiday, incomeTax, internet, lunch, medical, mobilePhone, mortgage, others, privateTransport, propertyTax, publicTransport, shopping, sports, tech, termProtector, utilities) 
    values
        (?, ?, ?, ?, ?, ?, ?, ?, ?, ?, ?, ?, ?, ?, ?, ?, ?, ?, ?, ?, ?, ?, ?, ?, ?, ?, ?)
2026-06-01T20:33:30.267+08:00 DEBUG 31280 --- [pfms] [restartedMain] o.s.orm.jpa.JpaTransactionManager        : Initiating transaction commit
2026-06-01T20:33:30.267+08:00 DEBUG 31280 --- [pfms] [restartedMain] o.s.orm.jpa.JpaTransactionManager        : Committing JPA transaction on EntityManager [SessionImpl(1700194189<open>)]
2026-06-01T20:33:30.268+08:00 DEBUG 31280 --- [pfms] [restartedMain] o.s.orm.jpa.JpaTransactionManager        : Closing JPA EntityManager after transaction
2026-06-01T20:33:30.268+08:00 DEBUG 31280 --- [pfms] [restartedMain] o.s.orm.jpa.JpaTransactionManager        : Creating new transaction with name [org.springframework.data.jpa.repository.support.SimpleJpaRepository.save]: PROPAGATION_REQUIRED,ISOLATION_DEFAULT
2026-06-01T20:33:30.269+08:00 DEBUG 31280 --- [pfms] [restartedMain] o.s.orm.jpa.JpaTransactionManager        : Opened new EntityManager [SessionImpl(2089807711<open>)] for JPA transaction
2026-06-01T20:33:30.269+08:00 DEBUG 31280 --- [pfms] [restartedMain] o.s.orm.jpa.JpaTransactionManager        : Exposing JPA transaction as JDBC [org.springframework.orm.jpa.vendor.HibernateJpaDialect$HibernateConnectionHandle@2a1d362b]
2026-06-01T20:33:30.269+08:00 DEBUG 31280 --- [pfms] [restartedMain] org.hibernate.SQL                        : 
    insert 
    into
        expense
        (aia, allowancesForParents, breakfast, criticare, date, debt, dinner, eatingOut, entertainment, groceries, haircut, holiday, incomeTax, internet, lunch, medical, mobilePhone, mortgage, others, privateTransport, propertyTax, publicTransport, shopping, sports, tech, termProtector, utilities) 
    values
        (?, ?, ?, ?, ?, ?, ?, ?, ?, ?, ?, ?, ?, ?, ?, ?, ?, ?, ?, ?, ?, ?, ?, ?, ?, ?, ?)
2026-06-01T20:33:30.270+08:00 DEBUG 31280 --- [pfms] [restartedMain] o.s.orm.jpa.JpaTransactionManager        : Initiating transaction commit
2026-06-01T20:33:30.270+08:00 DEBUG 31280 --- [pfms] [restartedMain] o.s.orm.jpa.JpaTransactionManager        : Committing JPA transaction on EntityManager [SessionImpl(2089807711<open>)]
2026-06-01T20:33:30.272+08:00 DEBUG 31280 --- [pfms] [restartedMain] o.s.orm.jpa.JpaTransactionManager        : Closing JPA EntityManager after transaction
2026-06-01T20:33:30.272+08:00 DEBUG 31280 --- [pfms] [restartedMain] o.s.orm.jpa.JpaTransactionManager        : Creating new transaction with name [org.springframework.data.jpa.repository.support.SimpleJpaRepository.save]: PROPAGATION_REQUIRED,ISOLATION_DEFAULT
2026-06-01T20:33:30.272+08:00 DEBUG 31280 --- [pfms] [restartedMain] o.s.orm.jpa.JpaTransactionManager        : Opened new EntityManager [SessionImpl(1016991746<open>)] for JPA transaction
2026-06-01T20:33:30.272+08:00 DEBUG 31280 --- [pfms] [restartedMain] o.s.orm.jpa.JpaTransactionManager        : Exposing JPA transaction as JDBC [org.springframework.orm.jpa.vendor.HibernateJpaDialect$HibernateConnectionHandle@7f71d5d4]
2026-06-01T20:33:30.273+08:00 DEBUG 31280 --- [pfms] [restartedMain] org.hibernate.SQL                        : 
    insert 
    into
        expense
        (aia, allowancesForParents, breakfast, criticare, date, debt, dinner, eatingOut, entertainment, groceries, haircut, holiday, incomeTax, internet, lunch, medical, mobilePhone, mortgage, others, privateTransport, propertyTax, publicTransport, shopping, sports, tech, termProtector, utilities) 
    values
        (?, ?, ?, ?, ?, ?, ?, ?, ?, ?, ?, ?, ?, ?, ?, ?, ?, ?, ?, ?, ?, ?, ?, ?, ?, ?, ?)
2026-06-01T20:33:30.274+08:00 DEBUG 31280 --- [pfms] [restartedMain] o.s.orm.jpa.JpaTransactionManager        : Initiating transaction commit
2026-06-01T20:33:30.275+08:00 DEBUG 31280 --- [pfms] [restartedMain] o.s.orm.jpa.JpaTransactionManager        : Committing JPA transaction on EntityManager [SessionImpl(1016991746<open>)]
2026-06-01T20:33:30.275+08:00 DEBUG 31280 --- [pfms] [restartedMain] o.s.orm.jpa.JpaTransactionManager        : Closing JPA EntityManager after transaction
2026-06-01T20:33:30.276+08:00 DEBUG 31280 --- [pfms] [restartedMain] o.s.orm.jpa.JpaTransactionManager        : Creating new transaction with name [org.springframework.data.jpa.repository.support.SimpleJpaRepository.save]: PROPAGATION_REQUIRED,ISOLATION_DEFAULT
2026-06-01T20:33:30.276+08:00 DEBUG 31280 --- [pfms] [restartedMain] o.s.orm.jpa.JpaTransactionManager        : Opened new EntityManager [SessionImpl(371767404<open>)] for JPA transaction
2026-06-01T20:33:30.276+08:00 DEBUG 31280 --- [pfms] [restartedMain] o.s.orm.jpa.JpaTransactionManager        : Exposing JPA transaction as JDBC [org.springframework.orm.jpa.vendor.HibernateJpaDialect$HibernateConnectionHandle@67061008]
2026-06-01T20:33:30.277+08:00 DEBUG 31280 --- [pfms] [restartedMain] org.hibernate.SQL                        : 
    insert 
    into
        expense
        (aia, allowancesForParents, breakfast, criticare, date, debt, dinner, eatingOut, entertainment, groceries, haircut, holiday, incomeTax, internet, lunch, medical, mobilePhone, mortgage, others, privateTransport, propertyTax, publicTransport, shopping, sports, tech, termProtector, utilities) 
    values
        (?, ?, ?, ?, ?, ?, ?, ?, ?, ?, ?, ?, ?, ?, ?, ?, ?, ?, ?, ?, ?, ?, ?, ?, ?, ?, ?)
2026-06-01T20:33:30.278+08:00 DEBUG 31280 --- [pfms] [restartedMain] o.s.orm.jpa.JpaTransactionManager        : Initiating transaction commit
2026-06-01T20:33:30.278+08:00 DEBUG 31280 --- [pfms] [restartedMain] o.s.orm.jpa.JpaTransactionManager        : Committing JPA transaction on EntityManager [SessionImpl(371767404<open>)]
2026-06-01T20:33:30.278+08:00 DEBUG 31280 --- [pfms] [restartedMain] o.s.orm.jpa.JpaTransactionManager        : Closing JPA EntityManager after transaction
2026-06-01T20:33:30.279+08:00 DEBUG 31280 --- [pfms] [restartedMain] o.s.orm.jpa.JpaTransactionManager        : Creating new transaction with name [org.springframework.data.jpa.repository.support.SimpleJpaRepository.save]: PROPAGATION_REQUIRED,ISOLATION_DEFAULT
2026-06-01T20:33:30.279+08:00 DEBUG 31280 --- [pfms] [restartedMain] o.s.orm.jpa.JpaTransactionManager        : Opened new EntityManager [SessionImpl(544401921<open>)] for JPA transaction
2026-06-01T20:33:30.279+08:00 DEBUG 31280 --- [pfms] [restartedMain] o.s.orm.jpa.JpaTransactionManager        : Exposing JPA transaction as JDBC [org.springframework.orm.jpa.vendor.HibernateJpaDialect$HibernateConnectionHandle@77232857]
2026-06-01T20:33:30.280+08:00 DEBUG 31280 --- [pfms] [restartedMain] org.hibernate.SQL                        : 
    insert 
    into
        expense
        (aia, allowancesForParents, breakfast, criticare, date, debt, dinner, eatingOut, entertainment, groceries, haircut, holiday, incomeTax, internet, lunch, medical, mobilePhone, mortgage, others, privateTransport, propertyTax, publicTransport, shopping, sports, tech, termProtector, utilities) 
    values
        (?, ?, ?, ?, ?, ?, ?, ?, ?, ?, ?, ?, ?, ?, ?, ?, ?, ?, ?, ?, ?, ?, ?, ?, ?, ?, ?)
2026-06-01T20:33:30.281+08:00 DEBUG 31280 --- [pfms] [restartedMain] o.s.orm.jpa.JpaTransactionManager        : Initiating transaction commit
2026-06-01T20:33:30.281+08:00 DEBUG 31280 --- [pfms] [restartedMain] o.s.orm.jpa.JpaTransactionManager        : Committing JPA transaction on EntityManager [SessionImpl(544401921<open>)]
2026-06-01T20:33:30.281+08:00 DEBUG 31280 --- [pfms] [restartedMain] o.s.orm.jpa.JpaTransactionManager        : Closing JPA EntityManager after transaction
2026-06-01T20:33:30.282+08:00 DEBUG 31280 --- [pfms] [restartedMain] o.s.orm.jpa.JpaTransactionManager        : Creating new transaction with name [org.springframework.data.jpa.repository.support.SimpleJpaRepository.save]: PROPAGATION_REQUIRED,ISOLATION_DEFAULT
2026-06-01T20:33:30.282+08:00 DEBUG 31280 --- [pfms] [restartedMain] o.s.orm.jpa.JpaTransactionManager        : Opened new EntityManager [SessionImpl(772336557<open>)] for JPA transaction
2026-06-01T20:33:30.282+08:00 DEBUG 31280 --- [pfms] [restartedMain] o.s.orm.jpa.JpaTransactionManager        : Exposing JPA transaction as JDBC [org.springframework.orm.jpa.vendor.HibernateJpaDialect$HibernateConnectionHandle@40070fab]
2026-06-01T20:33:30.282+08:00 DEBUG 31280 --- [pfms] [restartedMain] org.hibernate.SQL                        : 
    insert 
    into
        expense
        (aia, allowancesForParents, breakfast, criticare, date, debt, dinner, eatingOut, entertainment, groceries, haircut, holiday, incomeTax, internet, lunch, medical, mobilePhone, mortgage, others, privateTransport, propertyTax, publicTransport, shopping, sports, tech, termProtector, utilities) 
    values
        (?, ?, ?, ?, ?, ?, ?, ?, ?, ?, ?, ?, ?, ?, ?, ?, ?, ?, ?, ?, ?, ?, ?, ?, ?, ?, ?)
2026-06-01T20:33:30.283+08:00 DEBUG 31280 --- [pfms] [restartedMain] o.s.orm.jpa.JpaTransactionManager        : Initiating transaction commit
2026-06-01T20:33:30.283+08:00 DEBUG 31280 --- [pfms] [restartedMain] o.s.orm.jpa.JpaTransactionManager        : Committing JPA transaction on EntityManager [SessionImpl(772336557<open>)]
2026-06-01T20:33:30.284+08:00 DEBUG 31280 --- [pfms] [restartedMain] o.s.orm.jpa.JpaTransactionManager        : Closing JPA EntityManager after transaction
2026-06-01T20:33:30.284+08:00 DEBUG 31280 --- [pfms] [restartedMain] o.s.orm.jpa.JpaTransactionManager        : Creating new transaction with name [org.springframework.data.jpa.repository.support.SimpleJpaRepository.save]: PROPAGATION_REQUIRED,ISOLATION_DEFAULT
2026-06-01T20:33:30.285+08:00 DEBUG 31280 --- [pfms] [restartedMain] o.s.orm.jpa.JpaTransactionManager        : Opened new EntityManager [SessionImpl(107117878<open>)] for JPA transaction
2026-06-01T20:33:30.285+08:00 DEBUG 31280 --- [pfms] [restartedMain] o.s.orm.jpa.JpaTransactionManager        : Exposing JPA transaction as JDBC [org.springframework.orm.jpa.vendor.HibernateJpaDialect$HibernateConnectionHandle@7ee05006]
2026-06-01T20:33:30.285+08:00 DEBUG 31280 --- [pfms] [restartedMain] org.hibernate.SQL                        : 
    insert 
    into
        expense
        (aia, allowancesForParents, breakfast, criticare, date, debt, dinner, eatingOut, entertainment, groceries, haircut, holiday, incomeTax, internet, lunch, medical, mobilePhone, mortgage, others, privateTransport, propertyTax, publicTransport, shopping, sports, tech, termProtector, utilities) 
    values
        (?, ?, ?, ?, ?, ?, ?, ?, ?, ?, ?, ?, ?, ?, ?, ?, ?, ?, ?, ?, ?, ?, ?, ?, ?, ?, ?)
2026-06-01T20:33:30.287+08:00 DEBUG 31280 --- [pfms] [restartedMain] o.s.orm.jpa.JpaTransactionManager        : Initiating transaction commit
2026-06-01T20:33:30.287+08:00 DEBUG 31280 --- [pfms] [restartedMain] o.s.orm.jpa.JpaTransactionManager        : Committing JPA transaction on EntityManager [SessionImpl(107117878<open>)]
2026-06-01T20:33:30.288+08:00 DEBUG 31280 --- [pfms] [restartedMain] o.s.orm.jpa.JpaTransactionManager        : Closing JPA EntityManager after transaction
2026-06-01T20:33:30.288+08:00 DEBUG 31280 --- [pfms] [restartedMain] o.s.orm.jpa.JpaTransactionManager        : Creating new transaction with name [org.springframework.data.jpa.repository.support.SimpleJpaRepository.save]: PROPAGATION_REQUIRED,ISOLATION_DEFAULT
2026-06-01T20:33:30.288+08:00 DEBUG 31280 --- [pfms] [restartedMain] o.s.orm.jpa.JpaTransactionManager        : Opened new EntityManager [SessionImpl(1866092473<open>)] for JPA transaction
2026-06-01T20:33:30.288+08:00 DEBUG 31280 --- [pfms] [restartedMain] o.s.orm.jpa.JpaTransactionManager        : Exposing JPA transaction as JDBC [org.springframework.orm.jpa.vendor.HibernateJpaDialect$HibernateConnectionHandle@13a65238]
2026-06-01T20:33:30.289+08:00 DEBUG 31280 --- [pfms] [restartedMain] org.hibernate.SQL                        : 
    insert 
    into
        expense
        (aia, allowancesForParents, breakfast, criticare, date, debt, dinner, eatingOut, entertainment, groceries, haircut, holiday, incomeTax, internet, lunch, medical, mobilePhone, mortgage, others, privateTransport, propertyTax, publicTransport, shopping, sports, tech, termProtector, utilities) 
    values
        (?, ?, ?, ?, ?, ?, ?, ?, ?, ?, ?, ?, ?, ?, ?, ?, ?, ?, ?, ?, ?, ?, ?, ?, ?, ?, ?)
2026-06-01T20:33:30.290+08:00 DEBUG 31280 --- [pfms] [restartedMain] o.s.orm.jpa.JpaTransactionManager        : Initiating transaction commit
2026-06-01T20:33:30.290+08:00 DEBUG 31280 --- [pfms] [restartedMain] o.s.orm.jpa.JpaTransactionManager        : Committing JPA transaction on EntityManager [SessionImpl(1866092473<open>)]
2026-06-01T20:33:30.292+08:00 DEBUG 31280 --- [pfms] [restartedMain] o.s.orm.jpa.JpaTransactionManager        : Closing JPA EntityManager after transaction
2026-06-01T20:33:30.292+08:00 DEBUG 31280 --- [pfms] [restartedMain] o.s.orm.jpa.JpaTransactionManager        : Creating new transaction with name [org.springframework.data.jpa.repository.support.SimpleJpaRepository.save]: PROPAGATION_REQUIRED,ISOLATION_DEFAULT
2026-06-01T20:33:30.293+08:00 DEBUG 31280 --- [pfms] [restartedMain] o.s.orm.jpa.JpaTransactionManager        : Opened new EntityManager [SessionImpl(720453919<open>)] for JPA transaction
2026-06-01T20:33:30.293+08:00 DEBUG 31280 --- [pfms] [restartedMain] o.s.orm.jpa.JpaTransactionManager        : Exposing JPA transaction as JDBC [org.springframework.orm.jpa.vendor.HibernateJpaDialect$HibernateConnectionHandle@be7f1eb]
2026-06-01T20:33:30.293+08:00 DEBUG 31280 --- [pfms] [restartedMain] org.hibernate.SQL                        : 
    insert 
    into
        expense
        (aia, allowancesForParents, breakfast, criticare, date, debt, dinner, eatingOut, entertainment, groceries, haircut, holiday, incomeTax, internet, lunch, medical, mobilePhone, mortgage, others, privateTransport, propertyTax, publicTransport, shopping, sports, tech, termProtector, utilities) 
    values
        (?, ?, ?, ?, ?, ?, ?, ?, ?, ?, ?, ?, ?, ?, ?, ?, ?, ?, ?, ?, ?, ?, ?, ?, ?, ?, ?)
2026-06-01T20:33:30.295+08:00 DEBUG 31280 --- [pfms] [restartedMain] o.s.orm.jpa.JpaTransactionManager        : Initiating transaction commit
2026-06-01T20:33:30.295+08:00 DEBUG 31280 --- [pfms] [restartedMain] o.s.orm.jpa.JpaTransactionManager        : Committing JPA transaction on EntityManager [SessionImpl(720453919<open>)]
2026-06-01T20:33:30.295+08:00 DEBUG 31280 --- [pfms] [restartedMain] o.s.orm.jpa.JpaTransactionManager        : Closing JPA EntityManager after transaction
2026-06-01T20:33:30.296+08:00 DEBUG 31280 --- [pfms] [restartedMain] o.s.orm.jpa.JpaTransactionManager        : Creating new transaction with name [org.springframework.data.jpa.repository.support.SimpleJpaRepository.save]: PROPAGATION_REQUIRED,ISOLATION_DEFAULT
2026-06-01T20:33:30.296+08:00 DEBUG 31280 --- [pfms] [restartedMain] o.s.orm.jpa.JpaTransactionManager        : Opened new EntityManager [SessionImpl(76010537<open>)] for JPA transaction
2026-06-01T20:33:30.296+08:00 DEBUG 31280 --- [pfms] [restartedMain] o.s.orm.jpa.JpaTransactionManager        : Exposing JPA transaction as JDBC [org.springframework.orm.jpa.vendor.HibernateJpaDialect$HibernateConnectionHandle@305b15fb]
2026-06-01T20:33:30.296+08:00 DEBUG 31280 --- [pfms] [restartedMain] org.hibernate.SQL                        : 
    insert 
    into
        expense
        (aia, allowancesForParents, breakfast, criticare, date, debt, dinner, eatingOut, entertainment, groceries, haircut, holiday, incomeTax, internet, lunch, medical, mobilePhone, mortgage, others, privateTransport, propertyTax, publicTransport, shopping, sports, tech, termProtector, utilities) 
    values
        (?, ?, ?, ?, ?, ?, ?, ?, ?, ?, ?, ?, ?, ?, ?, ?, ?, ?, ?, ?, ?, ?, ?, ?, ?, ?, ?)
2026-06-01T20:33:30.298+08:00 DEBUG 31280 --- [pfms] [restartedMain] o.s.orm.jpa.JpaTransactionManager        : Initiating transaction commit
2026-06-01T20:33:30.298+08:00 DEBUG 31280 --- [pfms] [restartedMain] o.s.orm.jpa.JpaTransactionManager        : Committing JPA transaction on EntityManager [SessionImpl(76010537<open>)]
2026-06-01T20:33:30.298+08:00 DEBUG 31280 --- [pfms] [restartedMain] o.s.orm.jpa.JpaTransactionManager        : Closing JPA EntityManager after transaction
2026-06-01T20:33:30.299+08:00 DEBUG 31280 --- [pfms] [restartedMain] o.s.orm.jpa.JpaTransactionManager        : Creating new transaction with name [org.springframework.data.jpa.repository.support.SimpleJpaRepository.save]: PROPAGATION_REQUIRED,ISOLATION_DEFAULT
2026-06-01T20:33:30.299+08:00 DEBUG 31280 --- [pfms] [restartedMain] o.s.orm.jpa.JpaTransactionManager        : Opened new EntityManager [SessionImpl(830154740<open>)] for JPA transaction
2026-06-01T20:33:30.299+08:00 DEBUG 31280 --- [pfms] [restartedMain] o.s.orm.jpa.JpaTransactionManager        : Exposing JPA transaction as JDBC [org.springframework.orm.jpa.vendor.HibernateJpaDialect$HibernateConnectionHandle@59e708ed]
2026-06-01T20:33:30.300+08:00 DEBUG 31280 --- [pfms] [restartedMain] org.hibernate.SQL                        : 
    insert 
    into
        expense
        (aia, allowancesForParents, breakfast, criticare, date, debt, dinner, eatingOut, entertainment, groceries, haircut, holiday, incomeTax, internet, lunch, medical, mobilePhone, mortgage, others, privateTransport, propertyTax, publicTransport, shopping, sports, tech, termProtector, utilities) 
    values
        (?, ?, ?, ?, ?, ?, ?, ?, ?, ?, ?, ?, ?, ?, ?, ?, ?, ?, ?, ?, ?, ?, ?, ?, ?, ?, ?)
2026-06-01T20:33:30.301+08:00 DEBUG 31280 --- [pfms] [restartedMain] o.s.orm.jpa.JpaTransactionManager        : Initiating transaction commit
2026-06-01T20:33:30.301+08:00 DEBUG 31280 --- [pfms] [restartedMain] o.s.orm.jpa.JpaTransactionManager        : Committing JPA transaction on EntityManager [SessionImpl(830154740<open>)]
2026-06-01T20:33:30.302+08:00 DEBUG 31280 --- [pfms] [restartedMain] o.s.orm.jpa.JpaTransactionManager        : Closing JPA EntityManager after transaction
2026-06-01T20:33:30.302+08:00 DEBUG 31280 --- [pfms] [restartedMain] o.s.orm.jpa.JpaTransactionManager        : Creating new transaction with name [org.springframework.data.jpa.repository.support.SimpleJpaRepository.save]: PROPAGATION_REQUIRED,ISOLATION_DEFAULT
2026-06-01T20:33:30.302+08:00 DEBUG 31280 --- [pfms] [restartedMain] o.s.orm.jpa.JpaTransactionManager        : Opened new EntityManager [SessionImpl(306727712<open>)] for JPA transaction
2026-06-01T20:33:30.303+08:00 DEBUG 31280 --- [pfms] [restartedMain] o.s.orm.jpa.JpaTransactionManager        : Exposing JPA transaction as JDBC [org.springframework.orm.jpa.vendor.HibernateJpaDialect$HibernateConnectionHandle@730989e4]
2026-06-01T20:33:30.303+08:00 DEBUG 31280 --- [pfms] [restartedMain] org.hibernate.SQL                        : 
    insert 
    into
        expense
        (aia, allowancesForParents, breakfast, criticare, date, debt, dinner, eatingOut, entertainment, groceries, haircut, holiday, incomeTax, internet, lunch, medical, mobilePhone, mortgage, others, privateTransport, propertyTax, publicTransport, shopping, sports, tech, termProtector, utilities) 
    values
        (?, ?, ?, ?, ?, ?, ?, ?, ?, ?, ?, ?, ?, ?, ?, ?, ?, ?, ?, ?, ?, ?, ?, ?, ?, ?, ?)
2026-06-01T20:33:30.304+08:00 DEBUG 31280 --- [pfms] [restartedMain] o.s.orm.jpa.JpaTransactionManager        : Initiating transaction commit
2026-06-01T20:33:30.305+08:00 DEBUG 31280 --- [pfms] [restartedMain] o.s.orm.jpa.JpaTransactionManager        : Committing JPA transaction on EntityManager [SessionImpl(306727712<open>)]
2026-06-01T20:33:30.305+08:00 DEBUG 31280 --- [pfms] [restartedMain] o.s.orm.jpa.JpaTransactionManager        : Closing JPA EntityManager after transaction
2026-06-01T20:33:30.306+08:00 DEBUG 31280 --- [pfms] [restartedMain] o.s.orm.jpa.JpaTransactionManager        : Creating new transaction with name [org.springframework.data.jpa.repository.support.SimpleJpaRepository.save]: PROPAGATION_REQUIRED,ISOLATION_DEFAULT
2026-06-01T20:33:30.306+08:00 DEBUG 31280 --- [pfms] [restartedMain] o.s.orm.jpa.JpaTransactionManager        : Opened new EntityManager [SessionImpl(454741822<open>)] for JPA transaction
2026-06-01T20:33:30.306+08:00 DEBUG 31280 --- [pfms] [restartedMain] o.s.orm.jpa.JpaTransactionManager        : Exposing JPA transaction as JDBC [org.springframework.orm.jpa.vendor.HibernateJpaDialect$HibernateConnectionHandle@24e33310]
2026-06-01T20:33:30.307+08:00 DEBUG 31280 --- [pfms] [restartedMain] org.hibernate.SQL                        : 
    insert 
    into
        expense
        (aia, allowancesForParents, breakfast, criticare, date, debt, dinner, eatingOut, entertainment, groceries, haircut, holiday, incomeTax, internet, lunch, medical, mobilePhone, mortgage, others, privateTransport, propertyTax, publicTransport, shopping, sports, tech, termProtector, utilities) 
    values
        (?, ?, ?, ?, ?, ?, ?, ?, ?, ?, ?, ?, ?, ?, ?, ?, ?, ?, ?, ?, ?, ?, ?, ?, ?, ?, ?)
2026-06-01T20:33:30.308+08:00 DEBUG 31280 --- [pfms] [restartedMain] o.s.orm.jpa.JpaTransactionManager        : Initiating transaction commit
2026-06-01T20:33:30.308+08:00 DEBUG 31280 --- [pfms] [restartedMain] o.s.orm.jpa.JpaTransactionManager        : Committing JPA transaction on EntityManager [SessionImpl(454741822<open>)]
2026-06-01T20:33:30.309+08:00 DEBUG 31280 --- [pfms] [restartedMain] o.s.orm.jpa.JpaTransactionManager        : Closing JPA EntityManager after transaction
2026-06-01T20:33:30.309+08:00 DEBUG 31280 --- [pfms] [restartedMain] o.s.orm.jpa.JpaTransactionManager        : Creating new transaction with name [org.springframework.data.jpa.repository.support.SimpleJpaRepository.save]: PROPAGATION_REQUIRED,ISOLATION_DEFAULT
2026-06-01T20:33:30.310+08:00 DEBUG 31280 --- [pfms] [restartedMain] o.s.orm.jpa.JpaTransactionManager        : Opened new EntityManager [SessionImpl(638487754<open>)] for JPA transaction
2026-06-01T20:33:30.310+08:00 DEBUG 31280 --- [pfms] [restartedMain] o.s.orm.jpa.JpaTransactionManager        : Exposing JPA transaction as JDBC [org.springframework.orm.jpa.vendor.HibernateJpaDialect$HibernateConnectionHandle@1b4840a8]
2026-06-01T20:33:30.310+08:00 DEBUG 31280 --- [pfms] [restartedMain] org.hibernate.SQL                        : 
    insert 
    into
        expense
        (aia, allowancesForParents, breakfast, criticare, date, debt, dinner, eatingOut, entertainment, groceries, haircut, holiday, incomeTax, internet, lunch, medical, mobilePhone, mortgage, others, privateTransport, propertyTax, publicTransport, shopping, sports, tech, termProtector, utilities) 
    values
        (?, ?, ?, ?, ?, ?, ?, ?, ?, ?, ?, ?, ?, ?, ?, ?, ?, ?, ?, ?, ?, ?, ?, ?, ?, ?, ?)
2026-06-01T20:33:30.312+08:00 DEBUG 31280 --- [pfms] [restartedMain] o.s.orm.jpa.JpaTransactionManager        : Initiating transaction commit
2026-06-01T20:33:30.312+08:00 DEBUG 31280 --- [pfms] [restartedMain] o.s.orm.jpa.JpaTransactionManager        : Committing JPA transaction on EntityManager [SessionImpl(638487754<open>)]
2026-06-01T20:33:30.313+08:00 DEBUG 31280 --- [pfms] [restartedMain] o.s.orm.jpa.JpaTransactionManager        : Closing JPA EntityManager after transaction
2026-06-01T20:33:30.313+08:00 DEBUG 31280 --- [pfms] [restartedMain] o.s.orm.jpa.JpaTransactionManager        : Creating new transaction with name [org.springframework.data.jpa.repository.support.SimpleJpaRepository.save]: PROPAGATION_REQUIRED,ISOLATION_DEFAULT
2026-06-01T20:33:30.313+08:00 DEBUG 31280 --- [pfms] [restartedMain] o.s.orm.jpa.JpaTransactionManager        : Opened new EntityManager [SessionImpl(879544561<open>)] for JPA transaction
2026-06-01T20:33:30.314+08:00 DEBUG 31280 --- [pfms] [restartedMain] o.s.orm.jpa.JpaTransactionManager        : Exposing JPA transaction as JDBC [org.springframework.orm.jpa.vendor.HibernateJpaDialect$HibernateConnectionHandle@6d7883d4]
2026-06-01T20:33:30.314+08:00 DEBUG 31280 --- [pfms] [restartedMain] org.hibernate.SQL                        : 
    insert 
    into
        expense
        (aia, allowancesForParents, breakfast, criticare, date, debt, dinner, eatingOut, entertainment, groceries, haircut, holiday, incomeTax, internet, lunch, medical, mobilePhone, mortgage, others, privateTransport, propertyTax, publicTransport, shopping, sports, tech, termProtector, utilities) 
    values
        (?, ?, ?, ?, ?, ?, ?, ?, ?, ?, ?, ?, ?, ?, ?, ?, ?, ?, ?, ?, ?, ?, ?, ?, ?, ?, ?)
2026-06-01T20:33:30.315+08:00 DEBUG 31280 --- [pfms] [restartedMain] o.s.orm.jpa.JpaTransactionManager        : Initiating transaction commit
2026-06-01T20:33:30.315+08:00 DEBUG 31280 --- [pfms] [restartedMain] o.s.orm.jpa.JpaTransactionManager        : Committing JPA transaction on EntityManager [SessionImpl(879544561<open>)]
2026-06-01T20:33:30.316+08:00 DEBUG 31280 --- [pfms] [restartedMain] o.s.orm.jpa.JpaTransactionManager        : Closing JPA EntityManager after transaction
2026-06-01T20:33:30.316+08:00 DEBUG 31280 --- [pfms] [restartedMain] o.s.orm.jpa.JpaTransactionManager        : Creating new transaction with name [org.springframework.data.jpa.repository.support.SimpleJpaRepository.save]: PROPAGATION_REQUIRED,ISOLATION_DEFAULT
2026-06-01T20:33:30.316+08:00 DEBUG 31280 --- [pfms] [restartedMain] o.s.orm.jpa.JpaTransactionManager        : Opened new EntityManager [SessionImpl(1367662039<open>)] for JPA transaction
2026-06-01T20:33:30.317+08:00 DEBUG 31280 --- [pfms] [restartedMain] o.s.orm.jpa.JpaTransactionManager        : Exposing JPA transaction as JDBC [org.springframework.orm.jpa.vendor.HibernateJpaDialect$HibernateConnectionHandle@784b9210]
2026-06-01T20:33:30.317+08:00 DEBUG 31280 --- [pfms] [restartedMain] org.hibernate.SQL                        : 
    insert 
    into
        expense
        (aia, allowancesForParents, breakfast, criticare, date, debt, dinner, eatingOut, entertainment, groceries, haircut, holiday, incomeTax, internet, lunch, medical, mobilePhone, mortgage, others, privateTransport, propertyTax, publicTransport, shopping, sports, tech, termProtector, utilities) 
    values
        (?, ?, ?, ?, ?, ?, ?, ?, ?, ?, ?, ?, ?, ?, ?, ?, ?, ?, ?, ?, ?, ?, ?, ?, ?, ?, ?)
2026-06-01T20:33:30.319+08:00 DEBUG 31280 --- [pfms] [restartedMain] o.s.orm.jpa.JpaTransactionManager        : Initiating transaction commit
2026-06-01T20:33:30.319+08:00 DEBUG 31280 --- [pfms] [restartedMain] o.s.orm.jpa.JpaTransactionManager        : Committing JPA transaction on EntityManager [SessionImpl(1367662039<open>)]
2026-06-01T20:33:30.321+08:00 DEBUG 31280 --- [pfms] [restartedMain] o.s.orm.jpa.JpaTransactionManager        : Closing JPA EntityManager after transaction
2026-06-01T20:33:30.322+08:00 DEBUG 31280 --- [pfms] [restartedMain] o.s.orm.jpa.JpaTransactionManager        : Creating new transaction with name [org.springframework.data.jpa.repository.support.SimpleJpaRepository.save]: PROPAGATION_REQUIRED,ISOLATION_DEFAULT
2026-06-01T20:33:30.322+08:00 DEBUG 31280 --- [pfms] [restartedMain] o.s.orm.jpa.JpaTransactionManager        : Opened new EntityManager [SessionImpl(1278785296<open>)] for JPA transaction
2026-06-01T20:33:30.322+08:00 DEBUG 31280 --- [pfms] [restartedMain] o.s.orm.jpa.JpaTransactionManager        : Exposing JPA transaction as JDBC [org.springframework.orm.jpa.vendor.HibernateJpaDialect$HibernateConnectionHandle@68477795]
2026-06-01T20:33:30.322+08:00 DEBUG 31280 --- [pfms] [restartedMain] org.hibernate.SQL                        : 
    insert 
    into
        expense
        (aia, allowancesForParents, breakfast, criticare, date, debt, dinner, eatingOut, entertainment, groceries, haircut, holiday, incomeTax, internet, lunch, medical, mobilePhone, mortgage, others, privateTransport, propertyTax, publicTransport, shopping, sports, tech, termProtector, utilities) 
    values
        (?, ?, ?, ?, ?, ?, ?, ?, ?, ?, ?, ?, ?, ?, ?, ?, ?, ?, ?, ?, ?, ?, ?, ?, ?, ?, ?)
2026-06-01T20:33:30.324+08:00 DEBUG 31280 --- [pfms] [restartedMain] o.s.orm.jpa.JpaTransactionManager        : Initiating transaction commit
2026-06-01T20:33:30.324+08:00 DEBUG 31280 --- [pfms] [restartedMain] o.s.orm.jpa.JpaTransactionManager        : Committing JPA transaction on EntityManager [SessionImpl(1278785296<open>)]
2026-06-01T20:33:30.325+08:00 DEBUG 31280 --- [pfms] [restartedMain] o.s.orm.jpa.JpaTransactionManager        : Closing JPA EntityManager after transaction
2026-06-01T20:33:30.326+08:00 DEBUG 31280 --- [pfms] [restartedMain] o.s.orm.jpa.JpaTransactionManager        : Creating new transaction with name [org.springframework.data.jpa.repository.support.SimpleJpaRepository.save]: PROPAGATION_REQUIRED,ISOLATION_DEFAULT
2026-06-01T20:33:30.326+08:00 DEBUG 31280 --- [pfms] [restartedMain] o.s.orm.jpa.JpaTransactionManager        : Opened new EntityManager [SessionImpl(374645541<open>)] for JPA transaction
2026-06-01T20:33:30.326+08:00 DEBUG 31280 --- [pfms] [restartedMain] o.s.orm.jpa.JpaTransactionManager        : Exposing JPA transaction as JDBC [org.springframework.orm.jpa.vendor.HibernateJpaDialect$HibernateConnectionHandle@457c95a5]
2026-06-01T20:33:30.326+08:00 DEBUG 31280 --- [pfms] [restartedMain] org.hibernate.SQL                        : 
    insert 
    into
        expense
        (aia, allowancesForParents, breakfast, criticare, date, debt, dinner, eatingOut, entertainment, groceries, haircut, holiday, incomeTax, internet, lunch, medical, mobilePhone, mortgage, others, privateTransport, propertyTax, publicTransport, shopping, sports, tech, termProtector, utilities) 
    values
        (?, ?, ?, ?, ?, ?, ?, ?, ?, ?, ?, ?, ?, ?, ?, ?, ?, ?, ?, ?, ?, ?, ?, ?, ?, ?, ?)
2026-06-01T20:33:30.328+08:00 DEBUG 31280 --- [pfms] [restartedMain] o.s.orm.jpa.JpaTransactionManager        : Initiating transaction commit
2026-06-01T20:33:30.328+08:00 DEBUG 31280 --- [pfms] [restartedMain] o.s.orm.jpa.JpaTransactionManager        : Committing JPA transaction on EntityManager [SessionImpl(374645541<open>)]
2026-06-01T20:33:30.329+08:00 DEBUG 31280 --- [pfms] [restartedMain] o.s.orm.jpa.JpaTransactionManager        : Closing JPA EntityManager after transaction
2026-06-01T20:33:30.329+08:00 DEBUG 31280 --- [pfms] [restartedMain] o.s.orm.jpa.JpaTransactionManager        : Creating new transaction with name [org.springframework.data.jpa.repository.support.SimpleJpaRepository.save]: PROPAGATION_REQUIRED,ISOLATION_DEFAULT
2026-06-01T20:33:30.329+08:00 DEBUG 31280 --- [pfms] [restartedMain] o.s.orm.jpa.JpaTransactionManager        : Opened new EntityManager [SessionImpl(169389744<open>)] for JPA transaction
2026-06-01T20:33:30.330+08:00 DEBUG 31280 --- [pfms] [restartedMain] o.s.orm.jpa.JpaTransactionManager        : Exposing JPA transaction as JDBC [org.springframework.orm.jpa.vendor.HibernateJpaDialect$HibernateConnectionHandle@2b68c3eb]
2026-06-01T20:33:30.330+08:00 DEBUG 31280 --- [pfms] [restartedMain] org.hibernate.SQL                        : 
    insert 
    into
        expense
        (aia, allowancesForParents, breakfast, criticare, date, debt, dinner, eatingOut, entertainment, groceries, haircut, holiday, incomeTax, internet, lunch, medical, mobilePhone, mortgage, others, privateTransport, propertyTax, publicTransport, shopping, sports, tech, termProtector, utilities) 
    values
        (?, ?, ?, ?, ?, ?, ?, ?, ?, ?, ?, ?, ?, ?, ?, ?, ?, ?, ?, ?, ?, ?, ?, ?, ?, ?, ?)
2026-06-01T20:33:30.332+08:00 DEBUG 31280 --- [pfms] [restartedMain] o.s.orm.jpa.JpaTransactionManager        : Initiating transaction commit
2026-06-01T20:33:30.333+08:00 DEBUG 31280 --- [pfms] [restartedMain] o.s.orm.jpa.JpaTransactionManager        : Committing JPA transaction on EntityManager [SessionImpl(169389744<open>)]
2026-06-01T20:33:30.333+08:00 DEBUG 31280 --- [pfms] [restartedMain] o.s.orm.jpa.JpaTransactionManager        : Closing JPA EntityManager after transaction
2026-06-01T20:33:30.334+08:00 DEBUG 31280 --- [pfms] [restartedMain] o.s.orm.jpa.JpaTransactionManager        : Creating new transaction with name [org.springframework.data.jpa.repository.support.SimpleJpaRepository.save]: PROPAGATION_REQUIRED,ISOLATION_DEFAULT
2026-06-01T20:33:30.334+08:00 DEBUG 31280 --- [pfms] [restartedMain] o.s.orm.jpa.JpaTransactionManager        : Opened new EntityManager [SessionImpl(1051117126<open>)] for JPA transaction
2026-06-01T20:33:30.334+08:00 DEBUG 31280 --- [pfms] [restartedMain] o.s.orm.jpa.JpaTransactionManager        : Exposing JPA transaction as JDBC [org.springframework.orm.jpa.vendor.HibernateJpaDialect$HibernateConnectionHandle@533c2de2]
2026-06-01T20:33:30.335+08:00 DEBUG 31280 --- [pfms] [restartedMain] org.hibernate.SQL                        : 
    insert 
    into
        expense
        (aia, allowancesForParents, breakfast, criticare, date, debt, dinner, eatingOut, entertainment, groceries, haircut, holiday, incomeTax, internet, lunch, medical, mobilePhone, mortgage, others, privateTransport, propertyTax, publicTransport, shopping, sports, tech, termProtector, utilities) 
    values
        (?, ?, ?, ?, ?, ?, ?, ?, ?, ?, ?, ?, ?, ?, ?, ?, ?, ?, ?, ?, ?, ?, ?, ?, ?, ?, ?)
2026-06-01T20:33:30.336+08:00 DEBUG 31280 --- [pfms] [restartedMain] o.s.orm.jpa.JpaTransactionManager        : Initiating transaction commit
2026-06-01T20:33:30.336+08:00 DEBUG 31280 --- [pfms] [restartedMain] o.s.orm.jpa.JpaTransactionManager        : Committing JPA transaction on EntityManager [SessionImpl(1051117126<open>)]
2026-06-01T20:33:30.337+08:00 DEBUG 31280 --- [pfms] [restartedMain] o.s.orm.jpa.JpaTransactionManager        : Closing JPA EntityManager after transaction
2026-06-01T20:33:30.337+08:00 DEBUG 31280 --- [pfms] [restartedMain] o.s.orm.jpa.JpaTransactionManager        : Creating new transaction with name [org.springframework.data.jpa.repository.support.SimpleJpaRepository.save]: PROPAGATION_REQUIRED,ISOLATION_DEFAULT
2026-06-01T20:33:30.337+08:00 DEBUG 31280 --- [pfms] [restartedMain] o.s.orm.jpa.JpaTransactionManager        : Opened new EntityManager [SessionImpl(2129469628<open>)] for JPA transaction
2026-06-01T20:33:30.337+08:00 DEBUG 31280 --- [pfms] [restartedMain] o.s.orm.jpa.JpaTransactionManager        : Exposing JPA transaction as JDBC [org.springframework.orm.jpa.vendor.HibernateJpaDialect$HibernateConnectionHandle@4c8c41be]
2026-06-01T20:33:30.338+08:00 DEBUG 31280 --- [pfms] [restartedMain] org.hibernate.SQL                        : 
    insert 
    into
        expense
        (aia, allowancesForParents, breakfast, criticare, date, debt, dinner, eatingOut, entertainment, groceries, haircut, holiday, incomeTax, internet, lunch, medical, mobilePhone, mortgage, others, privateTransport, propertyTax, publicTransport, shopping, sports, tech, termProtector, utilities) 
    values
        (?, ?, ?, ?, ?, ?, ?, ?, ?, ?, ?, ?, ?, ?, ?, ?, ?, ?, ?, ?, ?, ?, ?, ?, ?, ?, ?)
2026-06-01T20:33:30.339+08:00 DEBUG 31280 --- [pfms] [restartedMain] o.s.orm.jpa.JpaTransactionManager        : Initiating transaction commit
2026-06-01T20:33:30.340+08:00 DEBUG 31280 --- [pfms] [restartedMain] o.s.orm.jpa.JpaTransactionManager        : Committing JPA transaction on EntityManager [SessionImpl(2129469628<open>)]
2026-06-01T20:33:30.340+08:00 DEBUG 31280 --- [pfms] [restartedMain] o.s.orm.jpa.JpaTransactionManager        : Closing JPA EntityManager after transaction
2026-06-01T20:33:30.342+08:00 DEBUG 31280 --- [pfms] [restartedMain] o.s.orm.jpa.JpaTransactionManager        : Creating new transaction with name [com.app.pfms.Budget.BudgetService.createBudget]: PROPAGATION_REQUIRED,ISOLATION_DEFAULT
2026-06-01T20:33:30.342+08:00 DEBUG 31280 --- [pfms] [restartedMain] o.s.orm.jpa.JpaTransactionManager        : Opened new EntityManager [SessionImpl(1423248566<open>)] for JPA transaction
2026-06-01T20:33:30.342+08:00 DEBUG 31280 --- [pfms] [restartedMain] o.s.orm.jpa.JpaTransactionManager        : Exposing JPA transaction as JDBC [org.springframework.orm.jpa.vendor.HibernateJpaDialect$HibernateConnectionHandle@372493b2]
2026-06-01T20:33:30.344+08:00 DEBUG 31280 --- [pfms] [restartedMain] o.s.d.j.r.query.PartTreeJpaQuery         : QueryPreparer: Derived query for query method [public abstract java.util.Optional com.app.pfms.Budget.BudgetDAO.findByMonth(java.time.YearMonth)]: 'SELECT b FROM Budget b WHERE b.month = :month'
2026-06-01T20:33:30.347+08:00 DEBUG 31280 --- [pfms] [restartedMain] org.hibernate.SQL                        : 
    select
        b1_0.id,
        b1_0.allowancesForParents,
        b1_0.debt,
        b1_0.food,
        b1_0.groceries,
        b1_0.haircut,
        b1_0.income,
        b1_0.insurance,
        b1_0.internet,
        b1_0.medical,
        b1_0.misc,
        b1_0.mobilePhone,
        b1_0.month,
        b1_0.mortgage,
        b1_0.retirement,
        b1_0.savings,
        b1_0.tax,
        b1_0.transport,
        b1_0.utilities 
    from
        budget b1_0 
    where
        b1_0.month=?
2026-06-01T20:33:30.354+08:00 DEBUG 31280 --- [pfms] [restartedMain] o.s.d.j.r.query.PartTreeJpaQuery         : QueryPreparer: Derived query for query method [public abstract java.util.List com.app.pfms.Expense.ExpenseDAO.findByDateBetween(java.time.LocalDate,java.time.LocalDate)]: 'SELECT e FROM Expense e WHERE e.date BETWEEN :startDate AND :endDate'
2026-06-01T20:33:30.357+08:00 DEBUG 31280 --- [pfms] [restartedMain] org.hibernate.SQL                        : 
    select
        e1_0.id,
        e1_0.aia,
        e1_0.allowancesForParents,
        e1_0.breakfast,
        e1_0.criticare,
        e1_0.date,
        e1_0.debt,
        e1_0.dinner,
        e1_0.eatingOut,
        e1_0.entertainment,
        e1_0.groceries,
        e1_0.haircut,
        e1_0.holiday,
        e1_0.incomeTax,
        e1_0.internet,
        e1_0.lunch,
        e1_0.medical,
        e1_0.mobilePhone,
        e1_0.mortgage,
        e1_0.others,
        e1_0.privateTransport,
        e1_0.propertyTax,
        e1_0.publicTransport,
        e1_0.shopping,
        e1_0.sports,
        e1_0.tech,
        e1_0.termProtector,
        e1_0.utilities 
    from
        expense e1_0 
    where
        e1_0.date between ? and ?
2026-06-01T20:33:30.361+08:00 DEBUG 31280 --- [pfms] [restartedMain] o.s.d.j.r.query.PartTreeJpaQuery         : QueryPreparer: Derived query for query method [public abstract java.util.List com.app.pfms.Expense.ExpenseDAO.findByDateBetween(java.time.LocalDate,java.time.LocalDate)]: 'SELECT e FROM Expense e WHERE e.date BETWEEN :startDate AND :endDate'
2026-06-01T20:33:30.362+08:00 DEBUG 31280 --- [pfms] [restartedMain] org.hibernate.SQL                        : 
    select
        e1_0.id,
        e1_0.aia,
        e1_0.allowancesForParents,
        e1_0.breakfast,
        e1_0.criticare,
        e1_0.date,
        e1_0.debt,
        e1_0.dinner,
        e1_0.eatingOut,
        e1_0.entertainment,
        e1_0.groceries,
        e1_0.haircut,
        e1_0.holiday,
        e1_0.incomeTax,
        e1_0.internet,
        e1_0.lunch,
        e1_0.medical,
        e1_0.mobilePhone,
        e1_0.mortgage,
        e1_0.others,
        e1_0.privateTransport,
        e1_0.propertyTax,
        e1_0.publicTransport,
        e1_0.shopping,
        e1_0.sports,
        e1_0.tech,
        e1_0.termProtector,
        e1_0.utilities 
    from
        expense e1_0 
    where
        e1_0.date between ? and ?
2026-06-01T20:33:30.364+08:00 DEBUG 31280 --- [pfms] [restartedMain] o.s.d.j.r.query.PartTreeJpaQuery         : QueryPreparer: Derived query for query method [public abstract java.util.List com.app.pfms.Expense.ExpenseDAO.findByDateBetween(java.time.LocalDate,java.time.LocalDate)]: 'SELECT e FROM Expense e WHERE e.date BETWEEN :startDate AND :endDate'
2026-06-01T20:33:30.365+08:00 DEBUG 31280 --- [pfms] [restartedMain] org.hibernate.SQL                        : 
    select
        e1_0.id,
        e1_0.aia,
        e1_0.allowancesForParents,
        e1_0.breakfast,
        e1_0.criticare,
        e1_0.date,
        e1_0.debt,
        e1_0.dinner,
        e1_0.eatingOut,
        e1_0.entertainment,
        e1_0.groceries,
        e1_0.haircut,
        e1_0.holiday,
        e1_0.incomeTax,
        e1_0.internet,
        e1_0.lunch,
        e1_0.medical,
        e1_0.mobilePhone,
        e1_0.mortgage,
        e1_0.others,
        e1_0.privateTransport,
        e1_0.propertyTax,
        e1_0.publicTransport,
        e1_0.shopping,
        e1_0.sports,
        e1_0.tech,
        e1_0.termProtector,
        e1_0.utilities 
    from
        expense e1_0 
    where
        e1_0.date between ? and ?
2026-06-01T20:33:30.367+08:00 DEBUG 31280 --- [pfms] [restartedMain] o.s.d.j.r.query.PartTreeJpaQuery         : QueryPreparer: Derived query for query method [public abstract java.util.List com.app.pfms.Expense.ExpenseDAO.findByDateBetween(java.time.LocalDate,java.time.LocalDate)]: 'SELECT e FROM Expense e WHERE e.date BETWEEN :startDate AND :endDate'
2026-06-01T20:33:30.368+08:00 DEBUG 31280 --- [pfms] [restartedMain] org.hibernate.SQL                        : 
    select
        e1_0.id,
        e1_0.aia,
        e1_0.allowancesForParents,
        e1_0.breakfast,
        e1_0.criticare,
        e1_0.date,
        e1_0.debt,
        e1_0.dinner,
        e1_0.eatingOut,
        e1_0.entertainment,
        e1_0.groceries,
        e1_0.haircut,
        e1_0.holiday,
        e1_0.incomeTax,
        e1_0.internet,
        e1_0.lunch,
        e1_0.medical,
        e1_0.mobilePhone,
        e1_0.mortgage,
        e1_0.others,
        e1_0.privateTransport,
        e1_0.propertyTax,
        e1_0.publicTransport,
        e1_0.shopping,
        e1_0.sports,
        e1_0.tech,
        e1_0.termProtector,
        e1_0.utilities 
    from
        expense e1_0 
    where
        e1_0.date between ? and ?
2026-06-01T20:33:30.370+08:00 DEBUG 31280 --- [pfms] [restartedMain] o.s.d.j.r.query.PartTreeJpaQuery         : QueryPreparer: Derived query for query method [public abstract java.util.List com.app.pfms.Expense.ExpenseDAO.findByDateBetween(java.time.LocalDate,java.time.LocalDate)]: 'SELECT e FROM Expense e WHERE e.date BETWEEN :startDate AND :endDate'
2026-06-01T20:33:30.371+08:00 DEBUG 31280 --- [pfms] [restartedMain] org.hibernate.SQL                        : 
    select
        e1_0.id,
        e1_0.aia,
        e1_0.allowancesForParents,
        e1_0.breakfast,
        e1_0.criticare,
        e1_0.date,
        e1_0.debt,
        e1_0.dinner,
        e1_0.eatingOut,
        e1_0.entertainment,
        e1_0.groceries,
        e1_0.haircut,
        e1_0.holiday,
        e1_0.incomeTax,
        e1_0.internet,
        e1_0.lunch,
        e1_0.medical,
        e1_0.mobilePhone,
        e1_0.mortgage,
        e1_0.others,
        e1_0.privateTransport,
        e1_0.propertyTax,
        e1_0.publicTransport,
        e1_0.shopping,
        e1_0.sports,
        e1_0.tech,
        e1_0.termProtector,
        e1_0.utilities 
    from
        expense e1_0 
    where
        e1_0.date between ? and ?
2026-06-01T20:33:30.372+08:00 DEBUG 31280 --- [pfms] [restartedMain] o.s.d.j.r.query.PartTreeJpaQuery         : QueryPreparer: Derived query for query method [public abstract java.util.List com.app.pfms.Expense.ExpenseDAO.findByDateBetween(java.time.LocalDate,java.time.LocalDate)]: 'SELECT e FROM Expense e WHERE e.date BETWEEN :startDate AND :endDate'
2026-06-01T20:33:30.373+08:00 DEBUG 31280 --- [pfms] [restartedMain] org.hibernate.SQL                        : 
    select
        e1_0.id,
        e1_0.aia,
        e1_0.allowancesForParents,
        e1_0.breakfast,
        e1_0.criticare,
        e1_0.date,
        e1_0.debt,
        e1_0.dinner,
        e1_0.eatingOut,
        e1_0.entertainment,
        e1_0.groceries,
        e1_0.haircut,
        e1_0.holiday,
        e1_0.incomeTax,
        e1_0.internet,
        e1_0.lunch,
        e1_0.medical,
        e1_0.mobilePhone,
        e1_0.mortgage,
        e1_0.others,
        e1_0.privateTransport,
        e1_0.propertyTax,
        e1_0.publicTransport,
        e1_0.shopping,
        e1_0.sports,
        e1_0.tech,
        e1_0.termProtector,
        e1_0.utilities 
    from
        expense e1_0 
    where
        e1_0.date between ? and ?
2026-06-01T20:33:30.375+08:00 DEBUG 31280 --- [pfms] [restartedMain] o.s.d.j.r.query.PartTreeJpaQuery         : QueryPreparer: Derived query for query method [public abstract java.util.List com.app.pfms.Expense.ExpenseDAO.findByDateBetween(java.time.LocalDate,java.time.LocalDate)]: 'SELECT e FROM Expense e WHERE e.date BETWEEN :startDate AND :endDate'
2026-06-01T20:33:30.377+08:00 DEBUG 31280 --- [pfms] [restartedMain] org.hibernate.SQL                        : 
    select
        e1_0.id,
        e1_0.aia,
        e1_0.allowancesForParents,
        e1_0.breakfast,
        e1_0.criticare,
        e1_0.date,
        e1_0.debt,
        e1_0.dinner,
        e1_0.eatingOut,
        e1_0.entertainment,
        e1_0.groceries,
        e1_0.haircut,
        e1_0.holiday,
        e1_0.incomeTax,
        e1_0.internet,
        e1_0.lunch,
        e1_0.medical,
        e1_0.mobilePhone,
        e1_0.mortgage,
        e1_0.others,
        e1_0.privateTransport,
        e1_0.propertyTax,
        e1_0.publicTransport,
        e1_0.shopping,
        e1_0.sports,
        e1_0.tech,
        e1_0.termProtector,
        e1_0.utilities 
    from
        expense e1_0 
    where
        e1_0.date between ? and ?
2026-06-01T20:33:30.380+08:00 DEBUG 31280 --- [pfms] [restartedMain] o.s.d.j.r.query.PartTreeJpaQuery         : QueryPreparer: Derived query for query method [public abstract java.util.List com.app.pfms.Expense.ExpenseDAO.findByDateBetween(java.time.LocalDate,java.time.LocalDate)]: 'SELECT e FROM Expense e WHERE e.date BETWEEN :startDate AND :endDate'
2026-06-01T20:33:30.380+08:00 DEBUG 31280 --- [pfms] [restartedMain] org.hibernate.SQL                        : 
    select
        e1_0.id,
        e1_0.aia,
        e1_0.allowancesForParents,
        e1_0.breakfast,
        e1_0.criticare,
        e1_0.date,
        e1_0.debt,
        e1_0.dinner,
        e1_0.eatingOut,
        e1_0.entertainment,
        e1_0.groceries,
        e1_0.haircut,
        e1_0.holiday,
        e1_0.incomeTax,
        e1_0.internet,
        e1_0.lunch,
        e1_0.medical,
        e1_0.mobilePhone,
        e1_0.mortgage,
        e1_0.others,
        e1_0.privateTransport,
        e1_0.propertyTax,
        e1_0.publicTransport,
        e1_0.shopping,
        e1_0.sports,
        e1_0.tech,
        e1_0.termProtector,
        e1_0.utilities 
    from
        expense e1_0 
    where
        e1_0.date between ? and ?
2026-06-01T20:33:30.383+08:00 DEBUG 31280 --- [pfms] [restartedMain] o.s.d.j.r.query.PartTreeJpaQuery         : QueryPreparer: Derived query for query method [public abstract java.util.List com.app.pfms.Expense.ExpenseDAO.findByDateBetween(java.time.LocalDate,java.time.LocalDate)]: 'SELECT e FROM Expense e WHERE e.date BETWEEN :startDate AND :endDate'
2026-06-01T20:33:30.383+08:00 DEBUG 31280 --- [pfms] [restartedMain] org.hibernate.SQL                        : 
    select
        e1_0.id,
        e1_0.aia,
        e1_0.allowancesForParents,
        e1_0.breakfast,
        e1_0.criticare,
        e1_0.date,
        e1_0.debt,
        e1_0.dinner,
        e1_0.eatingOut,
        e1_0.entertainment,
        e1_0.groceries,
        e1_0.haircut,
        e1_0.holiday,
        e1_0.incomeTax,
        e1_0.internet,
        e1_0.lunch,
        e1_0.medical,
        e1_0.mobilePhone,
        e1_0.mortgage,
        e1_0.others,
        e1_0.privateTransport,
        e1_0.propertyTax,
        e1_0.publicTransport,
        e1_0.shopping,
        e1_0.sports,
        e1_0.tech,
        e1_0.termProtector,
        e1_0.utilities 
    from
        expense e1_0 
    where
        e1_0.date between ? and ?
2026-06-01T20:33:30.385+08:00 DEBUG 31280 --- [pfms] [restartedMain] o.s.d.j.r.query.PartTreeJpaQuery         : QueryPreparer: Derived query for query method [public abstract java.util.List com.app.pfms.Expense.ExpenseDAO.findByDateBetween(java.time.LocalDate,java.time.LocalDate)]: 'SELECT e FROM Expense e WHERE e.date BETWEEN :startDate AND :endDate'
2026-06-01T20:33:30.385+08:00 DEBUG 31280 --- [pfms] [restartedMain] org.hibernate.SQL                        : 
    select
        e1_0.id,
        e1_0.aia,
        e1_0.allowancesForParents,
        e1_0.breakfast,
        e1_0.criticare,
        e1_0.date,
        e1_0.debt,
        e1_0.dinner,
        e1_0.eatingOut,
        e1_0.entertainment,
        e1_0.groceries,
        e1_0.haircut,
        e1_0.holiday,
        e1_0.incomeTax,
        e1_0.internet,
        e1_0.lunch,
        e1_0.medical,
        e1_0.mobilePhone,
        e1_0.mortgage,
        e1_0.others,
        e1_0.privateTransport,
        e1_0.propertyTax,
        e1_0.publicTransport,
        e1_0.shopping,
        e1_0.sports,
        e1_0.tech,
        e1_0.termProtector,
        e1_0.utilities 
    from
        expense e1_0 
    where
        e1_0.date between ? and ?
2026-06-01T20:33:30.386+08:00 DEBUG 31280 --- [pfms] [restartedMain] o.s.d.j.r.query.PartTreeJpaQuery         : QueryPreparer: Derived query for query method [public abstract java.util.List com.app.pfms.Expense.ExpenseDAO.findByDateBetween(java.time.LocalDate,java.time.LocalDate)]: 'SELECT e FROM Expense e WHERE e.date BETWEEN :startDate AND :endDate'
2026-06-01T20:33:30.388+08:00 DEBUG 31280 --- [pfms] [restartedMain] org.hibernate.SQL                        : 
    select
        e1_0.id,
        e1_0.aia,
        e1_0.allowancesForParents,
        e1_0.breakfast,
        e1_0.criticare,
        e1_0.date,
        e1_0.debt,
        e1_0.dinner,
        e1_0.eatingOut,
        e1_0.entertainment,
        e1_0.groceries,
        e1_0.haircut,
        e1_0.holiday,
        e1_0.incomeTax,
        e1_0.internet,
        e1_0.lunch,
        e1_0.medical,
        e1_0.mobilePhone,
        e1_0.mortgage,
        e1_0.others,
        e1_0.privateTransport,
        e1_0.propertyTax,
        e1_0.publicTransport,
        e1_0.shopping,
        e1_0.sports,
        e1_0.tech,
        e1_0.termProtector,
        e1_0.utilities 
    from
        expense e1_0 
    where
        e1_0.date between ? and ?
2026-06-01T20:33:30.389+08:00 DEBUG 31280 --- [pfms] [restartedMain] o.s.d.j.r.query.PartTreeJpaQuery         : QueryPreparer: Derived query for query method [public abstract java.util.List com.app.pfms.Expense.ExpenseDAO.findByDateBetween(java.time.LocalDate,java.time.LocalDate)]: 'SELECT e FROM Expense e WHERE e.date BETWEEN :startDate AND :endDate'
2026-06-01T20:33:30.390+08:00 DEBUG 31280 --- [pfms] [restartedMain] org.hibernate.SQL                        : 
    select
        e1_0.id,
        e1_0.aia,
        e1_0.allowancesForParents,
        e1_0.breakfast,
        e1_0.criticare,
        e1_0.date,
        e1_0.debt,
        e1_0.dinner,
        e1_0.eatingOut,
        e1_0.entertainment,
        e1_0.groceries,
        e1_0.haircut,
        e1_0.holiday,
        e1_0.incomeTax,
        e1_0.internet,
        e1_0.lunch,
        e1_0.medical,
        e1_0.mobilePhone,
        e1_0.mortgage,
        e1_0.others,
        e1_0.privateTransport,
        e1_0.propertyTax,
        e1_0.publicTransport,
        e1_0.shopping,
        e1_0.sports,
        e1_0.tech,
        e1_0.termProtector,
        e1_0.utilities 
    from
        expense e1_0 
    where
        e1_0.date between ? and ?
2026-06-01T20:33:30.391+08:00 DEBUG 31280 --- [pfms] [restartedMain] o.s.d.j.r.query.PartTreeJpaQuery         : QueryPreparer: Derived query for query method [public abstract java.util.List com.app.pfms.Expense.ExpenseDAO.findByDateBetween(java.time.LocalDate,java.time.LocalDate)]: 'SELECT e FROM Expense e WHERE e.date BETWEEN :startDate AND :endDate'
2026-06-01T20:33:30.392+08:00 DEBUG 31280 --- [pfms] [restartedMain] org.hibernate.SQL                        : 
    select
        e1_0.id,
        e1_0.aia,
        e1_0.allowancesForParents,
        e1_0.breakfast,
        e1_0.criticare,
        e1_0.date,
        e1_0.debt,
        e1_0.dinner,
        e1_0.eatingOut,
        e1_0.entertainment,
        e1_0.groceries,
        e1_0.haircut,
        e1_0.holiday,
        e1_0.incomeTax,
        e1_0.internet,
        e1_0.lunch,
        e1_0.medical,
        e1_0.mobilePhone,
        e1_0.mortgage,
        e1_0.others,
        e1_0.privateTransport,
        e1_0.propertyTax,
        e1_0.publicTransport,
        e1_0.shopping,
        e1_0.sports,
        e1_0.tech,
        e1_0.termProtector,
        e1_0.utilities 
    from
        expense e1_0 
    where
        e1_0.date between ? and ?
2026-06-01T20:33:30.393+08:00 DEBUG 31280 --- [pfms] [restartedMain] o.s.d.j.r.query.PartTreeJpaQuery         : QueryPreparer: Derived query for query method [public abstract java.util.List com.app.pfms.Expense.ExpenseDAO.findByDateBetween(java.time.LocalDate,java.time.LocalDate)]: 'SELECT e FROM Expense e WHERE e.date BETWEEN :startDate AND :endDate'
2026-06-01T20:33:30.394+08:00 DEBUG 31280 --- [pfms] [restartedMain] org.hibernate.SQL                        : 
    select
        e1_0.id,
        e1_0.aia,
        e1_0.allowancesForParents,
        e1_0.breakfast,
        e1_0.criticare,
        e1_0.date,
        e1_0.debt,
        e1_0.dinner,
        e1_0.eatingOut,
        e1_0.entertainment,
        e1_0.groceries,
        e1_0.haircut,
        e1_0.holiday,
        e1_0.incomeTax,
        e1_0.internet,
        e1_0.lunch,
        e1_0.medical,
        e1_0.mobilePhone,
        e1_0.mortgage,
        e1_0.others,
        e1_0.privateTransport,
        e1_0.propertyTax,
        e1_0.publicTransport,
        e1_0.shopping,
        e1_0.sports,
        e1_0.tech,
        e1_0.termProtector,
        e1_0.utilities 
    from
        expense e1_0 
    where
        e1_0.date between ? and ?
2026-06-01T20:33:30.396+08:00 DEBUG 31280 --- [pfms] [restartedMain] o.s.orm.jpa.JpaTransactionManager        : Found thread-bound EntityManager [SessionImpl(1423248566<open>)] for JPA transaction
2026-06-01T20:33:30.396+08:00 DEBUG 31280 --- [pfms] [restartedMain] o.s.orm.jpa.JpaTransactionManager        : Participating in existing transaction
2026-06-01T20:33:30.397+08:00 DEBUG 31280 --- [pfms] [restartedMain] org.hibernate.SQL                        : 
    insert 
    into
        budget
        (allowancesForParents, debt, food, groceries, haircut, income, insurance, internet, medical, misc, mobilePhone, month, mortgage, retirement, savings, tax, transport, utilities) 
    values
        (?, ?, ?, ?, ?, ?, ?, ?, ?, ?, ?, ?, ?, ?, ?, ?, ?, ?)
2026-06-01T20:33:30.400+08:00 DEBUG 31280 --- [pfms] [restartedMain] o.s.orm.jpa.JpaTransactionManager        : Initiating transaction commit
2026-06-01T20:33:30.400+08:00 DEBUG 31280 --- [pfms] [restartedMain] o.s.orm.jpa.JpaTransactionManager        : Committing JPA transaction on EntityManager [SessionImpl(1423248566<open>)]
2026-06-01T20:33:30.402+08:00 DEBUG 31280 --- [pfms] [restartedMain] o.s.orm.jpa.JpaTransactionManager        : Closing JPA EntityManager after transaction
2026-06-01T20:33:30.402+08:00 DEBUG 31280 --- [pfms] [restartedMain] o.s.orm.jpa.JpaTransactionManager        : Creating new transaction with name [com.app.pfms.Budget.BudgetService.createBudget]: PROPAGATION_REQUIRED,ISOLATION_DEFAULT
2026-06-01T20:33:30.402+08:00 DEBUG 31280 --- [pfms] [restartedMain] o.s.orm.jpa.JpaTransactionManager        : Opened new EntityManager [SessionImpl(852397609<open>)] for JPA transaction
2026-06-01T20:33:30.402+08:00 DEBUG 31280 --- [pfms] [restartedMain] o.s.orm.jpa.JpaTransactionManager        : Exposing JPA transaction as JDBC [org.springframework.orm.jpa.vendor.HibernateJpaDialect$HibernateConnectionHandle@21771b7c]
2026-06-01T20:33:30.403+08:00 DEBUG 31280 --- [pfms] [restartedMain] o.s.d.j.r.query.PartTreeJpaQuery         : QueryPreparer: Derived query for query method [public abstract java.util.Optional com.app.pfms.Budget.BudgetDAO.findByMonth(java.time.YearMonth)]: 'SELECT b FROM Budget b WHERE b.month = :month'
2026-06-01T20:33:30.404+08:00 DEBUG 31280 --- [pfms] [restartedMain] org.hibernate.SQL                        : 
    select
        b1_0.id,
        b1_0.allowancesForParents,
        b1_0.debt,
        b1_0.food,
        b1_0.groceries,
        b1_0.haircut,
        b1_0.income,
        b1_0.insurance,
        b1_0.internet,
        b1_0.medical,
        b1_0.misc,
        b1_0.mobilePhone,
        b1_0.month,
        b1_0.mortgage,
        b1_0.retirement,
        b1_0.savings,
        b1_0.tax,
        b1_0.transport,
        b1_0.utilities 
    from
        budget b1_0 
    where
        b1_0.month=?
2026-06-01T20:33:30.405+08:00 DEBUG 31280 --- [pfms] [restartedMain] o.s.d.j.r.query.PartTreeJpaQuery         : QueryPreparer: Derived query for query method [public abstract java.util.List com.app.pfms.Expense.ExpenseDAO.findByDateBetween(java.time.LocalDate,java.time.LocalDate)]: 'SELECT e FROM Expense e WHERE e.date BETWEEN :startDate AND :endDate'
2026-06-01T20:33:30.406+08:00 DEBUG 31280 --- [pfms] [restartedMain] org.hibernate.SQL                        : 
    select
        e1_0.id,
        e1_0.aia,
        e1_0.allowancesForParents,
        e1_0.breakfast,
        e1_0.criticare,
        e1_0.date,
        e1_0.debt,
        e1_0.dinner,
        e1_0.eatingOut,
        e1_0.entertainment,
        e1_0.groceries,
        e1_0.haircut,
        e1_0.holiday,
        e1_0.incomeTax,
        e1_0.internet,
        e1_0.lunch,
        e1_0.medical,
        e1_0.mobilePhone,
        e1_0.mortgage,
        e1_0.others,
        e1_0.privateTransport,
        e1_0.propertyTax,
        e1_0.publicTransport,
        e1_0.shopping,
        e1_0.sports,
        e1_0.tech,
        e1_0.termProtector,
        e1_0.utilities 
    from
        expense e1_0 
    where
        e1_0.date between ? and ?
2026-06-01T20:33:30.407+08:00 DEBUG 31280 --- [pfms] [restartedMain] o.s.d.j.r.query.PartTreeJpaQuery         : QueryPreparer: Derived query for query method [public abstract java.util.List com.app.pfms.Expense.ExpenseDAO.findByDateBetween(java.time.LocalDate,java.time.LocalDate)]: 'SELECT e FROM Expense e WHERE e.date BETWEEN :startDate AND :endDate'
2026-06-01T20:33:30.408+08:00 DEBUG 31280 --- [pfms] [restartedMain] org.hibernate.SQL                        : 
    select
        e1_0.id,
        e1_0.aia,
        e1_0.allowancesForParents,
        e1_0.breakfast,
        e1_0.criticare,
        e1_0.date,
        e1_0.debt,
        e1_0.dinner,
        e1_0.eatingOut,
        e1_0.entertainment,
        e1_0.groceries,
        e1_0.haircut,
        e1_0.holiday,
        e1_0.incomeTax,
        e1_0.internet,
        e1_0.lunch,
        e1_0.medical,
        e1_0.mobilePhone,
        e1_0.mortgage,
        e1_0.others,
        e1_0.privateTransport,
        e1_0.propertyTax,
        e1_0.publicTransport,
        e1_0.shopping,
        e1_0.sports,
        e1_0.tech,
        e1_0.termProtector,
        e1_0.utilities 
    from
        expense e1_0 
    where
        e1_0.date between ? and ?
2026-06-01T20:33:30.409+08:00 DEBUG 31280 --- [pfms] [restartedMain] o.s.d.j.r.query.PartTreeJpaQuery         : QueryPreparer: Derived query for query method [public abstract java.util.List com.app.pfms.Expense.ExpenseDAO.findByDateBetween(java.time.LocalDate,java.time.LocalDate)]: 'SELECT e FROM Expense e WHERE e.date BETWEEN :startDate AND :endDate'
2026-06-01T20:33:30.409+08:00 DEBUG 31280 --- [pfms] [restartedMain] org.hibernate.SQL                        : 
    select
        e1_0.id,
        e1_0.aia,
        e1_0.allowancesForParents,
        e1_0.breakfast,
        e1_0.criticare,
        e1_0.date,
        e1_0.debt,
        e1_0.dinner,
        e1_0.eatingOut,
        e1_0.entertainment,
        e1_0.groceries,
        e1_0.haircut,
        e1_0.holiday,
        e1_0.incomeTax,
        e1_0.internet,
        e1_0.lunch,
        e1_0.medical,
        e1_0.mobilePhone,
        e1_0.mortgage,
        e1_0.others,
        e1_0.privateTransport,
        e1_0.propertyTax,
        e1_0.publicTransport,
        e1_0.shopping,
        e1_0.sports,
        e1_0.tech,
        e1_0.termProtector,
        e1_0.utilities 
    from
        expense e1_0 
    where
        e1_0.date between ? and ?
2026-06-01T20:33:30.410+08:00 DEBUG 31280 --- [pfms] [restartedMain] o.s.d.j.r.query.PartTreeJpaQuery         : QueryPreparer: Derived query for query method [public abstract java.util.List com.app.pfms.Expense.ExpenseDAO.findByDateBetween(java.time.LocalDate,java.time.LocalDate)]: 'SELECT e FROM Expense e WHERE e.date BETWEEN :startDate AND :endDate'
2026-06-01T20:33:30.412+08:00 DEBUG 31280 --- [pfms] [restartedMain] org.hibernate.SQL                        : 
    select
        e1_0.id,
        e1_0.aia,
        e1_0.allowancesForParents,
        e1_0.breakfast,
        e1_0.criticare,
        e1_0.date,
        e1_0.debt,
        e1_0.dinner,
        e1_0.eatingOut,
        e1_0.entertainment,
        e1_0.groceries,
        e1_0.haircut,
        e1_0.holiday,
        e1_0.incomeTax,
        e1_0.internet,
        e1_0.lunch,
        e1_0.medical,
        e1_0.mobilePhone,
        e1_0.mortgage,
        e1_0.others,
        e1_0.privateTransport,
        e1_0.propertyTax,
        e1_0.publicTransport,
        e1_0.shopping,
        e1_0.sports,
        e1_0.tech,
        e1_0.termProtector,
        e1_0.utilities 
    from
        expense e1_0 
    where
        e1_0.date between ? and ?
2026-06-01T20:33:30.413+08:00 DEBUG 31280 --- [pfms] [restartedMain] o.s.d.j.r.query.PartTreeJpaQuery         : QueryPreparer: Derived query for query method [public abstract java.util.List com.app.pfms.Expense.ExpenseDAO.findByDateBetween(java.time.LocalDate,java.time.LocalDate)]: 'SELECT e FROM Expense e WHERE e.date BETWEEN :startDate AND :endDate'
2026-06-01T20:33:30.414+08:00 DEBUG 31280 --- [pfms] [restartedMain] org.hibernate.SQL                        : 
    select
        e1_0.id,
        e1_0.aia,
        e1_0.allowancesForParents,
        e1_0.breakfast,
        e1_0.criticare,
        e1_0.date,
        e1_0.debt,
        e1_0.dinner,
        e1_0.eatingOut,
        e1_0.entertainment,
        e1_0.groceries,
        e1_0.haircut,
        e1_0.holiday,
        e1_0.incomeTax,
        e1_0.internet,
        e1_0.lunch,
        e1_0.medical,
        e1_0.mobilePhone,
        e1_0.mortgage,
        e1_0.others,
        e1_0.privateTransport,
        e1_0.propertyTax,
        e1_0.publicTransport,
        e1_0.shopping,
        e1_0.sports,
        e1_0.tech,
        e1_0.termProtector,
        e1_0.utilities 
    from
        expense e1_0 
    where
        e1_0.date between ? and ?
2026-06-01T20:33:30.415+08:00 DEBUG 31280 --- [pfms] [restartedMain] o.s.d.j.r.query.PartTreeJpaQuery         : QueryPreparer: Derived query for query method [public abstract java.util.List com.app.pfms.Expense.ExpenseDAO.findByDateBetween(java.time.LocalDate,java.time.LocalDate)]: 'SELECT e FROM Expense e WHERE e.date BETWEEN :startDate AND :endDate'
2026-06-01T20:33:30.415+08:00 DEBUG 31280 --- [pfms] [restartedMain] org.hibernate.SQL                        : 
    select
        e1_0.id,
        e1_0.aia,
        e1_0.allowancesForParents,
        e1_0.breakfast,
        e1_0.criticare,
        e1_0.date,
        e1_0.debt,
        e1_0.dinner,
        e1_0.eatingOut,
        e1_0.entertainment,
        e1_0.groceries,
        e1_0.haircut,
        e1_0.holiday,
        e1_0.incomeTax,
        e1_0.internet,
        e1_0.lunch,
        e1_0.medical,
        e1_0.mobilePhone,
        e1_0.mortgage,
        e1_0.others,
        e1_0.privateTransport,
        e1_0.propertyTax,
        e1_0.publicTransport,
        e1_0.shopping,
        e1_0.sports,
        e1_0.tech,
        e1_0.termProtector,
        e1_0.utilities 
    from
        expense e1_0 
    where
        e1_0.date between ? and ?
2026-06-01T20:33:30.416+08:00 DEBUG 31280 --- [pfms] [restartedMain] o.s.d.j.r.query.PartTreeJpaQuery         : QueryPreparer: Derived query for query method [public abstract java.util.List com.app.pfms.Expense.ExpenseDAO.findByDateBetween(java.time.LocalDate,java.time.LocalDate)]: 'SELECT e FROM Expense e WHERE e.date BETWEEN :startDate AND :endDate'
2026-06-01T20:33:30.416+08:00 DEBUG 31280 --- [pfms] [restartedMain] org.hibernate.SQL                        : 
    select
        e1_0.id,
        e1_0.aia,
        e1_0.allowancesForParents,
        e1_0.breakfast,
        e1_0.criticare,
        e1_0.date,
        e1_0.debt,
        e1_0.dinner,
        e1_0.eatingOut,
        e1_0.entertainment,
        e1_0.groceries,
        e1_0.haircut,
        e1_0.holiday,
        e1_0.incomeTax,
        e1_0.internet,
        e1_0.lunch,
        e1_0.medical,
        e1_0.mobilePhone,
        e1_0.mortgage,
        e1_0.others,
        e1_0.privateTransport,
        e1_0.propertyTax,
        e1_0.publicTransport,
        e1_0.shopping,
        e1_0.sports,
        e1_0.tech,
        e1_0.termProtector,
        e1_0.utilities 
    from
        expense e1_0 
    where
        e1_0.date between ? and ?
2026-06-01T20:33:30.417+08:00 DEBUG 31280 --- [pfms] [restartedMain] o.s.d.j.r.query.PartTreeJpaQuery         : QueryPreparer: Derived query for query method [public abstract java.util.List com.app.pfms.Expense.ExpenseDAO.findByDateBetween(java.time.LocalDate,java.time.LocalDate)]: 'SELECT e FROM Expense e WHERE e.date BETWEEN :startDate AND :endDate'
2026-06-01T20:33:30.418+08:00 DEBUG 31280 --- [pfms] [restartedMain] org.hibernate.SQL                        : 
    select
        e1_0.id,
        e1_0.aia,
        e1_0.allowancesForParents,
        e1_0.breakfast,
        e1_0.criticare,
        e1_0.date,
        e1_0.debt,
        e1_0.dinner,
        e1_0.eatingOut,
        e1_0.entertainment,
        e1_0.groceries,
        e1_0.haircut,
        e1_0.holiday,
        e1_0.incomeTax,
        e1_0.internet,
        e1_0.lunch,
        e1_0.medical,
        e1_0.mobilePhone,
        e1_0.mortgage,
        e1_0.others,
        e1_0.privateTransport,
        e1_0.propertyTax,
        e1_0.publicTransport,
        e1_0.shopping,
        e1_0.sports,
        e1_0.tech,
        e1_0.termProtector,
        e1_0.utilities 
    from
        expense e1_0 
    where
        e1_0.date between ? and ?
2026-06-01T20:33:30.419+08:00 DEBUG 31280 --- [pfms] [restartedMain] o.s.d.j.r.query.PartTreeJpaQuery         : QueryPreparer: Derived query for query method [public abstract java.util.List com.app.pfms.Expense.ExpenseDAO.findByDateBetween(java.time.LocalDate,java.time.LocalDate)]: 'SELECT e FROM Expense e WHERE e.date BETWEEN :startDate AND :endDate'
2026-06-01T20:33:30.419+08:00 DEBUG 31280 --- [pfms] [restartedMain] org.hibernate.SQL                        : 
    select
        e1_0.id,
        e1_0.aia,
        e1_0.allowancesForParents,
        e1_0.breakfast,
        e1_0.criticare,
        e1_0.date,
        e1_0.debt,
        e1_0.dinner,
        e1_0.eatingOut,
        e1_0.entertainment,
        e1_0.groceries,
        e1_0.haircut,
        e1_0.holiday,
        e1_0.incomeTax,
        e1_0.internet,
        e1_0.lunch,
        e1_0.medical,
        e1_0.mobilePhone,
        e1_0.mortgage,
        e1_0.others,
        e1_0.privateTransport,
        e1_0.propertyTax,
        e1_0.publicTransport,
        e1_0.shopping,
        e1_0.sports,
        e1_0.tech,
        e1_0.termProtector,
        e1_0.utilities 
    from
        expense e1_0 
    where
        e1_0.date between ? and ?
2026-06-01T20:33:30.420+08:00 DEBUG 31280 --- [pfms] [restartedMain] o.s.d.j.r.query.PartTreeJpaQuery         : QueryPreparer: Derived query for query method [public abstract java.util.List com.app.pfms.Expense.ExpenseDAO.findByDateBetween(java.time.LocalDate,java.time.LocalDate)]: 'SELECT e FROM Expense e WHERE e.date BETWEEN :startDate AND :endDate'
2026-06-01T20:33:30.421+08:00 DEBUG 31280 --- [pfms] [restartedMain] org.hibernate.SQL                        : 
    select
        e1_0.id,
        e1_0.aia,
        e1_0.allowancesForParents,
        e1_0.breakfast,
        e1_0.criticare,
        e1_0.date,
        e1_0.debt,
        e1_0.dinner,
        e1_0.eatingOut,
        e1_0.entertainment,
        e1_0.groceries,
        e1_0.haircut,
        e1_0.holiday,
        e1_0.incomeTax,
        e1_0.internet,
        e1_0.lunch,
        e1_0.medical,
        e1_0.mobilePhone,
        e1_0.mortgage,
        e1_0.others,
        e1_0.privateTransport,
        e1_0.propertyTax,
        e1_0.publicTransport,
        e1_0.shopping,
        e1_0.sports,
        e1_0.tech,
        e1_0.termProtector,
        e1_0.utilities 
    from
        expense e1_0 
    where
        e1_0.date between ? and ?
2026-06-01T20:33:30.422+08:00 DEBUG 31280 --- [pfms] [restartedMain] o.s.d.j.r.query.PartTreeJpaQuery         : QueryPreparer: Derived query for query method [public abstract java.util.List com.app.pfms.Expense.ExpenseDAO.findByDateBetween(java.time.LocalDate,java.time.LocalDate)]: 'SELECT e FROM Expense e WHERE e.date BETWEEN :startDate AND :endDate'
2026-06-01T20:33:30.422+08:00 DEBUG 31280 --- [pfms] [restartedMain] org.hibernate.SQL                        : 
    select
        e1_0.id,
        e1_0.aia,
        e1_0.allowancesForParents,
        e1_0.breakfast,
        e1_0.criticare,
        e1_0.date,
        e1_0.debt,
        e1_0.dinner,
        e1_0.eatingOut,
        e1_0.entertainment,
        e1_0.groceries,
        e1_0.haircut,
        e1_0.holiday,
        e1_0.incomeTax,
        e1_0.internet,
        e1_0.lunch,
        e1_0.medical,
        e1_0.mobilePhone,
        e1_0.mortgage,
        e1_0.others,
        e1_0.privateTransport,
        e1_0.propertyTax,
        e1_0.publicTransport,
        e1_0.shopping,
        e1_0.sports,
        e1_0.tech,
        e1_0.termProtector,
        e1_0.utilities 
    from
        expense e1_0 
    where
        e1_0.date between ? and ?
2026-06-01T20:33:30.423+08:00 DEBUG 31280 --- [pfms] [restartedMain] o.s.d.j.r.query.PartTreeJpaQuery         : QueryPreparer: Derived query for query method [public abstract java.util.List com.app.pfms.Expense.ExpenseDAO.findByDateBetween(java.time.LocalDate,java.time.LocalDate)]: 'SELECT e FROM Expense e WHERE e.date BETWEEN :startDate AND :endDate'
2026-06-01T20:33:30.424+08:00 DEBUG 31280 --- [pfms] [restartedMain] org.hibernate.SQL                        : 
    select
        e1_0.id,
        e1_0.aia,
        e1_0.allowancesForParents,
        e1_0.breakfast,
        e1_0.criticare,
        e1_0.date,
        e1_0.debt,
        e1_0.dinner,
        e1_0.eatingOut,
        e1_0.entertainment,
        e1_0.groceries,
        e1_0.haircut,
        e1_0.holiday,
        e1_0.incomeTax,
        e1_0.internet,
        e1_0.lunch,
        e1_0.medical,
        e1_0.mobilePhone,
        e1_0.mortgage,
        e1_0.others,
        e1_0.privateTransport,
        e1_0.propertyTax,
        e1_0.publicTransport,
        e1_0.shopping,
        e1_0.sports,
        e1_0.tech,
        e1_0.termProtector,
        e1_0.utilities 
    from
        expense e1_0 
    where
        e1_0.date between ? and ?
2026-06-01T20:33:30.425+08:00 DEBUG 31280 --- [pfms] [restartedMain] o.s.d.j.r.query.PartTreeJpaQuery         : QueryPreparer: Derived query for query method [public abstract java.util.List com.app.pfms.Expense.ExpenseDAO.findByDateBetween(java.time.LocalDate,java.time.LocalDate)]: 'SELECT e FROM Expense e WHERE e.date BETWEEN :startDate AND :endDate'
2026-06-01T20:33:30.426+08:00 DEBUG 31280 --- [pfms] [restartedMain] org.hibernate.SQL                        : 
    select
        e1_0.id,
        e1_0.aia,
        e1_0.allowancesForParents,
        e1_0.breakfast,
        e1_0.criticare,
        e1_0.date,
        e1_0.debt,
        e1_0.dinner,
        e1_0.eatingOut,
        e1_0.entertainment,
        e1_0.groceries,
        e1_0.haircut,
        e1_0.holiday,
        e1_0.incomeTax,
        e1_0.internet,
        e1_0.lunch,
        e1_0.medical,
        e1_0.mobilePhone,
        e1_0.mortgage,
        e1_0.others,
        e1_0.privateTransport,
        e1_0.propertyTax,
        e1_0.publicTransport,
        e1_0.shopping,
        e1_0.sports,
        e1_0.tech,
        e1_0.termProtector,
        e1_0.utilities 
    from
        expense e1_0 
    where
        e1_0.date between ? and ?
2026-06-01T20:33:30.427+08:00 DEBUG 31280 --- [pfms] [restartedMain] o.s.d.j.r.query.PartTreeJpaQuery         : QueryPreparer: Derived query for query method [public abstract java.util.List com.app.pfms.Expense.ExpenseDAO.findByDateBetween(java.time.LocalDate,java.time.LocalDate)]: 'SELECT e FROM Expense e WHERE e.date BETWEEN :startDate AND :endDate'
2026-06-01T20:33:30.428+08:00 DEBUG 31280 --- [pfms] [restartedMain] org.hibernate.SQL                        : 
    select
        e1_0.id,
        e1_0.aia,
        e1_0.allowancesForParents,
        e1_0.breakfast,
        e1_0.criticare,
        e1_0.date,
        e1_0.debt,
        e1_0.dinner,
        e1_0.eatingOut,
        e1_0.entertainment,
        e1_0.groceries,
        e1_0.haircut,
        e1_0.holiday,
        e1_0.incomeTax,
        e1_0.internet,
        e1_0.lunch,
        e1_0.medical,
        e1_0.mobilePhone,
        e1_0.mortgage,
        e1_0.others,
        e1_0.privateTransport,
        e1_0.propertyTax,
        e1_0.publicTransport,
        e1_0.shopping,
        e1_0.sports,
        e1_0.tech,
        e1_0.termProtector,
        e1_0.utilities 
    from
        expense e1_0 
    where
        e1_0.date between ? and ?
2026-06-01T20:33:30.429+08:00 DEBUG 31280 --- [pfms] [restartedMain] o.s.orm.jpa.JpaTransactionManager        : Found thread-bound EntityManager [SessionImpl(852397609<open>)] for JPA transaction
2026-06-01T20:33:30.429+08:00 DEBUG 31280 --- [pfms] [restartedMain] o.s.orm.jpa.JpaTransactionManager        : Participating in existing transaction
2026-06-01T20:33:30.430+08:00 DEBUG 31280 --- [pfms] [restartedMain] org.hibernate.SQL                        : 
    insert 
    into
        budget
        (allowancesForParents, debt, food, groceries, haircut, income, insurance, internet, medical, misc, mobilePhone, month, mortgage, retirement, savings, tax, transport, utilities) 
    values
        (?, ?, ?, ?, ?, ?, ?, ?, ?, ?, ?, ?, ?, ?, ?, ?, ?, ?)
2026-06-01T20:33:30.430+08:00 DEBUG 31280 --- [pfms] [restartedMain] o.s.orm.jpa.JpaTransactionManager        : Initiating transaction commit
2026-06-01T20:33:30.430+08:00 DEBUG 31280 --- [pfms] [restartedMain] o.s.orm.jpa.JpaTransactionManager        : Committing JPA transaction on EntityManager [SessionImpl(852397609<open>)]
2026-06-01T20:33:30.432+08:00 DEBUG 31280 --- [pfms] [restartedMain] o.s.orm.jpa.JpaTransactionManager        : Closing JPA EntityManager after transaction
2026-06-01T20:33:30.432+08:00 DEBUG 31280 --- [pfms] [restartedMain] o.s.orm.jpa.JpaTransactionManager        : Creating new transaction with name [com.app.pfms.Budget.BudgetService.createBudget]: PROPAGATION_REQUIRED,ISOLATION_DEFAULT
2026-06-01T20:33:30.432+08:00 DEBUG 31280 --- [pfms] [restartedMain] o.s.orm.jpa.JpaTransactionManager        : Opened new EntityManager [SessionImpl(977603943<open>)] for JPA transaction
2026-06-01T20:33:30.432+08:00 DEBUG 31280 --- [pfms] [restartedMain] o.s.orm.jpa.JpaTransactionManager        : Exposing JPA transaction as JDBC [org.springframework.orm.jpa.vendor.HibernateJpaDialect$HibernateConnectionHandle@7928d3ce]
2026-06-01T20:33:30.433+08:00 DEBUG 31280 --- [pfms] [restartedMain] o.s.d.j.r.query.PartTreeJpaQuery         : QueryPreparer: Derived query for query method [public abstract java.util.Optional com.app.pfms.Budget.BudgetDAO.findByMonth(java.time.YearMonth)]: 'SELECT b FROM Budget b WHERE b.month = :month'
2026-06-01T20:33:30.433+08:00 DEBUG 31280 --- [pfms] [restartedMain] org.hibernate.SQL                        : 
    select
        b1_0.id,
        b1_0.allowancesForParents,
        b1_0.debt,
        b1_0.food,
        b1_0.groceries,
        b1_0.haircut,
        b1_0.income,
        b1_0.insurance,
        b1_0.internet,
        b1_0.medical,
        b1_0.misc,
        b1_0.mobilePhone,
        b1_0.month,
        b1_0.mortgage,
        b1_0.retirement,
        b1_0.savings,
        b1_0.tax,
        b1_0.transport,
        b1_0.utilities 
    from
        budget b1_0 
    where
        b1_0.month=?
2026-06-01T20:33:30.434+08:00 DEBUG 31280 --- [pfms] [restartedMain] o.s.d.j.r.query.PartTreeJpaQuery         : QueryPreparer: Derived query for query method [public abstract java.util.List com.app.pfms.Expense.ExpenseDAO.findByDateBetween(java.time.LocalDate,java.time.LocalDate)]: 'SELECT e FROM Expense e WHERE e.date BETWEEN :startDate AND :endDate'
2026-06-01T20:33:30.435+08:00 DEBUG 31280 --- [pfms] [restartedMain] org.hibernate.SQL                        : 
    select
        e1_0.id,
        e1_0.aia,
        e1_0.allowancesForParents,
        e1_0.breakfast,
        e1_0.criticare,
        e1_0.date,
        e1_0.debt,
        e1_0.dinner,
        e1_0.eatingOut,
        e1_0.entertainment,
        e1_0.groceries,
        e1_0.haircut,
        e1_0.holiday,
        e1_0.incomeTax,
        e1_0.internet,
        e1_0.lunch,
        e1_0.medical,
        e1_0.mobilePhone,
        e1_0.mortgage,
        e1_0.others,
        e1_0.privateTransport,
        e1_0.propertyTax,
        e1_0.publicTransport,
        e1_0.shopping,
        e1_0.sports,
        e1_0.tech,
        e1_0.termProtector,
        e1_0.utilities 
    from
        expense e1_0 
    where
        e1_0.date between ? and ?
2026-06-01T20:33:30.438+08:00 DEBUG 31280 --- [pfms] [restartedMain] o.s.d.j.r.query.PartTreeJpaQuery         : QueryPreparer: Derived query for query method [public abstract java.util.List com.app.pfms.Expense.ExpenseDAO.findByDateBetween(java.time.LocalDate,java.time.LocalDate)]: 'SELECT e FROM Expense e WHERE e.date BETWEEN :startDate AND :endDate'
2026-06-01T20:33:30.439+08:00 DEBUG 31280 --- [pfms] [restartedMain] org.hibernate.SQL                        : 
    select
        e1_0.id,
        e1_0.aia,
        e1_0.allowancesForParents,
        e1_0.breakfast,
        e1_0.criticare,
        e1_0.date,
        e1_0.debt,
        e1_0.dinner,
        e1_0.eatingOut,
        e1_0.entertainment,
        e1_0.groceries,
        e1_0.haircut,
        e1_0.holiday,
        e1_0.incomeTax,
        e1_0.internet,
        e1_0.lunch,
        e1_0.medical,
        e1_0.mobilePhone,
        e1_0.mortgage,
        e1_0.others,
        e1_0.privateTransport,
        e1_0.propertyTax,
        e1_0.publicTransport,
        e1_0.shopping,
        e1_0.sports,
        e1_0.tech,
        e1_0.termProtector,
        e1_0.utilities 
    from
        expense e1_0 
    where
        e1_0.date between ? and ?
2026-06-01T20:33:30.440+08:00 DEBUG 31280 --- [pfms] [restartedMain] o.s.d.j.r.query.PartTreeJpaQuery         : QueryPreparer: Derived query for query method [public abstract java.util.List com.app.pfms.Expense.ExpenseDAO.findByDateBetween(java.time.LocalDate,java.time.LocalDate)]: 'SELECT e FROM Expense e WHERE e.date BETWEEN :startDate AND :endDate'
2026-06-01T20:33:30.442+08:00 DEBUG 31280 --- [pfms] [restartedMain] org.hibernate.SQL                        : 
    select
        e1_0.id,
        e1_0.aia,
        e1_0.allowancesForParents,
        e1_0.breakfast,
        e1_0.criticare,
        e1_0.date,
        e1_0.debt,
        e1_0.dinner,
        e1_0.eatingOut,
        e1_0.entertainment,
        e1_0.groceries,
        e1_0.haircut,
        e1_0.holiday,
        e1_0.incomeTax,
        e1_0.internet,
        e1_0.lunch,
        e1_0.medical,
        e1_0.mobilePhone,
        e1_0.mortgage,
        e1_0.others,
        e1_0.privateTransport,
        e1_0.propertyTax,
        e1_0.publicTransport,
        e1_0.shopping,
        e1_0.sports,
        e1_0.tech,
        e1_0.termProtector,
        e1_0.utilities 
    from
        expense e1_0 
    where
        e1_0.date between ? and ?
2026-06-01T20:33:30.443+08:00 DEBUG 31280 --- [pfms] [restartedMain] o.s.d.j.r.query.PartTreeJpaQuery         : QueryPreparer: Derived query for query method [public abstract java.util.List com.app.pfms.Expense.ExpenseDAO.findByDateBetween(java.time.LocalDate,java.time.LocalDate)]: 'SELECT e FROM Expense e WHERE e.date BETWEEN :startDate AND :endDate'
2026-06-01T20:33:30.444+08:00 DEBUG 31280 --- [pfms] [restartedMain] org.hibernate.SQL                        : 
    select
        e1_0.id,
        e1_0.aia,
        e1_0.allowancesForParents,
        e1_0.breakfast,
        e1_0.criticare,
        e1_0.date,
        e1_0.debt,
        e1_0.dinner,
        e1_0.eatingOut,
        e1_0.entertainment,
        e1_0.groceries,
        e1_0.haircut,
        e1_0.holiday,
        e1_0.incomeTax,
        e1_0.internet,
        e1_0.lunch,
        e1_0.medical,
        e1_0.mobilePhone,
        e1_0.mortgage,
        e1_0.others,
        e1_0.privateTransport,
        e1_0.propertyTax,
        e1_0.publicTransport,
        e1_0.shopping,
        e1_0.sports,
        e1_0.tech,
        e1_0.termProtector,
        e1_0.utilities 
    from
        expense e1_0 
    where
        e1_0.date between ? and ?
2026-06-01T20:33:30.445+08:00 DEBUG 31280 --- [pfms] [restartedMain] o.s.d.j.r.query.PartTreeJpaQuery         : QueryPreparer: Derived query for query method [public abstract java.util.List com.app.pfms.Expense.ExpenseDAO.findByDateBetween(java.time.LocalDate,java.time.LocalDate)]: 'SELECT e FROM Expense e WHERE e.date BETWEEN :startDate AND :endDate'
2026-06-01T20:33:30.446+08:00 DEBUG 31280 --- [pfms] [restartedMain] org.hibernate.SQL                        : 
    select
        e1_0.id,
        e1_0.aia,
        e1_0.allowancesForParents,
        e1_0.breakfast,
        e1_0.criticare,
        e1_0.date,
        e1_0.debt,
        e1_0.dinner,
        e1_0.eatingOut,
        e1_0.entertainment,
        e1_0.groceries,
        e1_0.haircut,
        e1_0.holiday,
        e1_0.incomeTax,
        e1_0.internet,
        e1_0.lunch,
        e1_0.medical,
        e1_0.mobilePhone,
        e1_0.mortgage,
        e1_0.others,
        e1_0.privateTransport,
        e1_0.propertyTax,
        e1_0.publicTransport,
        e1_0.shopping,
        e1_0.sports,
        e1_0.tech,
        e1_0.termProtector,
        e1_0.utilities 
    from
        expense e1_0 
    where
        e1_0.date between ? and ?
2026-06-01T20:33:30.447+08:00 DEBUG 31280 --- [pfms] [restartedMain] o.s.d.j.r.query.PartTreeJpaQuery         : QueryPreparer: Derived query for query method [public abstract java.util.List com.app.pfms.Expense.ExpenseDAO.findByDateBetween(java.time.LocalDate,java.time.LocalDate)]: 'SELECT e FROM Expense e WHERE e.date BETWEEN :startDate AND :endDate'
2026-06-01T20:33:30.447+08:00 DEBUG 31280 --- [pfms] [restartedMain] org.hibernate.SQL                        : 
    select
        e1_0.id,
        e1_0.aia,
        e1_0.allowancesForParents,
        e1_0.breakfast,
        e1_0.criticare,
        e1_0.date,
        e1_0.debt,
        e1_0.dinner,
        e1_0.eatingOut,
        e1_0.entertainment,
        e1_0.groceries,
        e1_0.haircut,
        e1_0.holiday,
        e1_0.incomeTax,
        e1_0.internet,
        e1_0.lunch,
        e1_0.medical,
        e1_0.mobilePhone,
        e1_0.mortgage,
        e1_0.others,
        e1_0.privateTransport,
        e1_0.propertyTax,
        e1_0.publicTransport,
        e1_0.shopping,
        e1_0.sports,
        e1_0.tech,
        e1_0.termProtector,
        e1_0.utilities 
    from
        expense e1_0 
    where
        e1_0.date between ? and ?
2026-06-01T20:33:30.448+08:00 DEBUG 31280 --- [pfms] [restartedMain] o.s.d.j.r.query.PartTreeJpaQuery         : QueryPreparer: Derived query for query method [public abstract java.util.List com.app.pfms.Expense.ExpenseDAO.findByDateBetween(java.time.LocalDate,java.time.LocalDate)]: 'SELECT e FROM Expense e WHERE e.date BETWEEN :startDate AND :endDate'
2026-06-01T20:33:30.449+08:00 DEBUG 31280 --- [pfms] [restartedMain] org.hibernate.SQL                        : 
    select
        e1_0.id,
        e1_0.aia,
        e1_0.allowancesForParents,
        e1_0.breakfast,
        e1_0.criticare,
        e1_0.date,
        e1_0.debt,
        e1_0.dinner,
        e1_0.eatingOut,
        e1_0.entertainment,
        e1_0.groceries,
        e1_0.haircut,
        e1_0.holiday,
        e1_0.incomeTax,
        e1_0.internet,
        e1_0.lunch,
        e1_0.medical,
        e1_0.mobilePhone,
        e1_0.mortgage,
        e1_0.others,
        e1_0.privateTransport,
        e1_0.propertyTax,
        e1_0.publicTransport,
        e1_0.shopping,
        e1_0.sports,
        e1_0.tech,
        e1_0.termProtector,
        e1_0.utilities 
    from
        expense e1_0 
    where
        e1_0.date between ? and ?
2026-06-01T20:33:30.450+08:00 DEBUG 31280 --- [pfms] [restartedMain] o.s.d.j.r.query.PartTreeJpaQuery         : QueryPreparer: Derived query for query method [public abstract java.util.List com.app.pfms.Expense.ExpenseDAO.findByDateBetween(java.time.LocalDate,java.time.LocalDate)]: 'SELECT e FROM Expense e WHERE e.date BETWEEN :startDate AND :endDate'
2026-06-01T20:33:30.451+08:00 DEBUG 31280 --- [pfms] [restartedMain] org.hibernate.SQL                        : 
    select
        e1_0.id,
        e1_0.aia,
        e1_0.allowancesForParents,
        e1_0.breakfast,
        e1_0.criticare,
        e1_0.date,
        e1_0.debt,
        e1_0.dinner,
        e1_0.eatingOut,
        e1_0.entertainment,
        e1_0.groceries,
        e1_0.haircut,
        e1_0.holiday,
        e1_0.incomeTax,
        e1_0.internet,
        e1_0.lunch,
        e1_0.medical,
        e1_0.mobilePhone,
        e1_0.mortgage,
        e1_0.others,
        e1_0.privateTransport,
        e1_0.propertyTax,
        e1_0.publicTransport,
        e1_0.shopping,
        e1_0.sports,
        e1_0.tech,
        e1_0.termProtector,
        e1_0.utilities 
    from
        expense e1_0 
    where
        e1_0.date between ? and ?
2026-06-01T20:33:30.452+08:00 DEBUG 31280 --- [pfms] [restartedMain] o.s.d.j.r.query.PartTreeJpaQuery         : QueryPreparer: Derived query for query method [public abstract java.util.List com.app.pfms.Expense.ExpenseDAO.findByDateBetween(java.time.LocalDate,java.time.LocalDate)]: 'SELECT e FROM Expense e WHERE e.date BETWEEN :startDate AND :endDate'
2026-06-01T20:33:30.452+08:00 DEBUG 31280 --- [pfms] [restartedMain] org.hibernate.SQL                        : 
    select
        e1_0.id,
        e1_0.aia,
        e1_0.allowancesForParents,
        e1_0.breakfast,
        e1_0.criticare,
        e1_0.date,
        e1_0.debt,
        e1_0.dinner,
        e1_0.eatingOut,
        e1_0.entertainment,
        e1_0.groceries,
        e1_0.haircut,
        e1_0.holiday,
        e1_0.incomeTax,
        e1_0.internet,
        e1_0.lunch,
        e1_0.medical,
        e1_0.mobilePhone,
        e1_0.mortgage,
        e1_0.others,
        e1_0.privateTransport,
        e1_0.propertyTax,
        e1_0.publicTransport,
        e1_0.shopping,
        e1_0.sports,
        e1_0.tech,
        e1_0.termProtector,
        e1_0.utilities 
    from
        expense e1_0 
    where
        e1_0.date between ? and ?
2026-06-01T20:33:30.453+08:00 DEBUG 31280 --- [pfms] [restartedMain] o.s.d.j.r.query.PartTreeJpaQuery         : QueryPreparer: Derived query for query method [public abstract java.util.List com.app.pfms.Expense.ExpenseDAO.findByDateBetween(java.time.LocalDate,java.time.LocalDate)]: 'SELECT e FROM Expense e WHERE e.date BETWEEN :startDate AND :endDate'
2026-06-01T20:33:30.454+08:00 DEBUG 31280 --- [pfms] [restartedMain] org.hibernate.SQL                        : 
    select
        e1_0.id,
        e1_0.aia,
        e1_0.allowancesForParents,
        e1_0.breakfast,
        e1_0.criticare,
        e1_0.date,
        e1_0.debt,
        e1_0.dinner,
        e1_0.eatingOut,
        e1_0.entertainment,
        e1_0.groceries,
        e1_0.haircut,
        e1_0.holiday,
        e1_0.incomeTax,
        e1_0.internet,
        e1_0.lunch,
        e1_0.medical,
        e1_0.mobilePhone,
        e1_0.mortgage,
        e1_0.others,
        e1_0.privateTransport,
        e1_0.propertyTax,
        e1_0.publicTransport,
        e1_0.shopping,
        e1_0.sports,
        e1_0.tech,
        e1_0.termProtector,
        e1_0.utilities 
    from
        expense e1_0 
    where
        e1_0.date between ? and ?
2026-06-01T20:33:30.455+08:00 DEBUG 31280 --- [pfms] [restartedMain] o.s.d.j.r.query.PartTreeJpaQuery         : QueryPreparer: Derived query for query method [public abstract java.util.List com.app.pfms.Expense.ExpenseDAO.findByDateBetween(java.time.LocalDate,java.time.LocalDate)]: 'SELECT e FROM Expense e WHERE e.date BETWEEN :startDate AND :endDate'
2026-06-01T20:33:30.456+08:00 DEBUG 31280 --- [pfms] [restartedMain] org.hibernate.SQL                        : 
    select
        e1_0.id,
        e1_0.aia,
        e1_0.allowancesForParents,
        e1_0.breakfast,
        e1_0.criticare,
        e1_0.date,
        e1_0.debt,
        e1_0.dinner,
        e1_0.eatingOut,
        e1_0.entertainment,
        e1_0.groceries,
        e1_0.haircut,
        e1_0.holiday,
        e1_0.incomeTax,
        e1_0.internet,
        e1_0.lunch,
        e1_0.medical,
        e1_0.mobilePhone,
        e1_0.mortgage,
        e1_0.others,
        e1_0.privateTransport,
        e1_0.propertyTax,
        e1_0.publicTransport,
        e1_0.shopping,
        e1_0.sports,
        e1_0.tech,
        e1_0.termProtector,
        e1_0.utilities 
    from
        expense e1_0 
    where
        e1_0.date between ? and ?
2026-06-01T20:33:30.457+08:00 DEBUG 31280 --- [pfms] [restartedMain] o.s.d.j.r.query.PartTreeJpaQuery         : QueryPreparer: Derived query for query method [public abstract java.util.List com.app.pfms.Expense.ExpenseDAO.findByDateBetween(java.time.LocalDate,java.time.LocalDate)]: 'SELECT e FROM Expense e WHERE e.date BETWEEN :startDate AND :endDate'
2026-06-01T20:33:30.458+08:00 DEBUG 31280 --- [pfms] [restartedMain] org.hibernate.SQL                        : 
    select
        e1_0.id,
        e1_0.aia,
        e1_0.allowancesForParents,
        e1_0.breakfast,
        e1_0.criticare,
        e1_0.date,
        e1_0.debt,
        e1_0.dinner,
        e1_0.eatingOut,
        e1_0.entertainment,
        e1_0.groceries,
        e1_0.haircut,
        e1_0.holiday,
        e1_0.incomeTax,
        e1_0.internet,
        e1_0.lunch,
        e1_0.medical,
        e1_0.mobilePhone,
        e1_0.mortgage,
        e1_0.others,
        e1_0.privateTransport,
        e1_0.propertyTax,
        e1_0.publicTransport,
        e1_0.shopping,
        e1_0.sports,
        e1_0.tech,
        e1_0.termProtector,
        e1_0.utilities 
    from
        expense e1_0 
    where
        e1_0.date between ? and ?
2026-06-01T20:33:30.459+08:00 DEBUG 31280 --- [pfms] [restartedMain] o.s.d.j.r.query.PartTreeJpaQuery         : QueryPreparer: Derived query for query method [public abstract java.util.List com.app.pfms.Expense.ExpenseDAO.findByDateBetween(java.time.LocalDate,java.time.LocalDate)]: 'SELECT e FROM Expense e WHERE e.date BETWEEN :startDate AND :endDate'
2026-06-01T20:33:30.460+08:00 DEBUG 31280 --- [pfms] [restartedMain] org.hibernate.SQL                        : 
    select
        e1_0.id,
        e1_0.aia,
        e1_0.allowancesForParents,
        e1_0.breakfast,
        e1_0.criticare,
        e1_0.date,
        e1_0.debt,
        e1_0.dinner,
        e1_0.eatingOut,
        e1_0.entertainment,
        e1_0.groceries,
        e1_0.haircut,
        e1_0.holiday,
        e1_0.incomeTax,
        e1_0.internet,
        e1_0.lunch,
        e1_0.medical,
        e1_0.mobilePhone,
        e1_0.mortgage,
        e1_0.others,
        e1_0.privateTransport,
        e1_0.propertyTax,
        e1_0.publicTransport,
        e1_0.shopping,
        e1_0.sports,
        e1_0.tech,
        e1_0.termProtector,
        e1_0.utilities 
    from
        expense e1_0 
    where
        e1_0.date between ? and ?
2026-06-01T20:33:30.461+08:00 DEBUG 31280 --- [pfms] [restartedMain] o.s.d.j.r.query.PartTreeJpaQuery         : QueryPreparer: Derived query for query method [public abstract java.util.List com.app.pfms.Expense.ExpenseDAO.findByDateBetween(java.time.LocalDate,java.time.LocalDate)]: 'SELECT e FROM Expense e WHERE e.date BETWEEN :startDate AND :endDate'
2026-06-01T20:33:30.462+08:00 DEBUG 31280 --- [pfms] [restartedMain] org.hibernate.SQL                        : 
    select
        e1_0.id,
        e1_0.aia,
        e1_0.allowancesForParents,
        e1_0.breakfast,
        e1_0.criticare,
        e1_0.date,
        e1_0.debt,
        e1_0.dinner,
        e1_0.eatingOut,
        e1_0.entertainment,
        e1_0.groceries,
        e1_0.haircut,
        e1_0.holiday,
        e1_0.incomeTax,
        e1_0.internet,
        e1_0.lunch,
        e1_0.medical,
        e1_0.mobilePhone,
        e1_0.mortgage,
        e1_0.others,
        e1_0.privateTransport,
        e1_0.propertyTax,
        e1_0.publicTransport,
        e1_0.shopping,
        e1_0.sports,
        e1_0.tech,
        e1_0.termProtector,
        e1_0.utilities 
    from
        expense e1_0 
    where
        e1_0.date between ? and ?
2026-06-01T20:33:30.463+08:00 DEBUG 31280 --- [pfms] [restartedMain] o.s.orm.jpa.JpaTransactionManager        : Found thread-bound EntityManager [SessionImpl(977603943<open>)] for JPA transaction
2026-06-01T20:33:30.464+08:00 DEBUG 31280 --- [pfms] [restartedMain] o.s.orm.jpa.JpaTransactionManager        : Participating in existing transaction
2026-06-01T20:33:30.464+08:00 DEBUG 31280 --- [pfms] [restartedMain] org.hibernate.SQL                        : 
    insert 
    into
        budget
        (allowancesForParents, debt, food, groceries, haircut, income, insurance, internet, medical, misc, mobilePhone, month, mortgage, retirement, savings, tax, transport, utilities) 
    values
        (?, ?, ?, ?, ?, ?, ?, ?, ?, ?, ?, ?, ?, ?, ?, ?, ?, ?)
2026-06-01T20:33:30.465+08:00 DEBUG 31280 --- [pfms] [restartedMain] o.s.orm.jpa.JpaTransactionManager        : Initiating transaction commit
2026-06-01T20:33:30.465+08:00 DEBUG 31280 --- [pfms] [restartedMain] o.s.orm.jpa.JpaTransactionManager        : Committing JPA transaction on EntityManager [SessionImpl(977603943<open>)]
2026-06-01T20:33:30.468+08:00 DEBUG 31280 --- [pfms] [restartedMain] o.s.orm.jpa.JpaTransactionManager        : Closing JPA EntityManager after transaction
2026-06-01T20:33:30.468+08:00 DEBUG 31280 --- [pfms] [restartedMain] o.s.orm.jpa.JpaTransactionManager        : Creating new transaction with name [com.app.pfms.Budget.BudgetService.createBudget]: PROPAGATION_REQUIRED,ISOLATION_DEFAULT
2026-06-01T20:33:30.468+08:00 DEBUG 31280 --- [pfms] [restartedMain] o.s.orm.jpa.JpaTransactionManager        : Opened new EntityManager [SessionImpl(1453201581<open>)] for JPA transaction
2026-06-01T20:33:30.468+08:00 DEBUG 31280 --- [pfms] [restartedMain] o.s.orm.jpa.JpaTransactionManager        : Exposing JPA transaction as JDBC [org.springframework.orm.jpa.vendor.HibernateJpaDialect$HibernateConnectionHandle@6ea11148]
2026-06-01T20:33:30.469+08:00 DEBUG 31280 --- [pfms] [restartedMain] o.s.d.j.r.query.PartTreeJpaQuery         : QueryPreparer: Derived query for query method [public abstract java.util.Optional com.app.pfms.Budget.BudgetDAO.findByMonth(java.time.YearMonth)]: 'SELECT b FROM Budget b WHERE b.month = :month'
2026-06-01T20:33:30.469+08:00 DEBUG 31280 --- [pfms] [restartedMain] org.hibernate.SQL                        : 
    select
        b1_0.id,
        b1_0.allowancesForParents,
        b1_0.debt,
        b1_0.food,
        b1_0.groceries,
        b1_0.haircut,
        b1_0.income,
        b1_0.insurance,
        b1_0.internet,
        b1_0.medical,
        b1_0.misc,
        b1_0.mobilePhone,
        b1_0.month,
        b1_0.mortgage,
        b1_0.retirement,
        b1_0.savings,
        b1_0.tax,
        b1_0.transport,
        b1_0.utilities 
    from
        budget b1_0 
    where
        b1_0.month=?
2026-06-01T20:33:30.470+08:00 DEBUG 31280 --- [pfms] [restartedMain] o.s.d.j.r.query.PartTreeJpaQuery         : QueryPreparer: Derived query for query method [public abstract java.util.List com.app.pfms.Expense.ExpenseDAO.findByDateBetween(java.time.LocalDate,java.time.LocalDate)]: 'SELECT e FROM Expense e WHERE e.date BETWEEN :startDate AND :endDate'
2026-06-01T20:33:30.470+08:00 DEBUG 31280 --- [pfms] [restartedMain] org.hibernate.SQL                        : 
    select
        e1_0.id,
        e1_0.aia,
        e1_0.allowancesForParents,
        e1_0.breakfast,
        e1_0.criticare,
        e1_0.date,
        e1_0.debt,
        e1_0.dinner,
        e1_0.eatingOut,
        e1_0.entertainment,
        e1_0.groceries,
        e1_0.haircut,
        e1_0.holiday,
        e1_0.incomeTax,
        e1_0.internet,
        e1_0.lunch,
        e1_0.medical,
        e1_0.mobilePhone,
        e1_0.mortgage,
        e1_0.others,
        e1_0.privateTransport,
        e1_0.propertyTax,
        e1_0.publicTransport,
        e1_0.shopping,
        e1_0.sports,
        e1_0.tech,
        e1_0.termProtector,
        e1_0.utilities 
    from
        expense e1_0 
    where
        e1_0.date between ? and ?
2026-06-01T20:33:30.474+08:00 DEBUG 31280 --- [pfms] [restartedMain] o.s.d.j.r.query.PartTreeJpaQuery         : QueryPreparer: Derived query for query method [public abstract java.util.List com.app.pfms.Expense.ExpenseDAO.findByDateBetween(java.time.LocalDate,java.time.LocalDate)]: 'SELECT e FROM Expense e WHERE e.date BETWEEN :startDate AND :endDate'
2026-06-01T20:33:30.475+08:00 DEBUG 31280 --- [pfms] [restartedMain] org.hibernate.SQL                        : 
    select
        e1_0.id,
        e1_0.aia,
        e1_0.allowancesForParents,
        e1_0.breakfast,
        e1_0.criticare,
        e1_0.date,
        e1_0.debt,
        e1_0.dinner,
        e1_0.eatingOut,
        e1_0.entertainment,
        e1_0.groceries,
        e1_0.haircut,
        e1_0.holiday,
        e1_0.incomeTax,
        e1_0.internet,
        e1_0.lunch,
        e1_0.medical,
        e1_0.mobilePhone,
        e1_0.mortgage,
        e1_0.others,
        e1_0.privateTransport,
        e1_0.propertyTax,
        e1_0.publicTransport,
        e1_0.shopping,
        e1_0.sports,
        e1_0.tech,
        e1_0.termProtector,
        e1_0.utilities 
    from
        expense e1_0 
    where
        e1_0.date between ? and ?
2026-06-01T20:33:30.476+08:00 DEBUG 31280 --- [pfms] [restartedMain] o.s.d.j.r.query.PartTreeJpaQuery         : QueryPreparer: Derived query for query method [public abstract java.util.List com.app.pfms.Expense.ExpenseDAO.findByDateBetween(java.time.LocalDate,java.time.LocalDate)]: 'SELECT e FROM Expense e WHERE e.date BETWEEN :startDate AND :endDate'
2026-06-01T20:33:30.477+08:00 DEBUG 31280 --- [pfms] [restartedMain] org.hibernate.SQL                        : 
    select
        e1_0.id,
        e1_0.aia,
        e1_0.allowancesForParents,
        e1_0.breakfast,
        e1_0.criticare,
        e1_0.date,
        e1_0.debt,
        e1_0.dinner,
        e1_0.eatingOut,
        e1_0.entertainment,
        e1_0.groceries,
        e1_0.haircut,
        e1_0.holiday,
        e1_0.incomeTax,
        e1_0.internet,
        e1_0.lunch,
        e1_0.medical,
        e1_0.mobilePhone,
        e1_0.mortgage,
        e1_0.others,
        e1_0.privateTransport,
        e1_0.propertyTax,
        e1_0.publicTransport,
        e1_0.shopping,
        e1_0.sports,
        e1_0.tech,
        e1_0.termProtector,
        e1_0.utilities 
    from
        expense e1_0 
    where
        e1_0.date between ? and ?
2026-06-01T20:33:30.478+08:00 DEBUG 31280 --- [pfms] [restartedMain] o.s.d.j.r.query.PartTreeJpaQuery         : QueryPreparer: Derived query for query method [public abstract java.util.List com.app.pfms.Expense.ExpenseDAO.findByDateBetween(java.time.LocalDate,java.time.LocalDate)]: 'SELECT e FROM Expense e WHERE e.date BETWEEN :startDate AND :endDate'
2026-06-01T20:33:30.479+08:00 DEBUG 31280 --- [pfms] [restartedMain] org.hibernate.SQL                        : 
    select
        e1_0.id,
        e1_0.aia,
        e1_0.allowancesForParents,
        e1_0.breakfast,
        e1_0.criticare,
        e1_0.date,
        e1_0.debt,
        e1_0.dinner,
        e1_0.eatingOut,
        e1_0.entertainment,
        e1_0.groceries,
        e1_0.haircut,
        e1_0.holiday,
        e1_0.incomeTax,
        e1_0.internet,
        e1_0.lunch,
        e1_0.medical,
        e1_0.mobilePhone,
        e1_0.mortgage,
        e1_0.others,
        e1_0.privateTransport,
        e1_0.propertyTax,
        e1_0.publicTransport,
        e1_0.shopping,
        e1_0.sports,
        e1_0.tech,
        e1_0.termProtector,
        e1_0.utilities 
    from
        expense e1_0 
    where
        e1_0.date between ? and ?
2026-06-01T20:33:30.479+08:00 DEBUG 31280 --- [pfms] [restartedMain] o.s.d.j.r.query.PartTreeJpaQuery         : QueryPreparer: Derived query for query method [public abstract java.util.List com.app.pfms.Expense.ExpenseDAO.findByDateBetween(java.time.LocalDate,java.time.LocalDate)]: 'SELECT e FROM Expense e WHERE e.date BETWEEN :startDate AND :endDate'
2026-06-01T20:33:30.480+08:00 DEBUG 31280 --- [pfms] [restartedMain] org.hibernate.SQL                        : 
    select
        e1_0.id,
        e1_0.aia,
        e1_0.allowancesForParents,
        e1_0.breakfast,
        e1_0.criticare,
        e1_0.date,
        e1_0.debt,
        e1_0.dinner,
        e1_0.eatingOut,
        e1_0.entertainment,
        e1_0.groceries,
        e1_0.haircut,
        e1_0.holiday,
        e1_0.incomeTax,
        e1_0.internet,
        e1_0.lunch,
        e1_0.medical,
        e1_0.mobilePhone,
        e1_0.mortgage,
        e1_0.others,
        e1_0.privateTransport,
        e1_0.propertyTax,
        e1_0.publicTransport,
        e1_0.shopping,
        e1_0.sports,
        e1_0.tech,
        e1_0.termProtector,
        e1_0.utilities 
    from
        expense e1_0 
    where
        e1_0.date between ? and ?
2026-06-01T20:33:30.480+08:00 DEBUG 31280 --- [pfms] [restartedMain] o.s.d.j.r.query.PartTreeJpaQuery         : QueryPreparer: Derived query for query method [public abstract java.util.List com.app.pfms.Expense.ExpenseDAO.findByDateBetween(java.time.LocalDate,java.time.LocalDate)]: 'SELECT e FROM Expense e WHERE e.date BETWEEN :startDate AND :endDate'
2026-06-01T20:33:30.482+08:00 DEBUG 31280 --- [pfms] [restartedMain] org.hibernate.SQL                        : 
    select
        e1_0.id,
        e1_0.aia,
        e1_0.allowancesForParents,
        e1_0.breakfast,
        e1_0.criticare,
        e1_0.date,
        e1_0.debt,
        e1_0.dinner,
        e1_0.eatingOut,
        e1_0.entertainment,
        e1_0.groceries,
        e1_0.haircut,
        e1_0.holiday,
        e1_0.incomeTax,
        e1_0.internet,
        e1_0.lunch,
        e1_0.medical,
        e1_0.mobilePhone,
        e1_0.mortgage,
        e1_0.others,
        e1_0.privateTransport,
        e1_0.propertyTax,
        e1_0.publicTransport,
        e1_0.shopping,
        e1_0.sports,
        e1_0.tech,
        e1_0.termProtector,
        e1_0.utilities 
    from
        expense e1_0 
    where
        e1_0.date between ? and ?
2026-06-01T20:33:30.483+08:00 DEBUG 31280 --- [pfms] [restartedMain] o.s.d.j.r.query.PartTreeJpaQuery         : QueryPreparer: Derived query for query method [public abstract java.util.List com.app.pfms.Expense.ExpenseDAO.findByDateBetween(java.time.LocalDate,java.time.LocalDate)]: 'SELECT e FROM Expense e WHERE e.date BETWEEN :startDate AND :endDate'
2026-06-01T20:33:30.483+08:00 DEBUG 31280 --- [pfms] [restartedMain] org.hibernate.SQL                        : 
    select
        e1_0.id,
        e1_0.aia,
        e1_0.allowancesForParents,
        e1_0.breakfast,
        e1_0.criticare,
        e1_0.date,
        e1_0.debt,
        e1_0.dinner,
        e1_0.eatingOut,
        e1_0.entertainment,
        e1_0.groceries,
        e1_0.haircut,
        e1_0.holiday,
        e1_0.incomeTax,
        e1_0.internet,
        e1_0.lunch,
        e1_0.medical,
        e1_0.mobilePhone,
        e1_0.mortgage,
        e1_0.others,
        e1_0.privateTransport,
        e1_0.propertyTax,
        e1_0.publicTransport,
        e1_0.shopping,
        e1_0.sports,
        e1_0.tech,
        e1_0.termProtector,
        e1_0.utilities 
    from
        expense e1_0 
    where
        e1_0.date between ? and ?
2026-06-01T20:33:30.484+08:00 DEBUG 31280 --- [pfms] [restartedMain] o.s.d.j.r.query.PartTreeJpaQuery         : QueryPreparer: Derived query for query method [public abstract java.util.List com.app.pfms.Expense.ExpenseDAO.findByDateBetween(java.time.LocalDate,java.time.LocalDate)]: 'SELECT e FROM Expense e WHERE e.date BETWEEN :startDate AND :endDate'
2026-06-01T20:33:30.485+08:00 DEBUG 31280 --- [pfms] [restartedMain] org.hibernate.SQL                        : 
    select
        e1_0.id,
        e1_0.aia,
        e1_0.allowancesForParents,
        e1_0.breakfast,
        e1_0.criticare,
        e1_0.date,
        e1_0.debt,
        e1_0.dinner,
        e1_0.eatingOut,
        e1_0.entertainment,
        e1_0.groceries,
        e1_0.haircut,
        e1_0.holiday,
        e1_0.incomeTax,
        e1_0.internet,
        e1_0.lunch,
        e1_0.medical,
        e1_0.mobilePhone,
        e1_0.mortgage,
        e1_0.others,
        e1_0.privateTransport,
        e1_0.propertyTax,
        e1_0.publicTransport,
        e1_0.shopping,
        e1_0.sports,
        e1_0.tech,
        e1_0.termProtector,
        e1_0.utilities 
    from
        expense e1_0 
    where
        e1_0.date between ? and ?
2026-06-01T20:33:30.486+08:00 DEBUG 31280 --- [pfms] [restartedMain] o.s.d.j.r.query.PartTreeJpaQuery         : QueryPreparer: Derived query for query method [public abstract java.util.List com.app.pfms.Expense.ExpenseDAO.findByDateBetween(java.time.LocalDate,java.time.LocalDate)]: 'SELECT e FROM Expense e WHERE e.date BETWEEN :startDate AND :endDate'
2026-06-01T20:33:30.486+08:00 DEBUG 31280 --- [pfms] [restartedMain] org.hibernate.SQL                        : 
    select
        e1_0.id,
        e1_0.aia,
        e1_0.allowancesForParents,
        e1_0.breakfast,
        e1_0.criticare,
        e1_0.date,
        e1_0.debt,
        e1_0.dinner,
        e1_0.eatingOut,
        e1_0.entertainment,
        e1_0.groceries,
        e1_0.haircut,
        e1_0.holiday,
        e1_0.incomeTax,
        e1_0.internet,
        e1_0.lunch,
        e1_0.medical,
        e1_0.mobilePhone,
        e1_0.mortgage,
        e1_0.others,
        e1_0.privateTransport,
        e1_0.propertyTax,
        e1_0.publicTransport,
        e1_0.shopping,
        e1_0.sports,
        e1_0.tech,
        e1_0.termProtector,
        e1_0.utilities 
    from
        expense e1_0 
    where
        e1_0.date between ? and ?
2026-06-01T20:33:30.487+08:00 DEBUG 31280 --- [pfms] [restartedMain] o.s.d.j.r.query.PartTreeJpaQuery         : QueryPreparer: Derived query for query method [public abstract java.util.List com.app.pfms.Expense.ExpenseDAO.findByDateBetween(java.time.LocalDate,java.time.LocalDate)]: 'SELECT e FROM Expense e WHERE e.date BETWEEN :startDate AND :endDate'
2026-06-01T20:33:30.488+08:00 DEBUG 31280 --- [pfms] [restartedMain] org.hibernate.SQL                        : 
    select
        e1_0.id,
        e1_0.aia,
        e1_0.allowancesForParents,
        e1_0.breakfast,
        e1_0.criticare,
        e1_0.date,
        e1_0.debt,
        e1_0.dinner,
        e1_0.eatingOut,
        e1_0.entertainment,
        e1_0.groceries,
        e1_0.haircut,
        e1_0.holiday,
        e1_0.incomeTax,
        e1_0.internet,
        e1_0.lunch,
        e1_0.medical,
        e1_0.mobilePhone,
        e1_0.mortgage,
        e1_0.others,
        e1_0.privateTransport,
        e1_0.propertyTax,
        e1_0.publicTransport,
        e1_0.shopping,
        e1_0.sports,
        e1_0.tech,
        e1_0.termProtector,
        e1_0.utilities 
    from
        expense e1_0 
    where
        e1_0.date between ? and ?
2026-06-01T20:33:30.490+08:00 DEBUG 31280 --- [pfms] [restartedMain] o.s.d.j.r.query.PartTreeJpaQuery         : QueryPreparer: Derived query for query method [public abstract java.util.List com.app.pfms.Expense.ExpenseDAO.findByDateBetween(java.time.LocalDate,java.time.LocalDate)]: 'SELECT e FROM Expense e WHERE e.date BETWEEN :startDate AND :endDate'
2026-06-01T20:33:30.490+08:00 DEBUG 31280 --- [pfms] [restartedMain] org.hibernate.SQL                        : 
    select
        e1_0.id,
        e1_0.aia,
        e1_0.allowancesForParents,
        e1_0.breakfast,
        e1_0.criticare,
        e1_0.date,
        e1_0.debt,
        e1_0.dinner,
        e1_0.eatingOut,
        e1_0.entertainment,
        e1_0.groceries,
        e1_0.haircut,
        e1_0.holiday,
        e1_0.incomeTax,
        e1_0.internet,
        e1_0.lunch,
        e1_0.medical,
        e1_0.mobilePhone,
        e1_0.mortgage,
        e1_0.others,
        e1_0.privateTransport,
        e1_0.propertyTax,
        e1_0.publicTransport,
        e1_0.shopping,
        e1_0.sports,
        e1_0.tech,
        e1_0.termProtector,
        e1_0.utilities 
    from
        expense e1_0 
    where
        e1_0.date between ? and ?
2026-06-01T20:33:30.491+08:00 DEBUG 31280 --- [pfms] [restartedMain] o.s.d.j.r.query.PartTreeJpaQuery         : QueryPreparer: Derived query for query method [public abstract java.util.List com.app.pfms.Expense.ExpenseDAO.findByDateBetween(java.time.LocalDate,java.time.LocalDate)]: 'SELECT e FROM Expense e WHERE e.date BETWEEN :startDate AND :endDate'
2026-06-01T20:33:30.492+08:00 DEBUG 31280 --- [pfms] [restartedMain] org.hibernate.SQL                        : 
    select
        e1_0.id,
        e1_0.aia,
        e1_0.allowancesForParents,
        e1_0.breakfast,
        e1_0.criticare,
        e1_0.date,
        e1_0.debt,
        e1_0.dinner,
        e1_0.eatingOut,
        e1_0.entertainment,
        e1_0.groceries,
        e1_0.haircut,
        e1_0.holiday,
        e1_0.incomeTax,
        e1_0.internet,
        e1_0.lunch,
        e1_0.medical,
        e1_0.mobilePhone,
        e1_0.mortgage,
        e1_0.others,
        e1_0.privateTransport,
        e1_0.propertyTax,
        e1_0.publicTransport,
        e1_0.shopping,
        e1_0.sports,
        e1_0.tech,
        e1_0.termProtector,
        e1_0.utilities 
    from
        expense e1_0 
    where
        e1_0.date between ? and ?
2026-06-01T20:33:30.492+08:00 DEBUG 31280 --- [pfms] [restartedMain] o.s.d.j.r.query.PartTreeJpaQuery         : QueryPreparer: Derived query for query method [public abstract java.util.List com.app.pfms.Expense.ExpenseDAO.findByDateBetween(java.time.LocalDate,java.time.LocalDate)]: 'SELECT e FROM Expense e WHERE e.date BETWEEN :startDate AND :endDate'
2026-06-01T20:33:30.493+08:00 DEBUG 31280 --- [pfms] [restartedMain] org.hibernate.SQL                        : 
    select
        e1_0.id,
        e1_0.aia,
        e1_0.allowancesForParents,
        e1_0.breakfast,
        e1_0.criticare,
        e1_0.date,
        e1_0.debt,
        e1_0.dinner,
        e1_0.eatingOut,
        e1_0.entertainment,
        e1_0.groceries,
        e1_0.haircut,
        e1_0.holiday,
        e1_0.incomeTax,
        e1_0.internet,
        e1_0.lunch,
        e1_0.medical,
        e1_0.mobilePhone,
        e1_0.mortgage,
        e1_0.others,
        e1_0.privateTransport,
        e1_0.propertyTax,
        e1_0.publicTransport,
        e1_0.shopping,
        e1_0.sports,
        e1_0.tech,
        e1_0.termProtector,
        e1_0.utilities 
    from
        expense e1_0 
    where
        e1_0.date between ? and ?
2026-06-01T20:33:30.494+08:00 DEBUG 31280 --- [pfms] [restartedMain] o.s.d.j.r.query.PartTreeJpaQuery         : QueryPreparer: Derived query for query method [public abstract java.util.List com.app.pfms.Expense.ExpenseDAO.findByDateBetween(java.time.LocalDate,java.time.LocalDate)]: 'SELECT e FROM Expense e WHERE e.date BETWEEN :startDate AND :endDate'
2026-06-01T20:33:30.495+08:00 DEBUG 31280 --- [pfms] [restartedMain] org.hibernate.SQL                        : 
    select
        e1_0.id,
        e1_0.aia,
        e1_0.allowancesForParents,
        e1_0.breakfast,
        e1_0.criticare,
        e1_0.date,
        e1_0.debt,
        e1_0.dinner,
        e1_0.eatingOut,
        e1_0.entertainment,
        e1_0.groceries,
        e1_0.haircut,
        e1_0.holiday,
        e1_0.incomeTax,
        e1_0.internet,
        e1_0.lunch,
        e1_0.medical,
        e1_0.mobilePhone,
        e1_0.mortgage,
        e1_0.others,
        e1_0.privateTransport,
        e1_0.propertyTax,
        e1_0.publicTransport,
        e1_0.shopping,
        e1_0.sports,
        e1_0.tech,
        e1_0.termProtector,
        e1_0.utilities 
    from
        expense e1_0 
    where
        e1_0.date between ? and ?
2026-06-01T20:33:30.496+08:00 DEBUG 31280 --- [pfms] [restartedMain] o.s.orm.jpa.JpaTransactionManager        : Found thread-bound EntityManager [SessionImpl(1453201581<open>)] for JPA transaction
2026-06-01T20:33:30.496+08:00 DEBUG 31280 --- [pfms] [restartedMain] o.s.orm.jpa.JpaTransactionManager        : Participating in existing transaction
2026-06-01T20:33:30.497+08:00 DEBUG 31280 --- [pfms] [restartedMain] org.hibernate.SQL                        : 
    insert 
    into
        budget
        (allowancesForParents, debt, food, groceries, haircut, income, insurance, internet, medical, misc, mobilePhone, month, mortgage, retirement, savings, tax, transport, utilities) 
    values
        (?, ?, ?, ?, ?, ?, ?, ?, ?, ?, ?, ?, ?, ?, ?, ?, ?, ?)
2026-06-01T20:33:30.498+08:00 DEBUG 31280 --- [pfms] [restartedMain] o.s.orm.jpa.JpaTransactionManager        : Initiating transaction commit
2026-06-01T20:33:30.498+08:00 DEBUG 31280 --- [pfms] [restartedMain] o.s.orm.jpa.JpaTransactionManager        : Committing JPA transaction on EntityManager [SessionImpl(1453201581<open>)]
2026-06-01T20:33:30.499+08:00 DEBUG 31280 --- [pfms] [restartedMain] o.s.orm.jpa.JpaTransactionManager        : Closing JPA EntityManager after transaction
2026-06-01T20:33:30.499+08:00 DEBUG 31280 --- [pfms] [restartedMain] o.s.orm.jpa.JpaTransactionManager        : Creating new transaction with name [com.app.pfms.Budget.BudgetService.createBudget]: PROPAGATION_REQUIRED,ISOLATION_DEFAULT
2026-06-01T20:33:30.499+08:00 DEBUG 31280 --- [pfms] [restartedMain] o.s.orm.jpa.JpaTransactionManager        : Opened new EntityManager [SessionImpl(1582479732<open>)] for JPA transaction
2026-06-01T20:33:30.500+08:00 DEBUG 31280 --- [pfms] [restartedMain] o.s.orm.jpa.JpaTransactionManager        : Exposing JPA transaction as JDBC [org.springframework.orm.jpa.vendor.HibernateJpaDialect$HibernateConnectionHandle@6b43ba68]
2026-06-01T20:33:30.500+08:00 DEBUG 31280 --- [pfms] [restartedMain] o.s.d.j.r.query.PartTreeJpaQuery         : QueryPreparer: Derived query for query method [public abstract java.util.Optional com.app.pfms.Budget.BudgetDAO.findByMonth(java.time.YearMonth)]: 'SELECT b FROM Budget b WHERE b.month = :month'
2026-06-01T20:33:30.500+08:00 DEBUG 31280 --- [pfms] [restartedMain] org.hibernate.SQL                        : 
    select
        b1_0.id,
        b1_0.allowancesForParents,
        b1_0.debt,
        b1_0.food,
        b1_0.groceries,
        b1_0.haircut,
        b1_0.income,
        b1_0.insurance,
        b1_0.internet,
        b1_0.medical,
        b1_0.misc,
        b1_0.mobilePhone,
        b1_0.month,
        b1_0.mortgage,
        b1_0.retirement,
        b1_0.savings,
        b1_0.tax,
        b1_0.transport,
        b1_0.utilities 
    from
        budget b1_0 
    where
        b1_0.month=?
2026-06-01T20:33:30.502+08:00 DEBUG 31280 --- [pfms] [restartedMain] o.s.d.j.r.query.PartTreeJpaQuery         : QueryPreparer: Derived query for query method [public abstract java.util.List com.app.pfms.Expense.ExpenseDAO.findByDateBetween(java.time.LocalDate,java.time.LocalDate)]: 'SELECT e FROM Expense e WHERE e.date BETWEEN :startDate AND :endDate'
2026-06-01T20:33:30.503+08:00 DEBUG 31280 --- [pfms] [restartedMain] org.hibernate.SQL                        : 
    select
        e1_0.id,
        e1_0.aia,
        e1_0.allowancesForParents,
        e1_0.breakfast,
        e1_0.criticare,
        e1_0.date,
        e1_0.debt,
        e1_0.dinner,
        e1_0.eatingOut,
        e1_0.entertainment,
        e1_0.groceries,
        e1_0.haircut,
        e1_0.holiday,
        e1_0.incomeTax,
        e1_0.internet,
        e1_0.lunch,
        e1_0.medical,
        e1_0.mobilePhone,
        e1_0.mortgage,
        e1_0.others,
        e1_0.privateTransport,
        e1_0.propertyTax,
        e1_0.publicTransport,
        e1_0.shopping,
        e1_0.sports,
        e1_0.tech,
        e1_0.termProtector,
        e1_0.utilities 
    from
        expense e1_0 
    where
        e1_0.date between ? and ?
2026-06-01T20:33:30.506+08:00 DEBUG 31280 --- [pfms] [restartedMain] o.s.d.j.r.query.PartTreeJpaQuery         : QueryPreparer: Derived query for query method [public abstract java.util.List com.app.pfms.Expense.ExpenseDAO.findByDateBetween(java.time.LocalDate,java.time.LocalDate)]: 'SELECT e FROM Expense e WHERE e.date BETWEEN :startDate AND :endDate'
2026-06-01T20:33:30.508+08:00 DEBUG 31280 --- [pfms] [restartedMain] org.hibernate.SQL                        : 
    select
        e1_0.id,
        e1_0.aia,
        e1_0.allowancesForParents,
        e1_0.breakfast,
        e1_0.criticare,
        e1_0.date,
        e1_0.debt,
        e1_0.dinner,
        e1_0.eatingOut,
        e1_0.entertainment,
        e1_0.groceries,
        e1_0.haircut,
        e1_0.holiday,
        e1_0.incomeTax,
        e1_0.internet,
        e1_0.lunch,
        e1_0.medical,
        e1_0.mobilePhone,
        e1_0.mortgage,
        e1_0.others,
        e1_0.privateTransport,
        e1_0.propertyTax,
        e1_0.publicTransport,
        e1_0.shopping,
        e1_0.sports,
        e1_0.tech,
        e1_0.termProtector,
        e1_0.utilities 
    from
        expense e1_0 
    where
        e1_0.date between ? and ?
2026-06-01T20:33:30.509+08:00 DEBUG 31280 --- [pfms] [restartedMain] o.s.d.j.r.query.PartTreeJpaQuery         : QueryPreparer: Derived query for query method [public abstract java.util.List com.app.pfms.Expense.ExpenseDAO.findByDateBetween(java.time.LocalDate,java.time.LocalDate)]: 'SELECT e FROM Expense e WHERE e.date BETWEEN :startDate AND :endDate'
2026-06-01T20:33:30.510+08:00 DEBUG 31280 --- [pfms] [restartedMain] org.hibernate.SQL                        : 
    select
        e1_0.id,
        e1_0.aia,
        e1_0.allowancesForParents,
        e1_0.breakfast,
        e1_0.criticare,
        e1_0.date,
        e1_0.debt,
        e1_0.dinner,
        e1_0.eatingOut,
        e1_0.entertainment,
        e1_0.groceries,
        e1_0.haircut,
        e1_0.holiday,
        e1_0.incomeTax,
        e1_0.internet,
        e1_0.lunch,
        e1_0.medical,
        e1_0.mobilePhone,
        e1_0.mortgage,
        e1_0.others,
        e1_0.privateTransport,
        e1_0.propertyTax,
        e1_0.publicTransport,
        e1_0.shopping,
        e1_0.sports,
        e1_0.tech,
        e1_0.termProtector,
        e1_0.utilities 
    from
        expense e1_0 
    where
        e1_0.date between ? and ?
2026-06-01T20:33:30.511+08:00 DEBUG 31280 --- [pfms] [restartedMain] o.s.d.j.r.query.PartTreeJpaQuery         : QueryPreparer: Derived query for query method [public abstract java.util.List com.app.pfms.Expense.ExpenseDAO.findByDateBetween(java.time.LocalDate,java.time.LocalDate)]: 'SELECT e FROM Expense e WHERE e.date BETWEEN :startDate AND :endDate'
2026-06-01T20:33:30.512+08:00 DEBUG 31280 --- [pfms] [restartedMain] org.hibernate.SQL                        : 
    select
        e1_0.id,
        e1_0.aia,
        e1_0.allowancesForParents,
        e1_0.breakfast,
        e1_0.criticare,
        e1_0.date,
        e1_0.debt,
        e1_0.dinner,
        e1_0.eatingOut,
        e1_0.entertainment,
        e1_0.groceries,
        e1_0.haircut,
        e1_0.holiday,
        e1_0.incomeTax,
        e1_0.internet,
        e1_0.lunch,
        e1_0.medical,
        e1_0.mobilePhone,
        e1_0.mortgage,
        e1_0.others,
        e1_0.privateTransport,
        e1_0.propertyTax,
        e1_0.publicTransport,
        e1_0.shopping,
        e1_0.sports,
        e1_0.tech,
        e1_0.termProtector,
        e1_0.utilities 
    from
        expense e1_0 
    where
        e1_0.date between ? and ?
2026-06-01T20:33:30.512+08:00 DEBUG 31280 --- [pfms] [restartedMain] o.s.d.j.r.query.PartTreeJpaQuery         : QueryPreparer: Derived query for query method [public abstract java.util.List com.app.pfms.Expense.ExpenseDAO.findByDateBetween(java.time.LocalDate,java.time.LocalDate)]: 'SELECT e FROM Expense e WHERE e.date BETWEEN :startDate AND :endDate'
2026-06-01T20:33:30.513+08:00 DEBUG 31280 --- [pfms] [restartedMain] org.hibernate.SQL                        : 
    select
        e1_0.id,
        e1_0.aia,
        e1_0.allowancesForParents,
        e1_0.breakfast,
        e1_0.criticare,
        e1_0.date,
        e1_0.debt,
        e1_0.dinner,
        e1_0.eatingOut,
        e1_0.entertainment,
        e1_0.groceries,
        e1_0.haircut,
        e1_0.holiday,
        e1_0.incomeTax,
        e1_0.internet,
        e1_0.lunch,
        e1_0.medical,
        e1_0.mobilePhone,
        e1_0.mortgage,
        e1_0.others,
        e1_0.privateTransport,
        e1_0.propertyTax,
        e1_0.publicTransport,
        e1_0.shopping,
        e1_0.sports,
        e1_0.tech,
        e1_0.termProtector,
        e1_0.utilities 
    from
        expense e1_0 
    where
        e1_0.date between ? and ?
2026-06-01T20:33:30.515+08:00 DEBUG 31280 --- [pfms] [restartedMain] o.s.d.j.r.query.PartTreeJpaQuery         : QueryPreparer: Derived query for query method [public abstract java.util.List com.app.pfms.Expense.ExpenseDAO.findByDateBetween(java.time.LocalDate,java.time.LocalDate)]: 'SELECT e FROM Expense e WHERE e.date BETWEEN :startDate AND :endDate'
2026-06-01T20:33:30.516+08:00 DEBUG 31280 --- [pfms] [restartedMain] org.hibernate.SQL                        : 
    select
        e1_0.id,
        e1_0.aia,
        e1_0.allowancesForParents,
        e1_0.breakfast,
        e1_0.criticare,
        e1_0.date,
        e1_0.debt,
        e1_0.dinner,
        e1_0.eatingOut,
        e1_0.entertainment,
        e1_0.groceries,
        e1_0.haircut,
        e1_0.holiday,
        e1_0.incomeTax,
        e1_0.internet,
        e1_0.lunch,
        e1_0.medical,
        e1_0.mobilePhone,
        e1_0.mortgage,
        e1_0.others,
        e1_0.privateTransport,
        e1_0.propertyTax,
        e1_0.publicTransport,
        e1_0.shopping,
        e1_0.sports,
        e1_0.tech,
        e1_0.termProtector,
        e1_0.utilities 
    from
        expense e1_0 
    where
        e1_0.date between ? and ?
2026-06-01T20:33:30.517+08:00 DEBUG 31280 --- [pfms] [restartedMain] o.s.d.j.r.query.PartTreeJpaQuery         : QueryPreparer: Derived query for query method [public abstract java.util.List com.app.pfms.Expense.ExpenseDAO.findByDateBetween(java.time.LocalDate,java.time.LocalDate)]: 'SELECT e FROM Expense e WHERE e.date BETWEEN :startDate AND :endDate'
2026-06-01T20:33:30.518+08:00 DEBUG 31280 --- [pfms] [restartedMain] org.hibernate.SQL                        : 
    select
        e1_0.id,
        e1_0.aia,
        e1_0.allowancesForParents,
        e1_0.breakfast,
        e1_0.criticare,
        e1_0.date,
        e1_0.debt,
        e1_0.dinner,
        e1_0.eatingOut,
        e1_0.entertainment,
        e1_0.groceries,
        e1_0.haircut,
        e1_0.holiday,
        e1_0.incomeTax,
        e1_0.internet,
        e1_0.lunch,
        e1_0.medical,
        e1_0.mobilePhone,
        e1_0.mortgage,
        e1_0.others,
        e1_0.privateTransport,
        e1_0.propertyTax,
        e1_0.publicTransport,
        e1_0.shopping,
        e1_0.sports,
        e1_0.tech,
        e1_0.termProtector,
        e1_0.utilities 
    from
        expense e1_0 
    where
        e1_0.date between ? and ?
2026-06-01T20:33:30.518+08:00 DEBUG 31280 --- [pfms] [restartedMain] o.s.d.j.r.query.PartTreeJpaQuery         : QueryPreparer: Derived query for query method [public abstract java.util.List com.app.pfms.Expense.ExpenseDAO.findByDateBetween(java.time.LocalDate,java.time.LocalDate)]: 'SELECT e FROM Expense e WHERE e.date BETWEEN :startDate AND :endDate'
2026-06-01T20:33:30.519+08:00 DEBUG 31280 --- [pfms] [restartedMain] org.hibernate.SQL                        : 
    select
        e1_0.id,
        e1_0.aia,
        e1_0.allowancesForParents,
        e1_0.breakfast,
        e1_0.criticare,
        e1_0.date,
        e1_0.debt,
        e1_0.dinner,
        e1_0.eatingOut,
        e1_0.entertainment,
        e1_0.groceries,
        e1_0.haircut,
        e1_0.holiday,
        e1_0.incomeTax,
        e1_0.internet,
        e1_0.lunch,
        e1_0.medical,
        e1_0.mobilePhone,
        e1_0.mortgage,
        e1_0.others,
        e1_0.privateTransport,
        e1_0.propertyTax,
        e1_0.publicTransport,
        e1_0.shopping,
        e1_0.sports,
        e1_0.tech,
        e1_0.termProtector,
        e1_0.utilities 
    from
        expense e1_0 
    where
        e1_0.date between ? and ?
2026-06-01T20:33:30.521+08:00 DEBUG 31280 --- [pfms] [restartedMain] o.s.d.j.r.query.PartTreeJpaQuery         : QueryPreparer: Derived query for query method [public abstract java.util.List com.app.pfms.Expense.ExpenseDAO.findByDateBetween(java.time.LocalDate,java.time.LocalDate)]: 'SELECT e FROM Expense e WHERE e.date BETWEEN :startDate AND :endDate'
2026-06-01T20:33:30.522+08:00 DEBUG 31280 --- [pfms] [restartedMain] org.hibernate.SQL                        : 
    select
        e1_0.id,
        e1_0.aia,
        e1_0.allowancesForParents,
        e1_0.breakfast,
        e1_0.criticare,
        e1_0.date,
        e1_0.debt,
        e1_0.dinner,
        e1_0.eatingOut,
        e1_0.entertainment,
        e1_0.groceries,
        e1_0.haircut,
        e1_0.holiday,
        e1_0.incomeTax,
        e1_0.internet,
        e1_0.lunch,
        e1_0.medical,
        e1_0.mobilePhone,
        e1_0.mortgage,
        e1_0.others,
        e1_0.privateTransport,
        e1_0.propertyTax,
        e1_0.publicTransport,
        e1_0.shopping,
        e1_0.sports,
        e1_0.tech,
        e1_0.termProtector,
        e1_0.utilities 
    from
        expense e1_0 
    where
        e1_0.date between ? and ?
2026-06-01T20:33:30.524+08:00 DEBUG 31280 --- [pfms] [restartedMain] o.s.d.j.r.query.PartTreeJpaQuery         : QueryPreparer: Derived query for query method [public abstract java.util.List com.app.pfms.Expense.ExpenseDAO.findByDateBetween(java.time.LocalDate,java.time.LocalDate)]: 'SELECT e FROM Expense e WHERE e.date BETWEEN :startDate AND :endDate'
2026-06-01T20:33:30.525+08:00 DEBUG 31280 --- [pfms] [restartedMain] org.hibernate.SQL                        : 
    select
        e1_0.id,
        e1_0.aia,
        e1_0.allowancesForParents,
        e1_0.breakfast,
        e1_0.criticare,
        e1_0.date,
        e1_0.debt,
        e1_0.dinner,
        e1_0.eatingOut,
        e1_0.entertainment,
        e1_0.groceries,
        e1_0.haircut,
        e1_0.holiday,
        e1_0.incomeTax,
        e1_0.internet,
        e1_0.lunch,
        e1_0.medical,
        e1_0.mobilePhone,
        e1_0.mortgage,
        e1_0.others,
        e1_0.privateTransport,
        e1_0.propertyTax,
        e1_0.publicTransport,
        e1_0.shopping,
        e1_0.sports,
        e1_0.tech,
        e1_0.termProtector,
        e1_0.utilities 
    from
        expense e1_0 
    where
        e1_0.date between ? and ?
2026-06-01T20:33:30.526+08:00 DEBUG 31280 --- [pfms] [restartedMain] o.s.d.j.r.query.PartTreeJpaQuery         : QueryPreparer: Derived query for query method [public abstract java.util.List com.app.pfms.Expense.ExpenseDAO.findByDateBetween(java.time.LocalDate,java.time.LocalDate)]: 'SELECT e FROM Expense e WHERE e.date BETWEEN :startDate AND :endDate'
2026-06-01T20:33:30.527+08:00 DEBUG 31280 --- [pfms] [restartedMain] org.hibernate.SQL                        : 
    select
        e1_0.id,
        e1_0.aia,
        e1_0.allowancesForParents,
        e1_0.breakfast,
        e1_0.criticare,
        e1_0.date,
        e1_0.debt,
        e1_0.dinner,
        e1_0.eatingOut,
        e1_0.entertainment,
        e1_0.groceries,
        e1_0.haircut,
        e1_0.holiday,
        e1_0.incomeTax,
        e1_0.internet,
        e1_0.lunch,
        e1_0.medical,
        e1_0.mobilePhone,
        e1_0.mortgage,
        e1_0.others,
        e1_0.privateTransport,
        e1_0.propertyTax,
        e1_0.publicTransport,
        e1_0.shopping,
        e1_0.sports,
        e1_0.tech,
        e1_0.termProtector,
        e1_0.utilities 
    from
        expense e1_0 
    where
        e1_0.date between ? and ?
2026-06-01T20:33:30.528+08:00 DEBUG 31280 --- [pfms] [restartedMain] o.s.d.j.r.query.PartTreeJpaQuery         : QueryPreparer: Derived query for query method [public abstract java.util.List com.app.pfms.Expense.ExpenseDAO.findByDateBetween(java.time.LocalDate,java.time.LocalDate)]: 'SELECT e FROM Expense e WHERE e.date BETWEEN :startDate AND :endDate'
2026-06-01T20:33:30.528+08:00 DEBUG 31280 --- [pfms] [restartedMain] org.hibernate.SQL                        : 
    select
        e1_0.id,
        e1_0.aia,
        e1_0.allowancesForParents,
        e1_0.breakfast,
        e1_0.criticare,
        e1_0.date,
        e1_0.debt,
        e1_0.dinner,
        e1_0.eatingOut,
        e1_0.entertainment,
        e1_0.groceries,
        e1_0.haircut,
        e1_0.holiday,
        e1_0.incomeTax,
        e1_0.internet,
        e1_0.lunch,
        e1_0.medical,
        e1_0.mobilePhone,
        e1_0.mortgage,
        e1_0.others,
        e1_0.privateTransport,
        e1_0.propertyTax,
        e1_0.publicTransport,
        e1_0.shopping,
        e1_0.sports,
        e1_0.tech,
        e1_0.termProtector,
        e1_0.utilities 
    from
        expense e1_0 
    where
        e1_0.date between ? and ?
2026-06-01T20:33:30.529+08:00 DEBUG 31280 --- [pfms] [restartedMain] o.s.d.j.r.query.PartTreeJpaQuery         : QueryPreparer: Derived query for query method [public abstract java.util.List com.app.pfms.Expense.ExpenseDAO.findByDateBetween(java.time.LocalDate,java.time.LocalDate)]: 'SELECT e FROM Expense e WHERE e.date BETWEEN :startDate AND :endDate'
2026-06-01T20:33:30.530+08:00 DEBUG 31280 --- [pfms] [restartedMain] org.hibernate.SQL                        : 
    select
        e1_0.id,
        e1_0.aia,
        e1_0.allowancesForParents,
        e1_0.breakfast,
        e1_0.criticare,
        e1_0.date,
        e1_0.debt,
        e1_0.dinner,
        e1_0.eatingOut,
        e1_0.entertainment,
        e1_0.groceries,
        e1_0.haircut,
        e1_0.holiday,
        e1_0.incomeTax,
        e1_0.internet,
        e1_0.lunch,
        e1_0.medical,
        e1_0.mobilePhone,
        e1_0.mortgage,
        e1_0.others,
        e1_0.privateTransport,
        e1_0.propertyTax,
        e1_0.publicTransport,
        e1_0.shopping,
        e1_0.sports,
        e1_0.tech,
        e1_0.termProtector,
        e1_0.utilities 
    from
        expense e1_0 
    where
        e1_0.date between ? and ?
2026-06-01T20:33:30.531+08:00 DEBUG 31280 --- [pfms] [restartedMain] o.s.d.j.r.query.PartTreeJpaQuery         : QueryPreparer: Derived query for query method [public abstract java.util.List com.app.pfms.Expense.ExpenseDAO.findByDateBetween(java.time.LocalDate,java.time.LocalDate)]: 'SELECT e FROM Expense e WHERE e.date BETWEEN :startDate AND :endDate'
2026-06-01T20:33:30.532+08:00 DEBUG 31280 --- [pfms] [restartedMain] org.hibernate.SQL                        : 
    select
        e1_0.id,
        e1_0.aia,
        e1_0.allowancesForParents,
        e1_0.breakfast,
        e1_0.criticare,
        e1_0.date,
        e1_0.debt,
        e1_0.dinner,
        e1_0.eatingOut,
        e1_0.entertainment,
        e1_0.groceries,
        e1_0.haircut,
        e1_0.holiday,
        e1_0.incomeTax,
        e1_0.internet,
        e1_0.lunch,
        e1_0.medical,
        e1_0.mobilePhone,
        e1_0.mortgage,
        e1_0.others,
        e1_0.privateTransport,
        e1_0.propertyTax,
        e1_0.publicTransport,
        e1_0.shopping,
        e1_0.sports,
        e1_0.tech,
        e1_0.termProtector,
        e1_0.utilities 
    from
        expense e1_0 
    where
        e1_0.date between ? and ?
2026-06-01T20:33:30.532+08:00 DEBUG 31280 --- [pfms] [restartedMain] o.s.orm.jpa.JpaTransactionManager        : Found thread-bound EntityManager [SessionImpl(1582479732<open>)] for JPA transaction
2026-06-01T20:33:30.532+08:00 DEBUG 31280 --- [pfms] [restartedMain] o.s.orm.jpa.JpaTransactionManager        : Participating in existing transaction
2026-06-01T20:33:30.533+08:00 DEBUG 31280 --- [pfms] [restartedMain] org.hibernate.SQL                        : 
    insert 
    into
        budget
        (allowancesForParents, debt, food, groceries, haircut, income, insurance, internet, medical, misc, mobilePhone, month, mortgage, retirement, savings, tax, transport, utilities) 
    values
        (?, ?, ?, ?, ?, ?, ?, ?, ?, ?, ?, ?, ?, ?, ?, ?, ?, ?)
2026-06-01T20:33:30.534+08:00 DEBUG 31280 --- [pfms] [restartedMain] o.s.orm.jpa.JpaTransactionManager        : Initiating transaction commit
2026-06-01T20:33:30.534+08:00 DEBUG 31280 --- [pfms] [restartedMain] o.s.orm.jpa.JpaTransactionManager        : Committing JPA transaction on EntityManager [SessionImpl(1582479732<open>)]
2026-06-01T20:33:30.535+08:00 DEBUG 31280 --- [pfms] [restartedMain] o.s.orm.jpa.JpaTransactionManager        : Closing JPA EntityManager after transaction
2026-06-01T20:33:30.535+08:00 DEBUG 31280 --- [pfms] [restartedMain] o.s.orm.jpa.JpaTransactionManager        : Creating new transaction with name [com.app.pfms.Budget.BudgetService.createBudget]: PROPAGATION_REQUIRED,ISOLATION_DEFAULT
2026-06-01T20:33:30.536+08:00 DEBUG 31280 --- [pfms] [restartedMain] o.s.orm.jpa.JpaTransactionManager        : Opened new EntityManager [SessionImpl(1236759529<open>)] for JPA transaction
2026-06-01T20:33:30.536+08:00 DEBUG 31280 --- [pfms] [restartedMain] o.s.orm.jpa.JpaTransactionManager        : Exposing JPA transaction as JDBC [org.springframework.orm.jpa.vendor.HibernateJpaDialect$HibernateConnectionHandle@45eef369]
2026-06-01T20:33:30.536+08:00 DEBUG 31280 --- [pfms] [restartedMain] o.s.d.j.r.query.PartTreeJpaQuery         : QueryPreparer: Derived query for query method [public abstract java.util.Optional com.app.pfms.Budget.BudgetDAO.findByMonth(java.time.YearMonth)]: 'SELECT b FROM Budget b WHERE b.month = :month'
2026-06-01T20:33:30.537+08:00 DEBUG 31280 --- [pfms] [restartedMain] org.hibernate.SQL                        : 
    select
        b1_0.id,
        b1_0.allowancesForParents,
        b1_0.debt,
        b1_0.food,
        b1_0.groceries,
        b1_0.haircut,
        b1_0.income,
        b1_0.insurance,
        b1_0.internet,
        b1_0.medical,
        b1_0.misc,
        b1_0.mobilePhone,
        b1_0.month,
        b1_0.mortgage,
        b1_0.retirement,
        b1_0.savings,
        b1_0.tax,
        b1_0.transport,
        b1_0.utilities 
    from
        budget b1_0 
    where
        b1_0.month=?
2026-06-01T20:33:30.537+08:00 DEBUG 31280 --- [pfms] [restartedMain] o.s.d.j.r.query.PartTreeJpaQuery         : QueryPreparer: Derived query for query method [public abstract java.util.List com.app.pfms.Expense.ExpenseDAO.findByDateBetween(java.time.LocalDate,java.time.LocalDate)]: 'SELECT e FROM Expense e WHERE e.date BETWEEN :startDate AND :endDate'
2026-06-01T20:33:30.538+08:00 DEBUG 31280 --- [pfms] [restartedMain] org.hibernate.SQL                        : 
    select
        e1_0.id,
        e1_0.aia,
        e1_0.allowancesForParents,
        e1_0.breakfast,
        e1_0.criticare,
        e1_0.date,
        e1_0.debt,
        e1_0.dinner,
        e1_0.eatingOut,
        e1_0.entertainment,
        e1_0.groceries,
        e1_0.haircut,
        e1_0.holiday,
        e1_0.incomeTax,
        e1_0.internet,
        e1_0.lunch,
        e1_0.medical,
        e1_0.mobilePhone,
        e1_0.mortgage,
        e1_0.others,
        e1_0.privateTransport,
        e1_0.propertyTax,
        e1_0.publicTransport,
        e1_0.shopping,
        e1_0.sports,
        e1_0.tech,
        e1_0.termProtector,
        e1_0.utilities 
    from
        expense e1_0 
    where
        e1_0.date between ? and ?
2026-06-01T20:33:30.540+08:00 DEBUG 31280 --- [pfms] [restartedMain] o.s.d.j.r.query.PartTreeJpaQuery         : QueryPreparer: Derived query for query method [public abstract java.util.List com.app.pfms.Expense.ExpenseDAO.findByDateBetween(java.time.LocalDate,java.time.LocalDate)]: 'SELECT e FROM Expense e WHERE e.date BETWEEN :startDate AND :endDate'
2026-06-01T20:33:30.542+08:00 DEBUG 31280 --- [pfms] [restartedMain] org.hibernate.SQL                        : 
    select
        e1_0.id,
        e1_0.aia,
        e1_0.allowancesForParents,
        e1_0.breakfast,
        e1_0.criticare,
        e1_0.date,
        e1_0.debt,
        e1_0.dinner,
        e1_0.eatingOut,
        e1_0.entertainment,
        e1_0.groceries,
        e1_0.haircut,
        e1_0.holiday,
        e1_0.incomeTax,
        e1_0.internet,
        e1_0.lunch,
        e1_0.medical,
        e1_0.mobilePhone,
        e1_0.mortgage,
        e1_0.others,
        e1_0.privateTransport,
        e1_0.propertyTax,
        e1_0.publicTransport,
        e1_0.shopping,
        e1_0.sports,
        e1_0.tech,
        e1_0.termProtector,
        e1_0.utilities 
    from
        expense e1_0 
    where
        e1_0.date between ? and ?
2026-06-01T20:33:30.543+08:00 DEBUG 31280 --- [pfms] [restartedMain] o.s.d.j.r.query.PartTreeJpaQuery         : QueryPreparer: Derived query for query method [public abstract java.util.List com.app.pfms.Expense.ExpenseDAO.findByDateBetween(java.time.LocalDate,java.time.LocalDate)]: 'SELECT e FROM Expense e WHERE e.date BETWEEN :startDate AND :endDate'
2026-06-01T20:33:30.544+08:00 DEBUG 31280 --- [pfms] [restartedMain] org.hibernate.SQL                        : 
    select
        e1_0.id,
        e1_0.aia,
        e1_0.allowancesForParents,
        e1_0.breakfast,
        e1_0.criticare,
        e1_0.date,
        e1_0.debt,
        e1_0.dinner,
        e1_0.eatingOut,
        e1_0.entertainment,
        e1_0.groceries,
        e1_0.haircut,
        e1_0.holiday,
        e1_0.incomeTax,
        e1_0.internet,
        e1_0.lunch,
        e1_0.medical,
        e1_0.mobilePhone,
        e1_0.mortgage,
        e1_0.others,
        e1_0.privateTransport,
        e1_0.propertyTax,
        e1_0.publicTransport,
        e1_0.shopping,
        e1_0.sports,
        e1_0.tech,
        e1_0.termProtector,
        e1_0.utilities 
    from
        expense e1_0 
    where
        e1_0.date between ? and ?
2026-06-01T20:33:30.545+08:00 DEBUG 31280 --- [pfms] [restartedMain] o.s.d.j.r.query.PartTreeJpaQuery         : QueryPreparer: Derived query for query method [public abstract java.util.List com.app.pfms.Expense.ExpenseDAO.findByDateBetween(java.time.LocalDate,java.time.LocalDate)]: 'SELECT e FROM Expense e WHERE e.date BETWEEN :startDate AND :endDate'
2026-06-01T20:33:30.545+08:00 DEBUG 31280 --- [pfms] [restartedMain] org.hibernate.SQL                        : 
    select
        e1_0.id,
        e1_0.aia,
        e1_0.allowancesForParents,
        e1_0.breakfast,
        e1_0.criticare,
        e1_0.date,
        e1_0.debt,
        e1_0.dinner,
        e1_0.eatingOut,
        e1_0.entertainment,
        e1_0.groceries,
        e1_0.haircut,
        e1_0.holiday,
        e1_0.incomeTax,
        e1_0.internet,
        e1_0.lunch,
        e1_0.medical,
        e1_0.mobilePhone,
        e1_0.mortgage,
        e1_0.others,
        e1_0.privateTransport,
        e1_0.propertyTax,
        e1_0.publicTransport,
        e1_0.shopping,
        e1_0.sports,
        e1_0.tech,
        e1_0.termProtector,
        e1_0.utilities 
    from
        expense e1_0 
    where
        e1_0.date between ? and ?
2026-06-01T20:33:30.547+08:00 DEBUG 31280 --- [pfms] [restartedMain] o.s.d.j.r.query.PartTreeJpaQuery         : QueryPreparer: Derived query for query method [public abstract java.util.List com.app.pfms.Expense.ExpenseDAO.findByDateBetween(java.time.LocalDate,java.time.LocalDate)]: 'SELECT e FROM Expense e WHERE e.date BETWEEN :startDate AND :endDate'
2026-06-01T20:33:30.547+08:00 DEBUG 31280 --- [pfms] [restartedMain] org.hibernate.SQL                        : 
    select
        e1_0.id,
        e1_0.aia,
        e1_0.allowancesForParents,
        e1_0.breakfast,
        e1_0.criticare,
        e1_0.date,
        e1_0.debt,
        e1_0.dinner,
        e1_0.eatingOut,
        e1_0.entertainment,
        e1_0.groceries,
        e1_0.haircut,
        e1_0.holiday,
        e1_0.incomeTax,
        e1_0.internet,
        e1_0.lunch,
        e1_0.medical,
        e1_0.mobilePhone,
        e1_0.mortgage,
        e1_0.others,
        e1_0.privateTransport,
        e1_0.propertyTax,
        e1_0.publicTransport,
        e1_0.shopping,
        e1_0.sports,
        e1_0.tech,
        e1_0.termProtector,
        e1_0.utilities 
    from
        expense e1_0 
    where
        e1_0.date between ? and ?
2026-06-01T20:33:30.548+08:00 DEBUG 31280 --- [pfms] [restartedMain] o.s.d.j.r.query.PartTreeJpaQuery         : QueryPreparer: Derived query for query method [public abstract java.util.List com.app.pfms.Expense.ExpenseDAO.findByDateBetween(java.time.LocalDate,java.time.LocalDate)]: 'SELECT e FROM Expense e WHERE e.date BETWEEN :startDate AND :endDate'
2026-06-01T20:33:30.549+08:00 DEBUG 31280 --- [pfms] [restartedMain] org.hibernate.SQL                        : 
    select
        e1_0.id,
        e1_0.aia,
        e1_0.allowancesForParents,
        e1_0.breakfast,
        e1_0.criticare,
        e1_0.date,
        e1_0.debt,
        e1_0.dinner,
        e1_0.eatingOut,
        e1_0.entertainment,
        e1_0.groceries,
        e1_0.haircut,
        e1_0.holiday,
        e1_0.incomeTax,
        e1_0.internet,
        e1_0.lunch,
        e1_0.medical,
        e1_0.mobilePhone,
        e1_0.mortgage,
        e1_0.others,
        e1_0.privateTransport,
        e1_0.propertyTax,
        e1_0.publicTransport,
        e1_0.shopping,
        e1_0.sports,
        e1_0.tech,
        e1_0.termProtector,
        e1_0.utilities 
    from
        expense e1_0 
    where
        e1_0.date between ? and ?
2026-06-01T20:33:30.550+08:00 DEBUG 31280 --- [pfms] [restartedMain] o.s.d.j.r.query.PartTreeJpaQuery         : QueryPreparer: Derived query for query method [public abstract java.util.List com.app.pfms.Expense.ExpenseDAO.findByDateBetween(java.time.LocalDate,java.time.LocalDate)]: 'SELECT e FROM Expense e WHERE e.date BETWEEN :startDate AND :endDate'
2026-06-01T20:33:30.551+08:00 DEBUG 31280 --- [pfms] [restartedMain] org.hibernate.SQL                        : 
    select
        e1_0.id,
        e1_0.aia,
        e1_0.allowancesForParents,
        e1_0.breakfast,
        e1_0.criticare,
        e1_0.date,
        e1_0.debt,
        e1_0.dinner,
        e1_0.eatingOut,
        e1_0.entertainment,
        e1_0.groceries,
        e1_0.haircut,
        e1_0.holiday,
        e1_0.incomeTax,
        e1_0.internet,
        e1_0.lunch,
        e1_0.medical,
        e1_0.mobilePhone,
        e1_0.mortgage,
        e1_0.others,
        e1_0.privateTransport,
        e1_0.propertyTax,
        e1_0.publicTransport,
        e1_0.shopping,
        e1_0.sports,
        e1_0.tech,
        e1_0.termProtector,
        e1_0.utilities 
    from
        expense e1_0 
    where
        e1_0.date between ? and ?
2026-06-01T20:33:30.552+08:00 DEBUG 31280 --- [pfms] [restartedMain] o.s.d.j.r.query.PartTreeJpaQuery         : QueryPreparer: Derived query for query method [public abstract java.util.List com.app.pfms.Expense.ExpenseDAO.findByDateBetween(java.time.LocalDate,java.time.LocalDate)]: 'SELECT e FROM Expense e WHERE e.date BETWEEN :startDate AND :endDate'
2026-06-01T20:33:30.553+08:00 DEBUG 31280 --- [pfms] [restartedMain] org.hibernate.SQL                        : 
    select
        e1_0.id,
        e1_0.aia,
        e1_0.allowancesForParents,
        e1_0.breakfast,
        e1_0.criticare,
        e1_0.date,
        e1_0.debt,
        e1_0.dinner,
        e1_0.eatingOut,
        e1_0.entertainment,
        e1_0.groceries,
        e1_0.haircut,
        e1_0.holiday,
        e1_0.incomeTax,
        e1_0.internet,
        e1_0.lunch,
        e1_0.medical,
        e1_0.mobilePhone,
        e1_0.mortgage,
        e1_0.others,
        e1_0.privateTransport,
        e1_0.propertyTax,
        e1_0.publicTransport,
        e1_0.shopping,
        e1_0.sports,
        e1_0.tech,
        e1_0.termProtector,
        e1_0.utilities 
    from
        expense e1_0 
    where
        e1_0.date between ? and ?
2026-06-01T20:33:30.555+08:00 DEBUG 31280 --- [pfms] [restartedMain] o.s.d.j.r.query.PartTreeJpaQuery         : QueryPreparer: Derived query for query method [public abstract java.util.List com.app.pfms.Expense.ExpenseDAO.findByDateBetween(java.time.LocalDate,java.time.LocalDate)]: 'SELECT e FROM Expense e WHERE e.date BETWEEN :startDate AND :endDate'
2026-06-01T20:33:30.556+08:00 DEBUG 31280 --- [pfms] [restartedMain] org.hibernate.SQL                        : 
    select
        e1_0.id,
        e1_0.aia,
        e1_0.allowancesForParents,
        e1_0.breakfast,
        e1_0.criticare,
        e1_0.date,
        e1_0.debt,
        e1_0.dinner,
        e1_0.eatingOut,
        e1_0.entertainment,
        e1_0.groceries,
        e1_0.haircut,
        e1_0.holiday,
        e1_0.incomeTax,
        e1_0.internet,
        e1_0.lunch,
        e1_0.medical,
        e1_0.mobilePhone,
        e1_0.mortgage,
        e1_0.others,
        e1_0.privateTransport,
        e1_0.propertyTax,
        e1_0.publicTransport,
        e1_0.shopping,
        e1_0.sports,
        e1_0.tech,
        e1_0.termProtector,
        e1_0.utilities 
    from
        expense e1_0 
    where
        e1_0.date between ? and ?
2026-06-01T20:33:30.557+08:00 DEBUG 31280 --- [pfms] [restartedMain] o.s.d.j.r.query.PartTreeJpaQuery         : QueryPreparer: Derived query for query method [public abstract java.util.List com.app.pfms.Expense.ExpenseDAO.findByDateBetween(java.time.LocalDate,java.time.LocalDate)]: 'SELECT e FROM Expense e WHERE e.date BETWEEN :startDate AND :endDate'
2026-06-01T20:33:30.558+08:00 DEBUG 31280 --- [pfms] [restartedMain] org.hibernate.SQL                        : 
    select
        e1_0.id,
        e1_0.aia,
        e1_0.allowancesForParents,
        e1_0.breakfast,
        e1_0.criticare,
        e1_0.date,
        e1_0.debt,
        e1_0.dinner,
        e1_0.eatingOut,
        e1_0.entertainment,
        e1_0.groceries,
        e1_0.haircut,
        e1_0.holiday,
        e1_0.incomeTax,
        e1_0.internet,
        e1_0.lunch,
        e1_0.medical,
        e1_0.mobilePhone,
        e1_0.mortgage,
        e1_0.others,
        e1_0.privateTransport,
        e1_0.propertyTax,
        e1_0.publicTransport,
        e1_0.shopping,
        e1_0.sports,
        e1_0.tech,
        e1_0.termProtector,
        e1_0.utilities 
    from
        expense e1_0 
    where
        e1_0.date between ? and ?
2026-06-01T20:33:30.559+08:00 DEBUG 31280 --- [pfms] [restartedMain] o.s.d.j.r.query.PartTreeJpaQuery         : QueryPreparer: Derived query for query method [public abstract java.util.List com.app.pfms.Expense.ExpenseDAO.findByDateBetween(java.time.LocalDate,java.time.LocalDate)]: 'SELECT e FROM Expense e WHERE e.date BETWEEN :startDate AND :endDate'
2026-06-01T20:33:30.560+08:00 DEBUG 31280 --- [pfms] [restartedMain] org.hibernate.SQL                        : 
    select
        e1_0.id,
        e1_0.aia,
        e1_0.allowancesForParents,
        e1_0.breakfast,
        e1_0.criticare,
        e1_0.date,
        e1_0.debt,
        e1_0.dinner,
        e1_0.eatingOut,
        e1_0.entertainment,
        e1_0.groceries,
        e1_0.haircut,
        e1_0.holiday,
        e1_0.incomeTax,
        e1_0.internet,
        e1_0.lunch,
        e1_0.medical,
        e1_0.mobilePhone,
        e1_0.mortgage,
        e1_0.others,
        e1_0.privateTransport,
        e1_0.propertyTax,
        e1_0.publicTransport,
        e1_0.shopping,
        e1_0.sports,
        e1_0.tech,
        e1_0.termProtector,
        e1_0.utilities 
    from
        expense e1_0 
    where
        e1_0.date between ? and ?
2026-06-01T20:33:30.562+08:00 DEBUG 31280 --- [pfms] [restartedMain] o.s.d.j.r.query.PartTreeJpaQuery         : QueryPreparer: Derived query for query method [public abstract java.util.List com.app.pfms.Expense.ExpenseDAO.findByDateBetween(java.time.LocalDate,java.time.LocalDate)]: 'SELECT e FROM Expense e WHERE e.date BETWEEN :startDate AND :endDate'
2026-06-01T20:33:30.562+08:00 DEBUG 31280 --- [pfms] [restartedMain] org.hibernate.SQL                        : 
    select
        e1_0.id,
        e1_0.aia,
        e1_0.allowancesForParents,
        e1_0.breakfast,
        e1_0.criticare,
        e1_0.date,
        e1_0.debt,
        e1_0.dinner,
        e1_0.eatingOut,
        e1_0.entertainment,
        e1_0.groceries,
        e1_0.haircut,
        e1_0.holiday,
        e1_0.incomeTax,
        e1_0.internet,
        e1_0.lunch,
        e1_0.medical,
        e1_0.mobilePhone,
        e1_0.mortgage,
        e1_0.others,
        e1_0.privateTransport,
        e1_0.propertyTax,
        e1_0.publicTransport,
        e1_0.shopping,
        e1_0.sports,
        e1_0.tech,
        e1_0.termProtector,
        e1_0.utilities 
    from
        expense e1_0 
    where
        e1_0.date between ? and ?
2026-06-01T20:33:30.564+08:00 DEBUG 31280 --- [pfms] [restartedMain] o.s.d.j.r.query.PartTreeJpaQuery         : QueryPreparer: Derived query for query method [public abstract java.util.List com.app.pfms.Expense.ExpenseDAO.findByDateBetween(java.time.LocalDate,java.time.LocalDate)]: 'SELECT e FROM Expense e WHERE e.date BETWEEN :startDate AND :endDate'
2026-06-01T20:33:30.564+08:00 DEBUG 31280 --- [pfms] [restartedMain] org.hibernate.SQL                        : 
    select
        e1_0.id,
        e1_0.aia,
        e1_0.allowancesForParents,
        e1_0.breakfast,
        e1_0.criticare,
        e1_0.date,
        e1_0.debt,
        e1_0.dinner,
        e1_0.eatingOut,
        e1_0.entertainment,
        e1_0.groceries,
        e1_0.haircut,
        e1_0.holiday,
        e1_0.incomeTax,
        e1_0.internet,
        e1_0.lunch,
        e1_0.medical,
        e1_0.mobilePhone,
        e1_0.mortgage,
        e1_0.others,
        e1_0.privateTransport,
        e1_0.propertyTax,
        e1_0.publicTransport,
        e1_0.shopping,
        e1_0.sports,
        e1_0.tech,
        e1_0.termProtector,
        e1_0.utilities 
    from
        expense e1_0 
    where
        e1_0.date between ? and ?
2026-06-01T20:33:30.565+08:00 DEBUG 31280 --- [pfms] [restartedMain] o.s.d.j.r.query.PartTreeJpaQuery         : QueryPreparer: Derived query for query method [public abstract java.util.List com.app.pfms.Expense.ExpenseDAO.findByDateBetween(java.time.LocalDate,java.time.LocalDate)]: 'SELECT e FROM Expense e WHERE e.date BETWEEN :startDate AND :endDate'
2026-06-01T20:33:30.566+08:00 DEBUG 31280 --- [pfms] [restartedMain] org.hibernate.SQL                        : 
    select
        e1_0.id,
        e1_0.aia,
        e1_0.allowancesForParents,
        e1_0.breakfast,
        e1_0.criticare,
        e1_0.date,
        e1_0.debt,
        e1_0.dinner,
        e1_0.eatingOut,
        e1_0.entertainment,
        e1_0.groceries,
        e1_0.haircut,
        e1_0.holiday,
        e1_0.incomeTax,
        e1_0.internet,
        e1_0.lunch,
        e1_0.medical,
        e1_0.mobilePhone,
        e1_0.mortgage,
        e1_0.others,
        e1_0.privateTransport,
        e1_0.propertyTax,
        e1_0.publicTransport,
        e1_0.shopping,
        e1_0.sports,
        e1_0.tech,
        e1_0.termProtector,
        e1_0.utilities 
    from
        expense e1_0 
    where
        e1_0.date between ? and ?
2026-06-01T20:33:30.567+08:00 DEBUG 31280 --- [pfms] [restartedMain] o.s.orm.jpa.JpaTransactionManager        : Found thread-bound EntityManager [SessionImpl(1236759529<open>)] for JPA transaction
2026-06-01T20:33:30.567+08:00 DEBUG 31280 --- [pfms] [restartedMain] o.s.orm.jpa.JpaTransactionManager        : Participating in existing transaction
2026-06-01T20:33:30.568+08:00 DEBUG 31280 --- [pfms] [restartedMain] org.hibernate.SQL                        : 
    insert 
    into
        budget
        (allowancesForParents, debt, food, groceries, haircut, income, insurance, internet, medical, misc, mobilePhone, month, mortgage, retirement, savings, tax, transport, utilities) 
    values
        (?, ?, ?, ?, ?, ?, ?, ?, ?, ?, ?, ?, ?, ?, ?, ?, ?, ?)
2026-06-01T20:33:30.569+08:00 DEBUG 31280 --- [pfms] [restartedMain] o.s.orm.jpa.JpaTransactionManager        : Initiating transaction commit
2026-06-01T20:33:30.570+08:00 DEBUG 31280 --- [pfms] [restartedMain] o.s.orm.jpa.JpaTransactionManager        : Committing JPA transaction on EntityManager [SessionImpl(1236759529<open>)]
2026-06-01T20:33:30.571+08:00 DEBUG 31280 --- [pfms] [restartedMain] o.s.orm.jpa.JpaTransactionManager        : Closing JPA EntityManager after transaction
2026-06-01T20:33:30.571+08:00 DEBUG 31280 --- [pfms] [restartedMain] o.s.orm.jpa.JpaTransactionManager        : Creating new transaction with name [com.app.pfms.Budget.BudgetService.createBudget]: PROPAGATION_REQUIRED,ISOLATION_DEFAULT
2026-06-01T20:33:30.571+08:00 DEBUG 31280 --- [pfms] [restartedMain] o.s.orm.jpa.JpaTransactionManager        : Opened new EntityManager [SessionImpl(194084100<open>)] for JPA transaction
2026-06-01T20:33:30.572+08:00 DEBUG 31280 --- [pfms] [restartedMain] o.s.orm.jpa.JpaTransactionManager        : Exposing JPA transaction as JDBC [org.springframework.orm.jpa.vendor.HibernateJpaDialect$HibernateConnectionHandle@6f9275d6]
2026-06-01T20:33:30.572+08:00 DEBUG 31280 --- [pfms] [restartedMain] o.s.d.j.r.query.PartTreeJpaQuery         : QueryPreparer: Derived query for query method [public abstract java.util.Optional com.app.pfms.Budget.BudgetDAO.findByMonth(java.time.YearMonth)]: 'SELECT b FROM Budget b WHERE b.month = :month'
2026-06-01T20:33:30.572+08:00 DEBUG 31280 --- [pfms] [restartedMain] org.hibernate.SQL                        : 
    select
        b1_0.id,
        b1_0.allowancesForParents,
        b1_0.debt,
        b1_0.food,
        b1_0.groceries,
        b1_0.haircut,
        b1_0.income,
        b1_0.insurance,
        b1_0.internet,
        b1_0.medical,
        b1_0.misc,
        b1_0.mobilePhone,
        b1_0.month,
        b1_0.mortgage,
        b1_0.retirement,
        b1_0.savings,
        b1_0.tax,
        b1_0.transport,
        b1_0.utilities 
    from
        budget b1_0 
    where
        b1_0.month=?
2026-06-01T20:33:30.574+08:00 DEBUG 31280 --- [pfms] [restartedMain] o.s.d.j.r.query.PartTreeJpaQuery         : QueryPreparer: Derived query for query method [public abstract java.util.List com.app.pfms.Expense.ExpenseDAO.findByDateBetween(java.time.LocalDate,java.time.LocalDate)]: 'SELECT e FROM Expense e WHERE e.date BETWEEN :startDate AND :endDate'
2026-06-01T20:33:30.574+08:00 DEBUG 31280 --- [pfms] [restartedMain] org.hibernate.SQL                        : 
    select
        e1_0.id,
        e1_0.aia,
        e1_0.allowancesForParents,
        e1_0.breakfast,
        e1_0.criticare,
        e1_0.date,
        e1_0.debt,
        e1_0.dinner,
        e1_0.eatingOut,
        e1_0.entertainment,
        e1_0.groceries,
        e1_0.haircut,
        e1_0.holiday,
        e1_0.incomeTax,
        e1_0.internet,
        e1_0.lunch,
        e1_0.medical,
        e1_0.mobilePhone,
        e1_0.mortgage,
        e1_0.others,
        e1_0.privateTransport,
        e1_0.propertyTax,
        e1_0.publicTransport,
        e1_0.shopping,
        e1_0.sports,
        e1_0.tech,
        e1_0.termProtector,
        e1_0.utilities 
    from
        expense e1_0 
    where
        e1_0.date between ? and ?
2026-06-01T20:33:30.585+08:00 DEBUG 31280 --- [pfms] [restartedMain] o.s.d.j.r.query.PartTreeJpaQuery         : QueryPreparer: Derived query for query method [public abstract java.util.List com.app.pfms.Expense.ExpenseDAO.findByDateBetween(java.time.LocalDate,java.time.LocalDate)]: 'SELECT e FROM Expense e WHERE e.date BETWEEN :startDate AND :endDate'
2026-06-01T20:33:30.587+08:00 DEBUG 31280 --- [pfms] [restartedMain] org.hibernate.SQL                        : 
    select
        e1_0.id,
        e1_0.aia,
        e1_0.allowancesForParents,
        e1_0.breakfast,
        e1_0.criticare,
        e1_0.date,
        e1_0.debt,
        e1_0.dinner,
        e1_0.eatingOut,
        e1_0.entertainment,
        e1_0.groceries,
        e1_0.haircut,
        e1_0.holiday,
        e1_0.incomeTax,
        e1_0.internet,
        e1_0.lunch,
        e1_0.medical,
        e1_0.mobilePhone,
        e1_0.mortgage,
        e1_0.others,
        e1_0.privateTransport,
        e1_0.propertyTax,
        e1_0.publicTransport,
        e1_0.shopping,
        e1_0.sports,
        e1_0.tech,
        e1_0.termProtector,
        e1_0.utilities 
    from
        expense e1_0 
    where
        e1_0.date between ? and ?
2026-06-01T20:33:30.588+08:00 DEBUG 31280 --- [pfms] [restartedMain] o.s.d.j.r.query.PartTreeJpaQuery         : QueryPreparer: Derived query for query method [public abstract java.util.List com.app.pfms.Expense.ExpenseDAO.findByDateBetween(java.time.LocalDate,java.time.LocalDate)]: 'SELECT e FROM Expense e WHERE e.date BETWEEN :startDate AND :endDate'
2026-06-01T20:33:30.589+08:00 DEBUG 31280 --- [pfms] [restartedMain] org.hibernate.SQL                        : 
    select
        e1_0.id,
        e1_0.aia,
        e1_0.allowancesForParents,
        e1_0.breakfast,
        e1_0.criticare,
        e1_0.date,
        e1_0.debt,
        e1_0.dinner,
        e1_0.eatingOut,
        e1_0.entertainment,
        e1_0.groceries,
        e1_0.haircut,
        e1_0.holiday,
        e1_0.incomeTax,
        e1_0.internet,
        e1_0.lunch,
        e1_0.medical,
        e1_0.mobilePhone,
        e1_0.mortgage,
        e1_0.others,
        e1_0.privateTransport,
        e1_0.propertyTax,
        e1_0.publicTransport,
        e1_0.shopping,
        e1_0.sports,
        e1_0.tech,
        e1_0.termProtector,
        e1_0.utilities 
    from
        expense e1_0 
    where
        e1_0.date between ? and ?
2026-06-01T20:33:30.590+08:00 DEBUG 31280 --- [pfms] [restartedMain] o.s.d.j.r.query.PartTreeJpaQuery         : QueryPreparer: Derived query for query method [public abstract java.util.List com.app.pfms.Expense.ExpenseDAO.findByDateBetween(java.time.LocalDate,java.time.LocalDate)]: 'SELECT e FROM Expense e WHERE e.date BETWEEN :startDate AND :endDate'
2026-06-01T20:33:30.591+08:00 DEBUG 31280 --- [pfms] [restartedMain] org.hibernate.SQL                        : 
    select
        e1_0.id,
        e1_0.aia,
        e1_0.allowancesForParents,
        e1_0.breakfast,
        e1_0.criticare,
        e1_0.date,
        e1_0.debt,
        e1_0.dinner,
        e1_0.eatingOut,
        e1_0.entertainment,
        e1_0.groceries,
        e1_0.haircut,
        e1_0.holiday,
        e1_0.incomeTax,
        e1_0.internet,
        e1_0.lunch,
        e1_0.medical,
        e1_0.mobilePhone,
        e1_0.mortgage,
        e1_0.others,
        e1_0.privateTransport,
        e1_0.propertyTax,
        e1_0.publicTransport,
        e1_0.shopping,
        e1_0.sports,
        e1_0.tech,
        e1_0.termProtector,
        e1_0.utilities 
    from
        expense e1_0 
    where
        e1_0.date between ? and ?
2026-06-01T20:33:30.592+08:00 DEBUG 31280 --- [pfms] [restartedMain] o.s.d.j.r.query.PartTreeJpaQuery         : QueryPreparer: Derived query for query method [public abstract java.util.List com.app.pfms.Expense.ExpenseDAO.findByDateBetween(java.time.LocalDate,java.time.LocalDate)]: 'SELECT e FROM Expense e WHERE e.date BETWEEN :startDate AND :endDate'
2026-06-01T20:33:30.592+08:00 DEBUG 31280 --- [pfms] [restartedMain] org.hibernate.SQL                        : 
    select
        e1_0.id,
        e1_0.aia,
        e1_0.allowancesForParents,
        e1_0.breakfast,
        e1_0.criticare,
        e1_0.date,
        e1_0.debt,
        e1_0.dinner,
        e1_0.eatingOut,
        e1_0.entertainment,
        e1_0.groceries,
        e1_0.haircut,
        e1_0.holiday,
        e1_0.incomeTax,
        e1_0.internet,
        e1_0.lunch,
        e1_0.medical,
        e1_0.mobilePhone,
        e1_0.mortgage,
        e1_0.others,
        e1_0.privateTransport,
        e1_0.propertyTax,
        e1_0.publicTransport,
        e1_0.shopping,
        e1_0.sports,
        e1_0.tech,
        e1_0.termProtector,
        e1_0.utilities 
    from
        expense e1_0 
    where
        e1_0.date between ? and ?
2026-06-01T20:33:30.593+08:00 DEBUG 31280 --- [pfms] [restartedMain] o.s.d.j.r.query.PartTreeJpaQuery         : QueryPreparer: Derived query for query method [public abstract java.util.List com.app.pfms.Expense.ExpenseDAO.findByDateBetween(java.time.LocalDate,java.time.LocalDate)]: 'SELECT e FROM Expense e WHERE e.date BETWEEN :startDate AND :endDate'
2026-06-01T20:33:30.594+08:00 DEBUG 31280 --- [pfms] [restartedMain] org.hibernate.SQL                        : 
    select
        e1_0.id,
        e1_0.aia,
        e1_0.allowancesForParents,
        e1_0.breakfast,
        e1_0.criticare,
        e1_0.date,
        e1_0.debt,
        e1_0.dinner,
        e1_0.eatingOut,
        e1_0.entertainment,
        e1_0.groceries,
        e1_0.haircut,
        e1_0.holiday,
        e1_0.incomeTax,
        e1_0.internet,
        e1_0.lunch,
        e1_0.medical,
        e1_0.mobilePhone,
        e1_0.mortgage,
        e1_0.others,
        e1_0.privateTransport,
        e1_0.propertyTax,
        e1_0.publicTransport,
        e1_0.shopping,
        e1_0.sports,
        e1_0.tech,
        e1_0.termProtector,
        e1_0.utilities 
    from
        expense e1_0 
    where
        e1_0.date between ? and ?
2026-06-01T20:33:30.594+08:00 DEBUG 31280 --- [pfms] [restartedMain] o.s.d.j.r.query.PartTreeJpaQuery         : QueryPreparer: Derived query for query method [public abstract java.util.List com.app.pfms.Expense.ExpenseDAO.findByDateBetween(java.time.LocalDate,java.time.LocalDate)]: 'SELECT e FROM Expense e WHERE e.date BETWEEN :startDate AND :endDate'
2026-06-01T20:33:30.595+08:00 DEBUG 31280 --- [pfms] [restartedMain] org.hibernate.SQL                        : 
    select
        e1_0.id,
        e1_0.aia,
        e1_0.allowancesForParents,
        e1_0.breakfast,
        e1_0.criticare,
        e1_0.date,
        e1_0.debt,
        e1_0.dinner,
        e1_0.eatingOut,
        e1_0.entertainment,
        e1_0.groceries,
        e1_0.haircut,
        e1_0.holiday,
        e1_0.incomeTax,
        e1_0.internet,
        e1_0.lunch,
        e1_0.medical,
        e1_0.mobilePhone,
        e1_0.mortgage,
        e1_0.others,
        e1_0.privateTransport,
        e1_0.propertyTax,
        e1_0.publicTransport,
        e1_0.shopping,
        e1_0.sports,
        e1_0.tech,
        e1_0.termProtector,
        e1_0.utilities 
    from
        expense e1_0 
    where
        e1_0.date between ? and ?
2026-06-01T20:33:30.596+08:00 DEBUG 31280 --- [pfms] [restartedMain] o.s.d.j.r.query.PartTreeJpaQuery         : QueryPreparer: Derived query for query method [public abstract java.util.List com.app.pfms.Expense.ExpenseDAO.findByDateBetween(java.time.LocalDate,java.time.LocalDate)]: 'SELECT e FROM Expense e WHERE e.date BETWEEN :startDate AND :endDate'
2026-06-01T20:33:30.596+08:00 DEBUG 31280 --- [pfms] [restartedMain] org.hibernate.SQL                        : 
    select
        e1_0.id,
        e1_0.aia,
        e1_0.allowancesForParents,
        e1_0.breakfast,
        e1_0.criticare,
        e1_0.date,
        e1_0.debt,
        e1_0.dinner,
        e1_0.eatingOut,
        e1_0.entertainment,
        e1_0.groceries,
        e1_0.haircut,
        e1_0.holiday,
        e1_0.incomeTax,
        e1_0.internet,
        e1_0.lunch,
        e1_0.medical,
        e1_0.mobilePhone,
        e1_0.mortgage,
        e1_0.others,
        e1_0.privateTransport,
        e1_0.propertyTax,
        e1_0.publicTransport,
        e1_0.shopping,
        e1_0.sports,
        e1_0.tech,
        e1_0.termProtector,
        e1_0.utilities 
    from
        expense e1_0 
    where
        e1_0.date between ? and ?
2026-06-01T20:33:30.597+08:00 DEBUG 31280 --- [pfms] [restartedMain] o.s.d.j.r.query.PartTreeJpaQuery         : QueryPreparer: Derived query for query method [public abstract java.util.List com.app.pfms.Expense.ExpenseDAO.findByDateBetween(java.time.LocalDate,java.time.LocalDate)]: 'SELECT e FROM Expense e WHERE e.date BETWEEN :startDate AND :endDate'
2026-06-01T20:33:30.598+08:00 DEBUG 31280 --- [pfms] [restartedMain] org.hibernate.SQL                        : 
    select
        e1_0.id,
        e1_0.aia,
        e1_0.allowancesForParents,
        e1_0.breakfast,
        e1_0.criticare,
        e1_0.date,
        e1_0.debt,
        e1_0.dinner,
        e1_0.eatingOut,
        e1_0.entertainment,
        e1_0.groceries,
        e1_0.haircut,
        e1_0.holiday,
        e1_0.incomeTax,
        e1_0.internet,
        e1_0.lunch,
        e1_0.medical,
        e1_0.mobilePhone,
        e1_0.mortgage,
        e1_0.others,
        e1_0.privateTransport,
        e1_0.propertyTax,
        e1_0.publicTransport,
        e1_0.shopping,
        e1_0.sports,
        e1_0.tech,
        e1_0.termProtector,
        e1_0.utilities 
    from
        expense e1_0 
    where
        e1_0.date between ? and ?
2026-06-01T20:33:30.599+08:00 DEBUG 31280 --- [pfms] [restartedMain] o.s.d.j.r.query.PartTreeJpaQuery         : QueryPreparer: Derived query for query method [public abstract java.util.List com.app.pfms.Expense.ExpenseDAO.findByDateBetween(java.time.LocalDate,java.time.LocalDate)]: 'SELECT e FROM Expense e WHERE e.date BETWEEN :startDate AND :endDate'
2026-06-01T20:33:30.599+08:00 DEBUG 31280 --- [pfms] [restartedMain] org.hibernate.SQL                        : 
    select
        e1_0.id,
        e1_0.aia,
        e1_0.allowancesForParents,
        e1_0.breakfast,
        e1_0.criticare,
        e1_0.date,
        e1_0.debt,
        e1_0.dinner,
        e1_0.eatingOut,
        e1_0.entertainment,
        e1_0.groceries,
        e1_0.haircut,
        e1_0.holiday,
        e1_0.incomeTax,
        e1_0.internet,
        e1_0.lunch,
        e1_0.medical,
        e1_0.mobilePhone,
        e1_0.mortgage,
        e1_0.others,
        e1_0.privateTransport,
        e1_0.propertyTax,
        e1_0.publicTransport,
        e1_0.shopping,
        e1_0.sports,
        e1_0.tech,
        e1_0.termProtector,
        e1_0.utilities 
    from
        expense e1_0 
    where
        e1_0.date between ? and ?
2026-06-01T20:33:30.600+08:00 DEBUG 31280 --- [pfms] [restartedMain] o.s.d.j.r.query.PartTreeJpaQuery         : QueryPreparer: Derived query for query method [public abstract java.util.List com.app.pfms.Expense.ExpenseDAO.findByDateBetween(java.time.LocalDate,java.time.LocalDate)]: 'SELECT e FROM Expense e WHERE e.date BETWEEN :startDate AND :endDate'
2026-06-01T20:33:30.600+08:00 DEBUG 31280 --- [pfms] [restartedMain] org.hibernate.SQL                        : 
    select
        e1_0.id,
        e1_0.aia,
        e1_0.allowancesForParents,
        e1_0.breakfast,
        e1_0.criticare,
        e1_0.date,
        e1_0.debt,
        e1_0.dinner,
        e1_0.eatingOut,
        e1_0.entertainment,
        e1_0.groceries,
        e1_0.haircut,
        e1_0.holiday,
        e1_0.incomeTax,
        e1_0.internet,
        e1_0.lunch,
        e1_0.medical,
        e1_0.mobilePhone,
        e1_0.mortgage,
        e1_0.others,
        e1_0.privateTransport,
        e1_0.propertyTax,
        e1_0.publicTransport,
        e1_0.shopping,
        e1_0.sports,
        e1_0.tech,
        e1_0.termProtector,
        e1_0.utilities 
    from
        expense e1_0 
    where
        e1_0.date between ? and ?
2026-06-01T20:33:30.602+08:00 DEBUG 31280 --- [pfms] [restartedMain] o.s.d.j.r.query.PartTreeJpaQuery         : QueryPreparer: Derived query for query method [public abstract java.util.List com.app.pfms.Expense.ExpenseDAO.findByDateBetween(java.time.LocalDate,java.time.LocalDate)]: 'SELECT e FROM Expense e WHERE e.date BETWEEN :startDate AND :endDate'
2026-06-01T20:33:30.603+08:00 DEBUG 31280 --- [pfms] [restartedMain] org.hibernate.SQL                        : 
    select
        e1_0.id,
        e1_0.aia,
        e1_0.allowancesForParents,
        e1_0.breakfast,
        e1_0.criticare,
        e1_0.date,
        e1_0.debt,
        e1_0.dinner,
        e1_0.eatingOut,
        e1_0.entertainment,
        e1_0.groceries,
        e1_0.haircut,
        e1_0.holiday,
        e1_0.incomeTax,
        e1_0.internet,
        e1_0.lunch,
        e1_0.medical,
        e1_0.mobilePhone,
        e1_0.mortgage,
        e1_0.others,
        e1_0.privateTransport,
        e1_0.propertyTax,
        e1_0.publicTransport,
        e1_0.shopping,
        e1_0.sports,
        e1_0.tech,
        e1_0.termProtector,
        e1_0.utilities 
    from
        expense e1_0 
    where
        e1_0.date between ? and ?
2026-06-01T20:33:30.604+08:00 DEBUG 31280 --- [pfms] [restartedMain] o.s.d.j.r.query.PartTreeJpaQuery         : QueryPreparer: Derived query for query method [public abstract java.util.List com.app.pfms.Expense.ExpenseDAO.findByDateBetween(java.time.LocalDate,java.time.LocalDate)]: 'SELECT e FROM Expense e WHERE e.date BETWEEN :startDate AND :endDate'
2026-06-01T20:33:30.605+08:00 DEBUG 31280 --- [pfms] [restartedMain] org.hibernate.SQL                        : 
    select
        e1_0.id,
        e1_0.aia,
        e1_0.allowancesForParents,
        e1_0.breakfast,
        e1_0.criticare,
        e1_0.date,
        e1_0.debt,
        e1_0.dinner,
        e1_0.eatingOut,
        e1_0.entertainment,
        e1_0.groceries,
        e1_0.haircut,
        e1_0.holiday,
        e1_0.incomeTax,
        e1_0.internet,
        e1_0.lunch,
        e1_0.medical,
        e1_0.mobilePhone,
        e1_0.mortgage,
        e1_0.others,
        e1_0.privateTransport,
        e1_0.propertyTax,
        e1_0.publicTransport,
        e1_0.shopping,
        e1_0.sports,
        e1_0.tech,
        e1_0.termProtector,
        e1_0.utilities 
    from
        expense e1_0 
    where
        e1_0.date between ? and ?
2026-06-01T20:33:30.606+08:00 DEBUG 31280 --- [pfms] [restartedMain] o.s.d.j.r.query.PartTreeJpaQuery         : QueryPreparer: Derived query for query method [public abstract java.util.List com.app.pfms.Expense.ExpenseDAO.findByDateBetween(java.time.LocalDate,java.time.LocalDate)]: 'SELECT e FROM Expense e WHERE e.date BETWEEN :startDate AND :endDate'
2026-06-01T20:33:30.607+08:00 DEBUG 31280 --- [pfms] [restartedMain] org.hibernate.SQL                        : 
    select
        e1_0.id,
        e1_0.aia,
        e1_0.allowancesForParents,
        e1_0.breakfast,
        e1_0.criticare,
        e1_0.date,
        e1_0.debt,
        e1_0.dinner,
        e1_0.eatingOut,
        e1_0.entertainment,
        e1_0.groceries,
        e1_0.haircut,
        e1_0.holiday,
        e1_0.incomeTax,
        e1_0.internet,
        e1_0.lunch,
        e1_0.medical,
        e1_0.mobilePhone,
        e1_0.mortgage,
        e1_0.others,
        e1_0.privateTransport,
        e1_0.propertyTax,
        e1_0.publicTransport,
        e1_0.shopping,
        e1_0.sports,
        e1_0.tech,
        e1_0.termProtector,
        e1_0.utilities 
    from
        expense e1_0 
    where
        e1_0.date between ? and ?
2026-06-01T20:33:30.608+08:00 DEBUG 31280 --- [pfms] [restartedMain] o.s.orm.jpa.JpaTransactionManager        : Found thread-bound EntityManager [SessionImpl(194084100<open>)] for JPA transaction
2026-06-01T20:33:30.608+08:00 DEBUG 31280 --- [pfms] [restartedMain] o.s.orm.jpa.JpaTransactionManager        : Participating in existing transaction
2026-06-01T20:33:30.609+08:00 DEBUG 31280 --- [pfms] [restartedMain] org.hibernate.SQL                        : 
    insert 
    into
        budget
        (allowancesForParents, debt, food, groceries, haircut, income, insurance, internet, medical, misc, mobilePhone, month, mortgage, retirement, savings, tax, transport, utilities) 
    values
        (?, ?, ?, ?, ?, ?, ?, ?, ?, ?, ?, ?, ?, ?, ?, ?, ?, ?)
2026-06-01T20:33:30.610+08:00 DEBUG 31280 --- [pfms] [restartedMain] o.s.orm.jpa.JpaTransactionManager        : Initiating transaction commit
2026-06-01T20:33:30.610+08:00 DEBUG 31280 --- [pfms] [restartedMain] o.s.orm.jpa.JpaTransactionManager        : Committing JPA transaction on EntityManager [SessionImpl(194084100<open>)]
2026-06-01T20:33:30.611+08:00 DEBUG 31280 --- [pfms] [restartedMain] o.s.orm.jpa.JpaTransactionManager        : Closing JPA EntityManager after transaction
2026-06-01T20:33:30.611+08:00 DEBUG 31280 --- [pfms] [restartedMain] o.s.orm.jpa.JpaTransactionManager        : Creating new transaction with name [com.app.pfms.Budget.BudgetService.createBudget]: PROPAGATION_REQUIRED,ISOLATION_DEFAULT
2026-06-01T20:33:30.612+08:00 DEBUG 31280 --- [pfms] [restartedMain] o.s.orm.jpa.JpaTransactionManager        : Opened new EntityManager [SessionImpl(371870304<open>)] for JPA transaction
2026-06-01T20:33:30.612+08:00 DEBUG 31280 --- [pfms] [restartedMain] o.s.orm.jpa.JpaTransactionManager        : Exposing JPA transaction as JDBC [org.springframework.orm.jpa.vendor.HibernateJpaDialect$HibernateConnectionHandle@4d78bcbb]
2026-06-01T20:33:30.612+08:00 DEBUG 31280 --- [pfms] [restartedMain] o.s.d.j.r.query.PartTreeJpaQuery         : QueryPreparer: Derived query for query method [public abstract java.util.Optional com.app.pfms.Budget.BudgetDAO.findByMonth(java.time.YearMonth)]: 'SELECT b FROM Budget b WHERE b.month = :month'
2026-06-01T20:33:30.612+08:00 DEBUG 31280 --- [pfms] [restartedMain] org.hibernate.SQL                        : 
    select
        b1_0.id,
        b1_0.allowancesForParents,
        b1_0.debt,
        b1_0.food,
        b1_0.groceries,
        b1_0.haircut,
        b1_0.income,
        b1_0.insurance,
        b1_0.internet,
        b1_0.medical,
        b1_0.misc,
        b1_0.mobilePhone,
        b1_0.month,
        b1_0.mortgage,
        b1_0.retirement,
        b1_0.savings,
        b1_0.tax,
        b1_0.transport,
        b1_0.utilities 
    from
        budget b1_0 
    where
        b1_0.month=?
2026-06-01T20:33:30.613+08:00 DEBUG 31280 --- [pfms] [restartedMain] o.s.d.j.r.query.PartTreeJpaQuery         : QueryPreparer: Derived query for query method [public abstract java.util.List com.app.pfms.Expense.ExpenseDAO.findByDateBetween(java.time.LocalDate,java.time.LocalDate)]: 'SELECT e FROM Expense e WHERE e.date BETWEEN :startDate AND :endDate'
2026-06-01T20:33:30.613+08:00 DEBUG 31280 --- [pfms] [restartedMain] org.hibernate.SQL                        : 
    select
        e1_0.id,
        e1_0.aia,
        e1_0.allowancesForParents,
        e1_0.breakfast,
        e1_0.criticare,
        e1_0.date,
        e1_0.debt,
        e1_0.dinner,
        e1_0.eatingOut,
        e1_0.entertainment,
        e1_0.groceries,
        e1_0.haircut,
        e1_0.holiday,
        e1_0.incomeTax,
        e1_0.internet,
        e1_0.lunch,
        e1_0.medical,
        e1_0.mobilePhone,
        e1_0.mortgage,
        e1_0.others,
        e1_0.privateTransport,
        e1_0.propertyTax,
        e1_0.publicTransport,
        e1_0.shopping,
        e1_0.sports,
        e1_0.tech,
        e1_0.termProtector,
        e1_0.utilities 
    from
        expense e1_0 
    where
        e1_0.date between ? and ?
2026-06-01T20:33:30.615+08:00 DEBUG 31280 --- [pfms] [restartedMain] o.s.d.j.r.query.PartTreeJpaQuery         : QueryPreparer: Derived query for query method [public abstract java.util.List com.app.pfms.Expense.ExpenseDAO.findByDateBetween(java.time.LocalDate,java.time.LocalDate)]: 'SELECT e FROM Expense e WHERE e.date BETWEEN :startDate AND :endDate'
2026-06-01T20:33:30.616+08:00 DEBUG 31280 --- [pfms] [restartedMain] org.hibernate.SQL                        : 
    select
        e1_0.id,
        e1_0.aia,
        e1_0.allowancesForParents,
        e1_0.breakfast,
        e1_0.criticare,
        e1_0.date,
        e1_0.debt,
        e1_0.dinner,
        e1_0.eatingOut,
        e1_0.entertainment,
        e1_0.groceries,
        e1_0.haircut,
        e1_0.holiday,
        e1_0.incomeTax,
        e1_0.internet,
        e1_0.lunch,
        e1_0.medical,
        e1_0.mobilePhone,
        e1_0.mortgage,
        e1_0.others,
        e1_0.privateTransport,
        e1_0.propertyTax,
        e1_0.publicTransport,
        e1_0.shopping,
        e1_0.sports,
        e1_0.tech,
        e1_0.termProtector,
        e1_0.utilities 
    from
        expense e1_0 
    where
        e1_0.date between ? and ?
2026-06-01T20:33:30.616+08:00 DEBUG 31280 --- [pfms] [restartedMain] o.s.d.j.r.query.PartTreeJpaQuery         : QueryPreparer: Derived query for query method [public abstract java.util.List com.app.pfms.Expense.ExpenseDAO.findByDateBetween(java.time.LocalDate,java.time.LocalDate)]: 'SELECT e FROM Expense e WHERE e.date BETWEEN :startDate AND :endDate'
2026-06-01T20:33:30.617+08:00 DEBUG 31280 --- [pfms] [restartedMain] org.hibernate.SQL                        : 
    select
        e1_0.id,
        e1_0.aia,
        e1_0.allowancesForParents,
        e1_0.breakfast,
        e1_0.criticare,
        e1_0.date,
        e1_0.debt,
        e1_0.dinner,
        e1_0.eatingOut,
        e1_0.entertainment,
        e1_0.groceries,
        e1_0.haircut,
        e1_0.holiday,
        e1_0.incomeTax,
        e1_0.internet,
        e1_0.lunch,
        e1_0.medical,
        e1_0.mobilePhone,
        e1_0.mortgage,
        e1_0.others,
        e1_0.privateTransport,
        e1_0.propertyTax,
        e1_0.publicTransport,
        e1_0.shopping,
        e1_0.sports,
        e1_0.tech,
        e1_0.termProtector,
        e1_0.utilities 
    from
        expense e1_0 
    where
        e1_0.date between ? and ?
2026-06-01T20:33:30.618+08:00 DEBUG 31280 --- [pfms] [restartedMain] o.s.d.j.r.query.PartTreeJpaQuery         : QueryPreparer: Derived query for query method [public abstract java.util.List com.app.pfms.Expense.ExpenseDAO.findByDateBetween(java.time.LocalDate,java.time.LocalDate)]: 'SELECT e FROM Expense e WHERE e.date BETWEEN :startDate AND :endDate'
2026-06-01T20:33:30.619+08:00 DEBUG 31280 --- [pfms] [restartedMain] org.hibernate.SQL                        : 
    select
        e1_0.id,
        e1_0.aia,
        e1_0.allowancesForParents,
        e1_0.breakfast,
        e1_0.criticare,
        e1_0.date,
        e1_0.debt,
        e1_0.dinner,
        e1_0.eatingOut,
        e1_0.entertainment,
        e1_0.groceries,
        e1_0.haircut,
        e1_0.holiday,
        e1_0.incomeTax,
        e1_0.internet,
        e1_0.lunch,
        e1_0.medical,
        e1_0.mobilePhone,
        e1_0.mortgage,
        e1_0.others,
        e1_0.privateTransport,
        e1_0.propertyTax,
        e1_0.publicTransport,
        e1_0.shopping,
        e1_0.sports,
        e1_0.tech,
        e1_0.termProtector,
        e1_0.utilities 
    from
        expense e1_0 
    where
        e1_0.date between ? and ?
2026-06-01T20:33:30.620+08:00 DEBUG 31280 --- [pfms] [restartedMain] o.s.d.j.r.query.PartTreeJpaQuery         : QueryPreparer: Derived query for query method [public abstract java.util.List com.app.pfms.Expense.ExpenseDAO.findByDateBetween(java.time.LocalDate,java.time.LocalDate)]: 'SELECT e FROM Expense e WHERE e.date BETWEEN :startDate AND :endDate'
2026-06-01T20:33:30.620+08:00 DEBUG 31280 --- [pfms] [restartedMain] org.hibernate.SQL                        : 
    select
        e1_0.id,
        e1_0.aia,
        e1_0.allowancesForParents,
        e1_0.breakfast,
        e1_0.criticare,
        e1_0.date,
        e1_0.debt,
        e1_0.dinner,
        e1_0.eatingOut,
        e1_0.entertainment,
        e1_0.groceries,
        e1_0.haircut,
        e1_0.holiday,
        e1_0.incomeTax,
        e1_0.internet,
        e1_0.lunch,
        e1_0.medical,
        e1_0.mobilePhone,
        e1_0.mortgage,
        e1_0.others,
        e1_0.privateTransport,
        e1_0.propertyTax,
        e1_0.publicTransport,
        e1_0.shopping,
        e1_0.sports,
        e1_0.tech,
        e1_0.termProtector,
        e1_0.utilities 
    from
        expense e1_0 
    where
        e1_0.date between ? and ?
2026-06-01T20:33:30.622+08:00 DEBUG 31280 --- [pfms] [restartedMain] o.s.d.j.r.query.PartTreeJpaQuery         : QueryPreparer: Derived query for query method [public abstract java.util.List com.app.pfms.Expense.ExpenseDAO.findByDateBetween(java.time.LocalDate,java.time.LocalDate)]: 'SELECT e FROM Expense e WHERE e.date BETWEEN :startDate AND :endDate'
2026-06-01T20:33:30.622+08:00 DEBUG 31280 --- [pfms] [restartedMain] org.hibernate.SQL                        : 
    select
        e1_0.id,
        e1_0.aia,
        e1_0.allowancesForParents,
        e1_0.breakfast,
        e1_0.criticare,
        e1_0.date,
        e1_0.debt,
        e1_0.dinner,
        e1_0.eatingOut,
        e1_0.entertainment,
        e1_0.groceries,
        e1_0.haircut,
        e1_0.holiday,
        e1_0.incomeTax,
        e1_0.internet,
        e1_0.lunch,
        e1_0.medical,
        e1_0.mobilePhone,
        e1_0.mortgage,
        e1_0.others,
        e1_0.privateTransport,
        e1_0.propertyTax,
        e1_0.publicTransport,
        e1_0.shopping,
        e1_0.sports,
        e1_0.tech,
        e1_0.termProtector,
        e1_0.utilities 
    from
        expense e1_0 
    where
        e1_0.date between ? and ?
2026-06-01T20:33:30.623+08:00 DEBUG 31280 --- [pfms] [restartedMain] o.s.d.j.r.query.PartTreeJpaQuery         : QueryPreparer: Derived query for query method [public abstract java.util.List com.app.pfms.Expense.ExpenseDAO.findByDateBetween(java.time.LocalDate,java.time.LocalDate)]: 'SELECT e FROM Expense e WHERE e.date BETWEEN :startDate AND :endDate'
2026-06-01T20:33:30.624+08:00 DEBUG 31280 --- [pfms] [restartedMain] org.hibernate.SQL                        : 
    select
        e1_0.id,
        e1_0.aia,
        e1_0.allowancesForParents,
        e1_0.breakfast,
        e1_0.criticare,
        e1_0.date,
        e1_0.debt,
        e1_0.dinner,
        e1_0.eatingOut,
        e1_0.entertainment,
        e1_0.groceries,
        e1_0.haircut,
        e1_0.holiday,
        e1_0.incomeTax,
        e1_0.internet,
        e1_0.lunch,
        e1_0.medical,
        e1_0.mobilePhone,
        e1_0.mortgage,
        e1_0.others,
        e1_0.privateTransport,
        e1_0.propertyTax,
        e1_0.publicTransport,
        e1_0.shopping,
        e1_0.sports,
        e1_0.tech,
        e1_0.termProtector,
        e1_0.utilities 
    from
        expense e1_0 
    where
        e1_0.date between ? and ?
2026-06-01T20:33:30.625+08:00 DEBUG 31280 --- [pfms] [restartedMain] o.s.d.j.r.query.PartTreeJpaQuery         : QueryPreparer: Derived query for query method [public abstract java.util.List com.app.pfms.Expense.ExpenseDAO.findByDateBetween(java.time.LocalDate,java.time.LocalDate)]: 'SELECT e FROM Expense e WHERE e.date BETWEEN :startDate AND :endDate'
2026-06-01T20:33:30.625+08:00 DEBUG 31280 --- [pfms] [restartedMain] org.hibernate.SQL                        : 
    select
        e1_0.id,
        e1_0.aia,
        e1_0.allowancesForParents,
        e1_0.breakfast,
        e1_0.criticare,
        e1_0.date,
        e1_0.debt,
        e1_0.dinner,
        e1_0.eatingOut,
        e1_0.entertainment,
        e1_0.groceries,
        e1_0.haircut,
        e1_0.holiday,
        e1_0.incomeTax,
        e1_0.internet,
        e1_0.lunch,
        e1_0.medical,
        e1_0.mobilePhone,
        e1_0.mortgage,
        e1_0.others,
        e1_0.privateTransport,
        e1_0.propertyTax,
        e1_0.publicTransport,
        e1_0.shopping,
        e1_0.sports,
        e1_0.tech,
        e1_0.termProtector,
        e1_0.utilities 
    from
        expense e1_0 
    where
        e1_0.date between ? and ?
2026-06-01T20:33:30.626+08:00 DEBUG 31280 --- [pfms] [restartedMain] o.s.d.j.r.query.PartTreeJpaQuery         : QueryPreparer: Derived query for query method [public abstract java.util.List com.app.pfms.Expense.ExpenseDAO.findByDateBetween(java.time.LocalDate,java.time.LocalDate)]: 'SELECT e FROM Expense e WHERE e.date BETWEEN :startDate AND :endDate'
2026-06-01T20:33:30.627+08:00 DEBUG 31280 --- [pfms] [restartedMain] org.hibernate.SQL                        : 
    select
        e1_0.id,
        e1_0.aia,
        e1_0.allowancesForParents,
        e1_0.breakfast,
        e1_0.criticare,
        e1_0.date,
        e1_0.debt,
        e1_0.dinner,
        e1_0.eatingOut,
        e1_0.entertainment,
        e1_0.groceries,
        e1_0.haircut,
        e1_0.holiday,
        e1_0.incomeTax,
        e1_0.internet,
        e1_0.lunch,
        e1_0.medical,
        e1_0.mobilePhone,
        e1_0.mortgage,
        e1_0.others,
        e1_0.privateTransport,
        e1_0.propertyTax,
        e1_0.publicTransport,
        e1_0.shopping,
        e1_0.sports,
        e1_0.tech,
        e1_0.termProtector,
        e1_0.utilities 
    from
        expense e1_0 
    where
        e1_0.date between ? and ?
2026-06-01T20:33:30.628+08:00 DEBUG 31280 --- [pfms] [restartedMain] o.s.d.j.r.query.PartTreeJpaQuery         : QueryPreparer: Derived query for query method [public abstract java.util.List com.app.pfms.Expense.ExpenseDAO.findByDateBetween(java.time.LocalDate,java.time.LocalDate)]: 'SELECT e FROM Expense e WHERE e.date BETWEEN :startDate AND :endDate'
2026-06-01T20:33:30.629+08:00 DEBUG 31280 --- [pfms] [restartedMain] org.hibernate.SQL                        : 
    select
        e1_0.id,
        e1_0.aia,
        e1_0.allowancesForParents,
        e1_0.breakfast,
        e1_0.criticare,
        e1_0.date,
        e1_0.debt,
        e1_0.dinner,
        e1_0.eatingOut,
        e1_0.entertainment,
        e1_0.groceries,
        e1_0.haircut,
        e1_0.holiday,
        e1_0.incomeTax,
        e1_0.internet,
        e1_0.lunch,
        e1_0.medical,
        e1_0.mobilePhone,
        e1_0.mortgage,
        e1_0.others,
        e1_0.privateTransport,
        e1_0.propertyTax,
        e1_0.publicTransport,
        e1_0.shopping,
        e1_0.sports,
        e1_0.tech,
        e1_0.termProtector,
        e1_0.utilities 
    from
        expense e1_0 
    where
        e1_0.date between ? and ?
2026-06-01T20:33:30.630+08:00 DEBUG 31280 --- [pfms] [restartedMain] o.s.d.j.r.query.PartTreeJpaQuery         : QueryPreparer: Derived query for query method [public abstract java.util.List com.app.pfms.Expense.ExpenseDAO.findByDateBetween(java.time.LocalDate,java.time.LocalDate)]: 'SELECT e FROM Expense e WHERE e.date BETWEEN :startDate AND :endDate'
2026-06-01T20:33:30.630+08:00 DEBUG 31280 --- [pfms] [restartedMain] org.hibernate.SQL                        : 
    select
        e1_0.id,
        e1_0.aia,
        e1_0.allowancesForParents,
        e1_0.breakfast,
        e1_0.criticare,
        e1_0.date,
        e1_0.debt,
        e1_0.dinner,
        e1_0.eatingOut,
        e1_0.entertainment,
        e1_0.groceries,
        e1_0.haircut,
        e1_0.holiday,
        e1_0.incomeTax,
        e1_0.internet,
        e1_0.lunch,
        e1_0.medical,
        e1_0.mobilePhone,
        e1_0.mortgage,
        e1_0.others,
        e1_0.privateTransport,
        e1_0.propertyTax,
        e1_0.publicTransport,
        e1_0.shopping,
        e1_0.sports,
        e1_0.tech,
        e1_0.termProtector,
        e1_0.utilities 
    from
        expense e1_0 
    where
        e1_0.date between ? and ?
2026-06-01T20:33:30.631+08:00 DEBUG 31280 --- [pfms] [restartedMain] o.s.d.j.r.query.PartTreeJpaQuery         : QueryPreparer: Derived query for query method [public abstract java.util.List com.app.pfms.Expense.ExpenseDAO.findByDateBetween(java.time.LocalDate,java.time.LocalDate)]: 'SELECT e FROM Expense e WHERE e.date BETWEEN :startDate AND :endDate'
2026-06-01T20:33:30.632+08:00 DEBUG 31280 --- [pfms] [restartedMain] org.hibernate.SQL                        : 
    select
        e1_0.id,
        e1_0.aia,
        e1_0.allowancesForParents,
        e1_0.breakfast,
        e1_0.criticare,
        e1_0.date,
        e1_0.debt,
        e1_0.dinner,
        e1_0.eatingOut,
        e1_0.entertainment,
        e1_0.groceries,
        e1_0.haircut,
        e1_0.holiday,
        e1_0.incomeTax,
        e1_0.internet,
        e1_0.lunch,
        e1_0.medical,
        e1_0.mobilePhone,
        e1_0.mortgage,
        e1_0.others,
        e1_0.privateTransport,
        e1_0.propertyTax,
        e1_0.publicTransport,
        e1_0.shopping,
        e1_0.sports,
        e1_0.tech,
        e1_0.termProtector,
        e1_0.utilities 
    from
        expense e1_0 
    where
        e1_0.date between ? and ?
2026-06-01T20:33:30.632+08:00 DEBUG 31280 --- [pfms] [restartedMain] o.s.d.j.r.query.PartTreeJpaQuery         : QueryPreparer: Derived query for query method [public abstract java.util.List com.app.pfms.Expense.ExpenseDAO.findByDateBetween(java.time.LocalDate,java.time.LocalDate)]: 'SELECT e FROM Expense e WHERE e.date BETWEEN :startDate AND :endDate'
2026-06-01T20:33:30.632+08:00 DEBUG 31280 --- [pfms] [restartedMain] org.hibernate.SQL                        : 
    select
        e1_0.id,
        e1_0.aia,
        e1_0.allowancesForParents,
        e1_0.breakfast,
        e1_0.criticare,
        e1_0.date,
        e1_0.debt,
        e1_0.dinner,
        e1_0.eatingOut,
        e1_0.entertainment,
        e1_0.groceries,
        e1_0.haircut,
        e1_0.holiday,
        e1_0.incomeTax,
        e1_0.internet,
        e1_0.lunch,
        e1_0.medical,
        e1_0.mobilePhone,
        e1_0.mortgage,
        e1_0.others,
        e1_0.privateTransport,
        e1_0.propertyTax,
        e1_0.publicTransport,
        e1_0.shopping,
        e1_0.sports,
        e1_0.tech,
        e1_0.termProtector,
        e1_0.utilities 
    from
        expense e1_0 
    where
        e1_0.date between ? and ?
2026-06-01T20:33:30.633+08:00 DEBUG 31280 --- [pfms] [restartedMain] o.s.d.j.r.query.PartTreeJpaQuery         : QueryPreparer: Derived query for query method [public abstract java.util.List com.app.pfms.Expense.ExpenseDAO.findByDateBetween(java.time.LocalDate,java.time.LocalDate)]: 'SELECT e FROM Expense e WHERE e.date BETWEEN :startDate AND :endDate'
2026-06-01T20:33:30.634+08:00 DEBUG 31280 --- [pfms] [restartedMain] org.hibernate.SQL                        : 
    select
        e1_0.id,
        e1_0.aia,
        e1_0.allowancesForParents,
        e1_0.breakfast,
        e1_0.criticare,
        e1_0.date,
        e1_0.debt,
        e1_0.dinner,
        e1_0.eatingOut,
        e1_0.entertainment,
        e1_0.groceries,
        e1_0.haircut,
        e1_0.holiday,
        e1_0.incomeTax,
        e1_0.internet,
        e1_0.lunch,
        e1_0.medical,
        e1_0.mobilePhone,
        e1_0.mortgage,
        e1_0.others,
        e1_0.privateTransport,
        e1_0.propertyTax,
        e1_0.publicTransport,
        e1_0.shopping,
        e1_0.sports,
        e1_0.tech,
        e1_0.termProtector,
        e1_0.utilities 
    from
        expense e1_0 
    where
        e1_0.date between ? and ?
2026-06-01T20:33:30.634+08:00 DEBUG 31280 --- [pfms] [restartedMain] o.s.orm.jpa.JpaTransactionManager        : Found thread-bound EntityManager [SessionImpl(371870304<open>)] for JPA transaction
2026-06-01T20:33:30.634+08:00 DEBUG 31280 --- [pfms] [restartedMain] o.s.orm.jpa.JpaTransactionManager        : Participating in existing transaction
2026-06-01T20:33:30.635+08:00 DEBUG 31280 --- [pfms] [restartedMain] org.hibernate.SQL                        : 
    insert 
    into
        budget
        (allowancesForParents, debt, food, groceries, haircut, income, insurance, internet, medical, misc, mobilePhone, month, mortgage, retirement, savings, tax, transport, utilities) 
    values
        (?, ?, ?, ?, ?, ?, ?, ?, ?, ?, ?, ?, ?, ?, ?, ?, ?, ?)
2026-06-01T20:33:30.636+08:00 DEBUG 31280 --- [pfms] [restartedMain] o.s.orm.jpa.JpaTransactionManager        : Initiating transaction commit
2026-06-01T20:33:30.636+08:00 DEBUG 31280 --- [pfms] [restartedMain] o.s.orm.jpa.JpaTransactionManager        : Committing JPA transaction on EntityManager [SessionImpl(371870304<open>)]
2026-06-01T20:33:30.637+08:00 DEBUG 31280 --- [pfms] [restartedMain] o.s.orm.jpa.JpaTransactionManager        : Closing JPA EntityManager after transaction
2026-06-01T20:33:30.639+08:00  INFO 31280 --- [pfms] [restartedMain] .ConditionEvaluationDeltaLoggingListener : Condition evaluation unchanged
2026-06-01T20:33:30.639+08:00 DEBUG 31280 --- [pfms] [restartedMain] o.s.b.a.ApplicationAvailabilityBean      : Application availability state ReadinessState changed to ACCEPTING_TRAFFIC
2026-06-01T20:35:22.204+08:00  INFO 31280 --- [pfms] [http-nio-8080-exec-1] o.a.c.c.C.[Tomcat].[localhost].[/]       : Initializing Spring DispatcherServlet 'dispatcherServlet'
2026-06-01T20:35:22.205+08:00  INFO 31280 --- [pfms] [http-nio-8080-exec-1] o.s.web.servlet.DispatcherServlet        : Initializing Servlet 'dispatcherServlet'
2026-06-01T20:35:22.205+08:00 DEBUG 31280 --- [pfms] [http-nio-8080-exec-1] o.s.web.servlet.DispatcherServlet        : Detected StandardServletMultipartResolver
2026-06-01T20:35:22.205+08:00 DEBUG 31280 --- [pfms] [http-nio-8080-exec-1] o.s.web.servlet.DispatcherServlet        : Detected AcceptHeaderLocaleResolver
2026-06-01T20:35:22.206+08:00 DEBUG 31280 --- [pfms] [http-nio-8080-exec-1] o.s.web.servlet.DispatcherServlet        : Detected org.springframework.web.servlet.view.DefaultRequestToViewNameTranslator@7265751d
2026-06-01T20:35:22.206+08:00 DEBUG 31280 --- [pfms] [http-nio-8080-exec-1] o.s.web.servlet.DispatcherServlet        : Detected org.springframework.web.servlet.support.SessionFlashMapManager@40ecda13
2026-06-01T20:35:22.207+08:00 DEBUG 31280 --- [pfms] [http-nio-8080-exec-1] o.s.web.servlet.DispatcherServlet        : enableLoggingRequestDetails='false': request parameters and headers will be masked to prevent unsafe logging of potentially sensitive data
2026-06-01T20:35:22.207+08:00  INFO 31280 --- [pfms] [http-nio-8080-exec-1] o.s.web.servlet.DispatcherServlet        : Completed initialization in 2 ms
2026-06-01T20:35:22.218+08:00 DEBUG 31280 --- [pfms] [http-nio-8080-exec-1] o.s.web.servlet.DispatcherServlet        : GET "/budgets/month/2026-02", parameters={}
2026-06-01T20:35:22.235+08:00 DEBUG 31280 --- [pfms] [http-nio-8080-exec-1] s.w.s.m.m.a.RequestMappingHandlerMapping : Mapped to com.app.pfms.Budget.BudgetController#retrieveBudget(YearMonth)
2026-06-01T20:35:22.260+08:00 DEBUG 31280 --- [pfms] [http-nio-8080-exec-1] o.j.s.OpenEntityManagerInViewInterceptor : Opening JPA EntityManager in OpenEntityManagerInViewInterceptor
2026-06-01T20:35:22.284+08:00 DEBUG 31280 --- [pfms] [http-nio-8080-exec-1] o.s.d.j.r.query.PartTreeJpaQuery         : QueryPreparer: Derived query for query method [public abstract java.util.Optional com.app.pfms.Budget.BudgetDAO.findByMonth(java.time.YearMonth)]: 'SELECT b FROM Budget b WHERE b.month = :month'
2026-06-01T20:35:22.285+08:00 DEBUG 31280 --- [pfms] [http-nio-8080-exec-1] org.hibernate.SQL                        : 
    select
        b1_0.id,
        b1_0.allowancesForParents,
        b1_0.debt,
        b1_0.food,
        b1_0.groceries,
        b1_0.haircut,
        b1_0.income,
        b1_0.insurance,
        b1_0.internet,
        b1_0.medical,
        b1_0.misc,
        b1_0.mobilePhone,
        b1_0.month,
        b1_0.mortgage,
        b1_0.retirement,
        b1_0.savings,
        b1_0.tax,
        b1_0.transport,
        b1_0.utilities 
    from
        budget b1_0 
    where
        b1_0.month=?
2026-06-01T20:35:22.343+08:00 DEBUG 31280 --- [pfms] [http-nio-8080-exec-1] o.s.w.s.m.m.a.HttpEntityMethodProcessor  : Using 'application/json', given [application/json, text/plain, */*] and supported [application/json, application/*+json, application/yaml]
2026-06-01T20:35:22.344+08:00 DEBUG 31280 --- [pfms] [http-nio-8080-exec-1] o.s.w.s.m.m.a.HttpEntityMethodProcessor  : Writing [com.app.pfms.Budget.BudgetDTO@319c4d19]
2026-06-01T20:35:22.419+08:00 DEBUG 31280 --- [pfms] [http-nio-8080-exec-1] o.j.s.OpenEntityManagerInViewInterceptor : Closing JPA EntityManager in OpenEntityManagerInViewInterceptor
2026-06-01T20:35:22.421+08:00 DEBUG 31280 --- [pfms] [http-nio-8080-exec-1] o.s.web.servlet.DispatcherServlet        : Completed 200 OK
2026-06-01T20:36:04.677+08:00 DEBUG 31280 --- [pfms] [http-nio-8080-exec-2] o.s.web.servlet.DispatcherServlet        : GET "/budgets", parameters={}
2026-06-01T20:36:04.677+08:00 DEBUG 31280 --- [pfms] [http-nio-8080-exec-2] s.w.s.m.m.a.RequestMappingHandlerMapping : Mapped to com.app.pfms.Budget.BudgetController#retrieveBudgets()
2026-06-01T20:36:04.678+08:00 DEBUG 31280 --- [pfms] [http-nio-8080-exec-2] o.j.s.OpenEntityManagerInViewInterceptor : Opening JPA EntityManager in OpenEntityManagerInViewInterceptor
2026-06-01T20:36:04.679+08:00 DEBUG 31280 --- [pfms] [http-nio-8080-exec-2] o.s.orm.jpa.JpaTransactionManager        : Found thread-bound EntityManager [SessionImpl(252618411<open>)] for JPA transaction
2026-06-01T20:36:04.679+08:00 DEBUG 31280 --- [pfms] [http-nio-8080-exec-2] o.s.orm.jpa.JpaTransactionManager        : Creating new transaction with name [org.springframework.data.jpa.repository.support.SimpleJpaRepository.findAll]: PROPAGATION_REQUIRED,ISOLATION_DEFAULT,readOnly
2026-06-01T20:36:04.681+08:00 DEBUG 31280 --- [pfms] [http-nio-8080-exec-2] o.s.jdbc.datasource.DataSourceUtils      : Setting JDBC Connection [HikariProxyConnection@1121293134 wrapping org.postgresql.jdbc.PgConnection@550fed2a] read-only
2026-06-01T20:36:04.681+08:00 DEBUG 31280 --- [pfms] [http-nio-8080-exec-2] o.s.orm.jpa.JpaTransactionManager        : Exposing JPA transaction as JDBC [org.springframework.orm.jpa.vendor.HibernateJpaDialect$HibernateConnectionHandle@20dbac4e]
2026-06-01T20:36:04.695+08:00 DEBUG 31280 --- [pfms] [http-nio-8080-exec-2] org.hibernate.SQL                        : 
    select
        b1_0.id,
        b1_0.allowancesForParents,
        b1_0.debt,
        b1_0.food,
        b1_0.groceries,
        b1_0.haircut,
        b1_0.income,
        b1_0.insurance,
        b1_0.internet,
        b1_0.medical,
        b1_0.misc,
        b1_0.mobilePhone,
        b1_0.month,
        b1_0.mortgage,
        b1_0.retirement,
        b1_0.savings,
        b1_0.tax,
        b1_0.transport,
        b1_0.utilities 
    from
        budget b1_0
2026-06-01T20:36:04.698+08:00 DEBUG 31280 --- [pfms] [http-nio-8080-exec-2] o.s.orm.jpa.JpaTransactionManager        : Initiating transaction commit
2026-06-01T20:36:04.698+08:00 DEBUG 31280 --- [pfms] [http-nio-8080-exec-2] o.s.orm.jpa.JpaTransactionManager        : Committing JPA transaction on EntityManager [SessionImpl(252618411<open>)]
2026-06-01T20:36:04.698+08:00 DEBUG 31280 --- [pfms] [http-nio-8080-exec-2] o.s.jdbc.datasource.DataSourceUtils      : Resetting read-only flag of JDBC Connection [HikariProxyConnection@1121293134 wrapping org.postgresql.jdbc.PgConnection@550fed2a]
2026-06-01T20:36:04.699+08:00 DEBUG 31280 --- [pfms] [http-nio-8080-exec-2] o.s.orm.jpa.JpaTransactionManager        : Not closing pre-bound JPA EntityManager after transaction
2026-06-01T20:36:04.701+08:00 DEBUG 31280 --- [pfms] [http-nio-8080-exec-2] o.s.w.s.m.m.a.HttpEntityMethodProcessor  : Using 'application/json', given [application/json, text/plain, */*] and supported [application/json, application/*+json, application/yaml]
2026-06-01T20:36:04.701+08:00 DEBUG 31280 --- [pfms] [http-nio-8080-exec-2] o.s.w.s.m.m.a.HttpEntityMethodProcessor  : Writing [[com.app.pfms.Budget.BudgetDTO@40c97c6c, com.app.pfms.Budget.BudgetDTO@58851d84, com.app.pfms.Budget (truncated)...]
2026-06-01T20:36:04.704+08:00 DEBUG 31280 --- [pfms] [http-nio-8080-exec-2] o.j.s.OpenEntityManagerInViewInterceptor : Closing JPA EntityManager in OpenEntityManagerInViewInterceptor
2026-06-01T20:36:04.704+08:00 DEBUG 31280 --- [pfms] [http-nio-8080-exec-2] o.s.web.servlet.DispatcherServlet        : Completed 200 OK
2026-06-01T20:36:04.706+08:00 DEBUG 31280 --- [pfms] [http-nio-8080-exec-3] o.s.web.servlet.DispatcherServlet        : GET "/budgets", parameters={}
2026-06-01T20:36:04.707+08:00 DEBUG 31280 --- [pfms] [http-nio-8080-exec-3] s.w.s.m.m.a.RequestMappingHandlerMapping : Mapped to com.app.pfms.Budget.BudgetController#retrieveBudgets()
2026-06-01T20:36:04.707+08:00 DEBUG 31280 --- [pfms] [http-nio-8080-exec-3] o.j.s.OpenEntityManagerInViewInterceptor : Opening JPA EntityManager in OpenEntityManagerInViewInterceptor
2026-06-01T20:36:04.707+08:00 DEBUG 31280 --- [pfms] [http-nio-8080-exec-3] o.s.orm.jpa.JpaTransactionManager        : Found thread-bound EntityManager [SessionImpl(1913864487<open>)] for JPA transaction
2026-06-01T20:36:04.708+08:00 DEBUG 31280 --- [pfms] [http-nio-8080-exec-3] o.s.orm.jpa.JpaTransactionManager        : Creating new transaction with name [org.springframework.data.jpa.repository.support.SimpleJpaRepository.findAll]: PROPAGATION_REQUIRED,ISOLATION_DEFAULT,readOnly
2026-06-01T20:36:04.708+08:00 DEBUG 31280 --- [pfms] [http-nio-8080-exec-3] o.s.jdbc.datasource.DataSourceUtils      : Setting JDBC Connection [HikariProxyConnection@2094309653 wrapping org.postgresql.jdbc.PgConnection@550fed2a] read-only
2026-06-01T20:36:04.708+08:00 DEBUG 31280 --- [pfms] [http-nio-8080-exec-3] o.s.orm.jpa.JpaTransactionManager        : Exposing JPA transaction as JDBC [org.springframework.orm.jpa.vendor.HibernateJpaDialect$HibernateConnectionHandle@78eb2a57]
2026-06-01T20:36:04.709+08:00 DEBUG 31280 --- [pfms] [http-nio-8080-exec-3] org.hibernate.SQL                        : 
    select
        b1_0.id,
        b1_0.allowancesForParents,
        b1_0.debt,
        b1_0.food,
        b1_0.groceries,
        b1_0.haircut,
        b1_0.income,
        b1_0.insurance,
        b1_0.internet,
        b1_0.medical,
        b1_0.misc,
        b1_0.mobilePhone,
        b1_0.month,
        b1_0.mortgage,
        b1_0.retirement,
        b1_0.savings,
        b1_0.tax,
        b1_0.transport,
        b1_0.utilities 
    from
        budget b1_0
2026-06-01T20:36:04.710+08:00 DEBUG 31280 --- [pfms] [http-nio-8080-exec-3] o.s.orm.jpa.JpaTransactionManager        : Initiating transaction commit
2026-06-01T20:36:04.710+08:00 DEBUG 31280 --- [pfms] [http-nio-8080-exec-3] o.s.orm.jpa.JpaTransactionManager        : Committing JPA transaction on EntityManager [SessionImpl(1913864487<open>)]
2026-06-01T20:36:04.712+08:00 DEBUG 31280 --- [pfms] [http-nio-8080-exec-3] o.s.jdbc.datasource.DataSourceUtils      : Resetting read-only flag of JDBC Connection [HikariProxyConnection@2094309653 wrapping org.postgresql.jdbc.PgConnection@550fed2a]
2026-06-01T20:36:04.712+08:00 DEBUG 31280 --- [pfms] [http-nio-8080-exec-3] o.s.orm.jpa.JpaTransactionManager        : Not closing pre-bound JPA EntityManager after transaction
2026-06-01T20:36:04.712+08:00 DEBUG 31280 --- [pfms] [http-nio-8080-exec-3] o.s.w.s.m.m.a.HttpEntityMethodProcessor  : Using 'application/json', given [application/json, text/plain, */*] and supported [application/json, application/*+json, application/yaml]
2026-06-01T20:36:04.713+08:00 DEBUG 31280 --- [pfms] [http-nio-8080-exec-3] o.s.w.s.m.m.a.HttpEntityMethodProcessor  : Writing [[com.app.pfms.Budget.BudgetDTO@112bd6a, com.app.pfms.Budget.BudgetDTO@28fd07e8, com.app.pfms.Budget. (truncated)...]
2026-06-01T20:36:04.714+08:00 DEBUG 31280 --- [pfms] [http-nio-8080-exec-3] o.j.s.OpenEntityManagerInViewInterceptor : Closing JPA EntityManager in OpenEntityManagerInViewInterceptor
2026-06-01T20:36:04.714+08:00 DEBUG 31280 --- [pfms] [http-nio-8080-exec-3] o.s.web.servlet.DispatcherServlet        : Completed 200 OK
2026-06-01T20:36:08.381+08:00 DEBUG 31280 --- [pfms] [http-nio-8080-exec-4] o.s.web.servlet.DispatcherServlet        : GET "/budgets/summary", parameters={}
2026-06-01T20:36:08.381+08:00 DEBUG 31280 --- [pfms] [http-nio-8080-exec-4] s.w.s.m.m.a.RequestMappingHandlerMapping : Mapped to com.app.pfms.Budget.BudgetController#retrieveYearlySummaries()
2026-06-01T20:36:08.382+08:00 DEBUG 31280 --- [pfms] [http-nio-8080-exec-4] o.j.s.OpenEntityManagerInViewInterceptor : Opening JPA EntityManager in OpenEntityManagerInViewInterceptor
2026-06-01T20:36:08.382+08:00 DEBUG 31280 --- [pfms] [http-nio-8080-exec-4] o.s.orm.jpa.JpaTransactionManager        : Found thread-bound EntityManager [SessionImpl(556479702<open>)] for JPA transaction
2026-06-01T20:36:08.382+08:00 DEBUG 31280 --- [pfms] [http-nio-8080-exec-4] o.s.orm.jpa.JpaTransactionManager        : Creating new transaction with name [org.springframework.data.jpa.repository.support.SimpleJpaRepository.findAll]: PROPAGATION_REQUIRED,ISOLATION_DEFAULT,readOnly
2026-06-01T20:36:08.383+08:00 DEBUG 31280 --- [pfms] [http-nio-8080-exec-4] o.s.jdbc.datasource.DataSourceUtils      : Setting JDBC Connection [HikariProxyConnection@804048515 wrapping org.postgresql.jdbc.PgConnection@550fed2a] read-only
2026-06-01T20:36:08.383+08:00 DEBUG 31280 --- [pfms] [http-nio-8080-exec-4] o.s.orm.jpa.JpaTransactionManager        : Exposing JPA transaction as JDBC [org.springframework.orm.jpa.vendor.HibernateJpaDialect$HibernateConnectionHandle@2bd35fa6]
2026-06-01T20:36:08.385+08:00 DEBUG 31280 --- [pfms] [http-nio-8080-exec-4] org.hibernate.SQL                        : 
    select
        b1_0.id,
        b1_0.allowancesForParents,
        b1_0.debt,
        b1_0.food,
        b1_0.groceries,
        b1_0.haircut,
        b1_0.income,
        b1_0.insurance,
        b1_0.internet,
        b1_0.medical,
        b1_0.misc,
        b1_0.mobilePhone,
        b1_0.month,
        b1_0.mortgage,
        b1_0.retirement,
        b1_0.savings,
        b1_0.tax,
        b1_0.transport,
        b1_0.utilities 
    from
        budget b1_0
2026-06-01T20:36:08.387+08:00 DEBUG 31280 --- [pfms] [http-nio-8080-exec-4] o.s.orm.jpa.JpaTransactionManager        : Initiating transaction commit
2026-06-01T20:36:08.388+08:00 DEBUG 31280 --- [pfms] [http-nio-8080-exec-4] o.s.orm.jpa.JpaTransactionManager        : Committing JPA transaction on EntityManager [SessionImpl(556479702<open>)]
2026-06-01T20:36:08.389+08:00 DEBUG 31280 --- [pfms] [http-nio-8080-exec-4] o.s.jdbc.datasource.DataSourceUtils      : Resetting read-only flag of JDBC Connection [HikariProxyConnection@804048515 wrapping org.postgresql.jdbc.PgConnection@550fed2a]
2026-06-01T20:36:08.389+08:00 DEBUG 31280 --- [pfms] [http-nio-8080-exec-4] o.s.orm.jpa.JpaTransactionManager        : Not closing pre-bound JPA EntityManager after transaction
2026-06-01T20:36:08.390+08:00 DEBUG 31280 --- [pfms] [http-nio-8080-exec-4] o.s.w.s.m.m.a.HttpEntityMethodProcessor  : Using 'application/json', given [application/json, text/plain, */*] and supported [application/json, application/*+json, application/yaml]
2026-06-01T20:36:08.390+08:00 DEBUG 31280 --- [pfms] [http-nio-8080-exec-4] o.s.w.s.m.m.a.HttpEntityMethodProcessor  : Writing [[com.app.pfms.Budget.BudgetSummaryDTO@7508bd42, com.app.pfms.Budget.BudgetSummaryDTO@329a8038, com.a (truncated)...]
2026-06-01T20:36:08.394+08:00 DEBUG 31280 --- [pfms] [http-nio-8080-exec-4] o.j.s.OpenEntityManagerInViewInterceptor : Closing JPA EntityManager in OpenEntityManagerInViewInterceptor
2026-06-01T20:36:08.394+08:00 DEBUG 31280 --- [pfms] [http-nio-8080-exec-4] o.s.web.servlet.DispatcherServlet        : Completed 200 OK
2026-06-01T20:36:08.395+08:00 DEBUG 31280 --- [pfms] [http-nio-8080-exec-5] o.s.web.servlet.DispatcherServlet        : GET "/budgets/summary", parameters={}
2026-06-01T20:36:08.395+08:00 DEBUG 31280 --- [pfms] [http-nio-8080-exec-5] s.w.s.m.m.a.RequestMappingHandlerMapping : Mapped to com.app.pfms.Budget.BudgetController#retrieveYearlySummaries()
2026-06-01T20:36:08.395+08:00 DEBUG 31280 --- [pfms] [http-nio-8080-exec-5] o.j.s.OpenEntityManagerInViewInterceptor : Opening JPA EntityManager in OpenEntityManagerInViewInterceptor
2026-06-01T20:36:08.395+08:00 DEBUG 31280 --- [pfms] [http-nio-8080-exec-5] o.s.orm.jpa.JpaTransactionManager        : Found thread-bound EntityManager [SessionImpl(1158425197<open>)] for JPA transaction
2026-06-01T20:36:08.395+08:00 DEBUG 31280 --- [pfms] [http-nio-8080-exec-5] o.s.orm.jpa.JpaTransactionManager        : Creating new transaction with name [org.springframework.data.jpa.repository.support.SimpleJpaRepository.findAll]: PROPAGATION_REQUIRED,ISOLATION_DEFAULT,readOnly
2026-06-01T20:36:08.395+08:00 DEBUG 31280 --- [pfms] [http-nio-8080-exec-5] o.s.jdbc.datasource.DataSourceUtils      : Setting JDBC Connection [HikariProxyConnection@1271651516 wrapping org.postgresql.jdbc.PgConnection@550fed2a] read-only
2026-06-01T20:36:08.395+08:00 DEBUG 31280 --- [pfms] [http-nio-8080-exec-5] o.s.orm.jpa.JpaTransactionManager        : Exposing JPA transaction as JDBC [org.springframework.orm.jpa.vendor.HibernateJpaDialect$HibernateConnectionHandle@4ff4411d]
2026-06-01T20:36:08.395+08:00 DEBUG 31280 --- [pfms] [http-nio-8080-exec-5] org.hibernate.SQL                        : 
    select
        b1_0.id,
        b1_0.allowancesForParents,
        b1_0.debt,
        b1_0.food,
        b1_0.groceries,
        b1_0.haircut,
        b1_0.income,
        b1_0.insurance,
        b1_0.internet,
        b1_0.medical,
        b1_0.misc,
        b1_0.mobilePhone,
        b1_0.month,
        b1_0.mortgage,
        b1_0.retirement,
        b1_0.savings,
        b1_0.tax,
        b1_0.transport,
        b1_0.utilities 
    from
        budget b1_0
2026-06-01T20:36:08.395+08:00 DEBUG 31280 --- [pfms] [http-nio-8080-exec-5] o.s.orm.jpa.JpaTransactionManager        : Initiating transaction commit
2026-06-01T20:36:08.395+08:00 DEBUG 31280 --- [pfms] [http-nio-8080-exec-5] o.s.orm.jpa.JpaTransactionManager        : Committing JPA transaction on EntityManager [SessionImpl(1158425197<open>)]
2026-06-01T20:36:08.395+08:00 DEBUG 31280 --- [pfms] [http-nio-8080-exec-5] o.s.jdbc.datasource.DataSourceUtils      : Resetting read-only flag of JDBC Connection [HikariProxyConnection@1271651516 wrapping org.postgresql.jdbc.PgConnection@550fed2a]
2026-06-01T20:36:08.395+08:00 DEBUG 31280 --- [pfms] [http-nio-8080-exec-5] o.s.orm.jpa.JpaTransactionManager        : Not closing pre-bound JPA EntityManager after transaction
2026-06-01T20:36:08.395+08:00 DEBUG 31280 --- [pfms] [http-nio-8080-exec-5] o.s.w.s.m.m.a.HttpEntityMethodProcessor  : Using 'application/json', given [application/json, text/plain, */*] and supported [application/json, application/*+json, application/yaml]
2026-06-01T20:36:08.402+08:00 DEBUG 31280 --- [pfms] [http-nio-8080-exec-5] o.s.w.s.m.m.a.HttpEntityMethodProcessor  : Writing [[com.app.pfms.Budget.BudgetSummaryDTO@3faa5456, com.app.pfms.Budget.BudgetSummaryDTO@4753ceb4, com.a (truncated)...]
2026-06-01T20:36:08.403+08:00 DEBUG 31280 --- [pfms] [http-nio-8080-exec-5] o.j.s.OpenEntityManagerInViewInterceptor : Closing JPA EntityManager in OpenEntityManagerInViewInterceptor
2026-06-01T20:36:08.404+08:00 DEBUG 31280 --- [pfms] [http-nio-8080-exec-5] o.s.web.servlet.DispatcherServlet        : Completed 200 OK
2026-06-01T20:36:11.827+08:00 DEBUG 31280 --- [pfms] [http-nio-8080-exec-6] o.s.web.servlet.DispatcherServlet        : GET "/budgets", parameters={}
2026-06-01T20:36:11.827+08:00 DEBUG 31280 --- [pfms] [http-nio-8080-exec-6] s.w.s.m.m.a.RequestMappingHandlerMapping : Mapped to com.app.pfms.Budget.BudgetController#retrieveBudgets()
2026-06-01T20:36:11.828+08:00 DEBUG 31280 --- [pfms] [http-nio-8080-exec-6] o.j.s.OpenEntityManagerInViewInterceptor : Opening JPA EntityManager in OpenEntityManagerInViewInterceptor
2026-06-01T20:36:11.828+08:00 DEBUG 31280 --- [pfms] [http-nio-8080-exec-6] o.s.orm.jpa.JpaTransactionManager        : Found thread-bound EntityManager [SessionImpl(64007290<open>)] for JPA transaction
2026-06-01T20:36:11.828+08:00 DEBUG 31280 --- [pfms] [http-nio-8080-exec-6] o.s.orm.jpa.JpaTransactionManager        : Creating new transaction with name [org.springframework.data.jpa.repository.support.SimpleJpaRepository.findAll]: PROPAGATION_REQUIRED,ISOLATION_DEFAULT,readOnly
2026-06-01T20:36:11.829+08:00 DEBUG 31280 --- [pfms] [http-nio-8080-exec-6] o.s.jdbc.datasource.DataSourceUtils      : Setting JDBC Connection [HikariProxyConnection@219628144 wrapping org.postgresql.jdbc.PgConnection@550fed2a] read-only
2026-06-01T20:36:11.829+08:00 DEBUG 31280 --- [pfms] [http-nio-8080-exec-6] o.s.orm.jpa.JpaTransactionManager        : Exposing JPA transaction as JDBC [org.springframework.orm.jpa.vendor.HibernateJpaDialect$HibernateConnectionHandle@928c70a]
2026-06-01T20:36:11.832+08:00 DEBUG 31280 --- [pfms] [http-nio-8080-exec-6] org.hibernate.SQL                        : 
    select
        b1_0.id,
        b1_0.allowancesForParents,
        b1_0.debt,
        b1_0.food,
        b1_0.groceries,
        b1_0.haircut,
        b1_0.income,
        b1_0.insurance,
        b1_0.internet,
        b1_0.medical,
        b1_0.misc,
        b1_0.mobilePhone,
        b1_0.month,
        b1_0.mortgage,
        b1_0.retirement,
        b1_0.savings,
        b1_0.tax,
        b1_0.transport,
        b1_0.utilities 
    from
        budget b1_0
2026-06-01T20:36:11.834+08:00 DEBUG 31280 --- [pfms] [http-nio-8080-exec-6] o.s.orm.jpa.JpaTransactionManager        : Initiating transaction commit
2026-06-01T20:36:11.834+08:00 DEBUG 31280 --- [pfms] [http-nio-8080-exec-6] o.s.orm.jpa.JpaTransactionManager        : Committing JPA transaction on EntityManager [SessionImpl(64007290<open>)]
2026-06-01T20:36:11.834+08:00 DEBUG 31280 --- [pfms] [http-nio-8080-exec-6] o.s.jdbc.datasource.DataSourceUtils      : Resetting read-only flag of JDBC Connection [HikariProxyConnection@219628144 wrapping org.postgresql.jdbc.PgConnection@550fed2a]
2026-06-01T20:36:11.834+08:00 DEBUG 31280 --- [pfms] [http-nio-8080-exec-6] o.s.orm.jpa.JpaTransactionManager        : Not closing pre-bound JPA EntityManager after transaction
2026-06-01T20:36:11.835+08:00 DEBUG 31280 --- [pfms] [http-nio-8080-exec-6] o.s.w.s.m.m.a.HttpEntityMethodProcessor  : Using 'application/json', given [application/json, text/plain, */*] and supported [application/json, application/*+json, application/yaml]
2026-06-01T20:36:11.836+08:00 DEBUG 31280 --- [pfms] [http-nio-8080-exec-6] o.s.w.s.m.m.a.HttpEntityMethodProcessor  : Writing [[com.app.pfms.Budget.BudgetDTO@3c264319, com.app.pfms.Budget.BudgetDTO@4f6f0db8, com.app.pfms.Budget (truncated)...]
2026-06-01T20:36:11.837+08:00 DEBUG 31280 --- [pfms] [http-nio-8080-exec-6] o.j.s.OpenEntityManagerInViewInterceptor : Closing JPA EntityManager in OpenEntityManagerInViewInterceptor
2026-06-01T20:36:11.838+08:00 DEBUG 31280 --- [pfms] [http-nio-8080-exec-6] o.s.web.servlet.DispatcherServlet        : Completed 200 OK
2026-06-01T20:36:11.839+08:00 DEBUG 31280 --- [pfms] [http-nio-8080-exec-7] o.s.web.servlet.DispatcherServlet        : GET "/budgets", parameters={}
2026-06-01T20:36:11.840+08:00 DEBUG 31280 --- [pfms] [http-nio-8080-exec-7] s.w.s.m.m.a.RequestMappingHandlerMapping : Mapped to com.app.pfms.Budget.BudgetController#retrieveBudgets()
2026-06-01T20:36:11.840+08:00 DEBUG 31280 --- [pfms] [http-nio-8080-exec-7] o.j.s.OpenEntityManagerInViewInterceptor : Opening JPA EntityManager in OpenEntityManagerInViewInterceptor
2026-06-01T20:36:11.842+08:00 DEBUG 31280 --- [pfms] [http-nio-8080-exec-7] o.s.orm.jpa.JpaTransactionManager        : Found thread-bound EntityManager [SessionImpl(1487062290<open>)] for JPA transaction
2026-06-01T20:36:11.842+08:00 DEBUG 31280 --- [pfms] [http-nio-8080-exec-7] o.s.orm.jpa.JpaTransactionManager        : Creating new transaction with name [org.springframework.data.jpa.repository.support.SimpleJpaRepository.findAll]: PROPAGATION_REQUIRED,ISOLATION_DEFAULT,readOnly
2026-06-01T20:36:11.842+08:00 DEBUG 31280 --- [pfms] [http-nio-8080-exec-7] o.s.jdbc.datasource.DataSourceUtils      : Setting JDBC Connection [HikariProxyConnection@1449468022 wrapping org.postgresql.jdbc.PgConnection@550fed2a] read-only
2026-06-01T20:36:11.842+08:00 DEBUG 31280 --- [pfms] [http-nio-8080-exec-7] o.s.orm.jpa.JpaTransactionManager        : Exposing JPA transaction as JDBC [org.springframework.orm.jpa.vendor.HibernateJpaDialect$HibernateConnectionHandle@525aae62]
2026-06-01T20:36:11.844+08:00 DEBUG 31280 --- [pfms] [http-nio-8080-exec-7] org.hibernate.SQL                        : 
    select
        b1_0.id,
        b1_0.allowancesForParents,
        b1_0.debt,
        b1_0.food,
        b1_0.groceries,
        b1_0.haircut,
        b1_0.income,
        b1_0.insurance,
        b1_0.internet,
        b1_0.medical,
        b1_0.misc,
        b1_0.mobilePhone,
        b1_0.month,
        b1_0.mortgage,
        b1_0.retirement,
        b1_0.savings,
        b1_0.tax,
        b1_0.transport,
        b1_0.utilities 
    from
        budget b1_0
2026-06-01T20:36:11.853+08:00 DEBUG 31280 --- [pfms] [http-nio-8080-exec-7] o.s.orm.jpa.JpaTransactionManager        : Initiating transaction commit
2026-06-01T20:36:11.853+08:00 DEBUG 31280 --- [pfms] [http-nio-8080-exec-7] o.s.orm.jpa.JpaTransactionManager        : Committing JPA transaction on EntityManager [SessionImpl(1487062290<open>)]
2026-06-01T20:36:11.855+08:00 DEBUG 31280 --- [pfms] [http-nio-8080-exec-7] o.s.jdbc.datasource.DataSourceUtils      : Resetting read-only flag of JDBC Connection [HikariProxyConnection@1449468022 wrapping org.postgresql.jdbc.PgConnection@550fed2a]
2026-06-01T20:36:11.855+08:00 DEBUG 31280 --- [pfms] [http-nio-8080-exec-7] o.s.orm.jpa.JpaTransactionManager        : Not closing pre-bound JPA EntityManager after transaction
2026-06-01T20:36:11.856+08:00 DEBUG 31280 --- [pfms] [http-nio-8080-exec-7] o.s.w.s.m.m.a.HttpEntityMethodProcessor  : Using 'application/json', given [application/json, text/plain, */*] and supported [application/json, application/*+json, application/yaml]
2026-06-01T20:36:11.856+08:00 DEBUG 31280 --- [pfms] [http-nio-8080-exec-7] o.s.w.s.m.m.a.HttpEntityMethodProcessor  : Writing [[com.app.pfms.Budget.BudgetDTO@3505f5b4, com.app.pfms.Budget.BudgetDTO@53bb4ec, com.app.pfms.Budget. (truncated)...]
2026-06-01T20:36:11.857+08:00 DEBUG 31280 --- [pfms] [http-nio-8080-exec-7] o.j.s.OpenEntityManagerInViewInterceptor : Closing JPA EntityManager in OpenEntityManagerInViewInterceptor
2026-06-01T20:36:11.857+08:00 DEBUG 31280 --- [pfms] [http-nio-8080-exec-7] o.s.web.servlet.DispatcherServlet        : Completed 200 OK
2026-06-01T20:36:18.808+08:00 DEBUG 31280 --- [pfms] [http-nio-8080-exec-8] o.s.web.servlet.DispatcherServlet        : GET "/budgets/month/2026-03", parameters={}
2026-06-01T20:36:18.809+08:00 DEBUG 31280 --- [pfms] [http-nio-8080-exec-8] s.w.s.m.m.a.RequestMappingHandlerMapping : Mapped to com.app.pfms.Budget.BudgetController#retrieveBudget(YearMonth)
2026-06-01T20:36:18.809+08:00 DEBUG 31280 --- [pfms] [http-nio-8080-exec-8] o.j.s.OpenEntityManagerInViewInterceptor : Opening JPA EntityManager in OpenEntityManagerInViewInterceptor
2026-06-01T20:36:18.810+08:00 DEBUG 31280 --- [pfms] [http-nio-8080-exec-8] o.s.d.j.r.query.PartTreeJpaQuery         : QueryPreparer: Derived query for query method [public abstract java.util.Optional com.app.pfms.Budget.BudgetDAO.findByMonth(java.time.YearMonth)]: 'SELECT b FROM Budget b WHERE b.month = :month'
2026-06-01T20:36:18.810+08:00 DEBUG 31280 --- [pfms] [http-nio-8080-exec-8] org.hibernate.SQL                        : 
    select
        b1_0.id,
        b1_0.allowancesForParents,
        b1_0.debt,
        b1_0.food,
        b1_0.groceries,
        b1_0.haircut,
        b1_0.income,
        b1_0.insurance,
        b1_0.internet,
        b1_0.medical,
        b1_0.misc,
        b1_0.mobilePhone,
        b1_0.month,
        b1_0.mortgage,
        b1_0.retirement,
        b1_0.savings,
        b1_0.tax,
        b1_0.transport,
        b1_0.utilities 
    from
        budget b1_0 
    where
        b1_0.month=?
2026-06-01T20:36:18.811+08:00 DEBUG 31280 --- [pfms] [http-nio-8080-exec-8] o.s.w.s.m.m.a.HttpEntityMethodProcessor  : Using 'application/json', given [application/json, text/plain, */*] and supported [application/json, application/*+json, application/yaml]
2026-06-01T20:36:18.812+08:00 DEBUG 31280 --- [pfms] [http-nio-8080-exec-8] o.s.w.s.m.m.a.HttpEntityMethodProcessor  : Writing [com.app.pfms.Budget.BudgetDTO@222d2788]
2026-06-01T20:36:18.813+08:00 DEBUG 31280 --- [pfms] [http-nio-8080-exec-8] o.j.s.OpenEntityManagerInViewInterceptor : Closing JPA EntityManager in OpenEntityManagerInViewInterceptor
2026-06-01T20:36:18.813+08:00 DEBUG 31280 --- [pfms] [http-nio-8080-exec-8] o.s.web.servlet.DispatcherServlet        : Completed 200 OK
2026-06-01T20:36:29.845+08:00 DEBUG 31280 --- [pfms] [http-nio-8080-exec-9] o.s.web.servlet.DispatcherServlet        : GET "/budgets", parameters={}
2026-06-01T20:36:29.845+08:00 DEBUG 31280 --- [pfms] [http-nio-8080-exec-9] s.w.s.m.m.a.RequestMappingHandlerMapping : Mapped to com.app.pfms.Budget.BudgetController#retrieveBudgets()
2026-06-01T20:36:29.845+08:00 DEBUG 31280 --- [pfms] [http-nio-8080-exec-9] o.j.s.OpenEntityManagerInViewInterceptor : Opening JPA EntityManager in OpenEntityManagerInViewInterceptor
2026-06-01T20:36:29.845+08:00 DEBUG 31280 --- [pfms] [http-nio-8080-exec-9] o.s.orm.jpa.JpaTransactionManager        : Found thread-bound EntityManager [SessionImpl(291583861<open>)] for JPA transaction
2026-06-01T20:36:29.845+08:00 DEBUG 31280 --- [pfms] [http-nio-8080-exec-9] o.s.orm.jpa.JpaTransactionManager        : Creating new transaction with name [org.springframework.data.jpa.repository.support.SimpleJpaRepository.findAll]: PROPAGATION_REQUIRED,ISOLATION_DEFAULT,readOnly
2026-06-01T20:36:29.845+08:00 DEBUG 31280 --- [pfms] [http-nio-8080-exec-9] o.s.jdbc.datasource.DataSourceUtils      : Setting JDBC Connection [HikariProxyConnection@531028777 wrapping org.postgresql.jdbc.PgConnection@550fed2a] read-only
2026-06-01T20:36:29.845+08:00 DEBUG 31280 --- [pfms] [http-nio-8080-exec-9] o.s.orm.jpa.JpaTransactionManager        : Exposing JPA transaction as JDBC [org.springframework.orm.jpa.vendor.HibernateJpaDialect$HibernateConnectionHandle@1b995c05]
2026-06-01T20:36:29.845+08:00 DEBUG 31280 --- [pfms] [http-nio-8080-exec-9] org.hibernate.SQL                        : 
    select
        b1_0.id,
        b1_0.allowancesForParents,
        b1_0.debt,
        b1_0.food,
        b1_0.groceries,
        b1_0.haircut,
        b1_0.income,
        b1_0.insurance,
        b1_0.internet,
        b1_0.medical,
        b1_0.misc,
        b1_0.mobilePhone,
        b1_0.month,
        b1_0.mortgage,
        b1_0.retirement,
        b1_0.savings,
        b1_0.tax,
        b1_0.transport,
        b1_0.utilities 
    from
        budget b1_0
2026-06-01T20:36:29.845+08:00 DEBUG 31280 --- [pfms] [http-nio-8080-exec-9] o.s.orm.jpa.JpaTransactionManager        : Initiating transaction commit
2026-06-01T20:36:29.845+08:00 DEBUG 31280 --- [pfms] [http-nio-8080-exec-9] o.s.orm.jpa.JpaTransactionManager        : Committing JPA transaction on EntityManager [SessionImpl(291583861<open>)]
2026-06-01T20:36:29.845+08:00 DEBUG 31280 --- [pfms] [http-nio-8080-exec-9] o.s.jdbc.datasource.DataSourceUtils      : Resetting read-only flag of JDBC Connection [HikariProxyConnection@531028777 wrapping org.postgresql.jdbc.PgConnection@550fed2a]
2026-06-01T20:36:29.845+08:00 DEBUG 31280 --- [pfms] [http-nio-8080-exec-9] o.s.orm.jpa.JpaTransactionManager        : Not closing pre-bound JPA EntityManager after transaction
2026-06-01T20:36:29.851+08:00 DEBUG 31280 --- [pfms] [http-nio-8080-exec-9] o.s.w.s.m.m.a.HttpEntityMethodProcessor  : Using 'application/json', given [application/json, text/plain, */*] and supported [application/json, application/*+json, application/yaml]
2026-06-01T20:36:29.851+08:00 DEBUG 31280 --- [pfms] [http-nio-8080-exec-9] o.s.w.s.m.m.a.HttpEntityMethodProcessor  : Writing [[com.app.pfms.Budget.BudgetDTO@250a0650, com.app.pfms.Budget.BudgetDTO@38e08f14, com.app.pfms.Budget (truncated)...]
2026-06-01T20:36:29.853+08:00 DEBUG 31280 --- [pfms] [http-nio-8080-exec-9] o.j.s.OpenEntityManagerInViewInterceptor : Closing JPA EntityManager in OpenEntityManagerInViewInterceptor
2026-06-01T20:36:29.853+08:00 DEBUG 31280 --- [pfms] [http-nio-8080-exec-9] o.s.web.servlet.DispatcherServlet        : Completed 200 OK
2026-06-01T20:36:29.855+08:00 DEBUG 31280 --- [pfms] [http-nio-8080-exec-9] o.s.web.servlet.DispatcherServlet        : GET "/budgets", parameters={}
2026-06-01T20:36:29.855+08:00 DEBUG 31280 --- [pfms] [http-nio-8080-exec-9] s.w.s.m.m.a.RequestMappingHandlerMapping : Mapped to com.app.pfms.Budget.BudgetController#retrieveBudgets()
2026-06-01T20:36:29.855+08:00 DEBUG 31280 --- [pfms] [http-nio-8080-exec-9] o.j.s.OpenEntityManagerInViewInterceptor : Opening JPA EntityManager in OpenEntityManagerInViewInterceptor
2026-06-01T20:36:29.856+08:00 DEBUG 31280 --- [pfms] [http-nio-8080-exec-9] o.s.orm.jpa.JpaTransactionManager        : Found thread-bound EntityManager [SessionImpl(735783098<open>)] for JPA transaction
2026-06-01T20:36:29.856+08:00 DEBUG 31280 --- [pfms] [http-nio-8080-exec-9] o.s.orm.jpa.JpaTransactionManager        : Creating new transaction with name [org.springframework.data.jpa.repository.support.SimpleJpaRepository.findAll]: PROPAGATION_REQUIRED,ISOLATION_DEFAULT,readOnly
2026-06-01T20:36:29.856+08:00 DEBUG 31280 --- [pfms] [http-nio-8080-exec-9] o.s.jdbc.datasource.DataSourceUtils      : Setting JDBC Connection [HikariProxyConnection@598929083 wrapping org.postgresql.jdbc.PgConnection@550fed2a] read-only
2026-06-01T20:36:29.856+08:00 DEBUG 31280 --- [pfms] [http-nio-8080-exec-9] o.s.orm.jpa.JpaTransactionManager        : Exposing JPA transaction as JDBC [org.springframework.orm.jpa.vendor.HibernateJpaDialect$HibernateConnectionHandle@6cb7748]
2026-06-01T20:36:29.858+08:00 DEBUG 31280 --- [pfms] [http-nio-8080-exec-9] org.hibernate.SQL                        : 
    select
        b1_0.id,
        b1_0.allowancesForParents,
        b1_0.debt,
        b1_0.food,
        b1_0.groceries,
        b1_0.haircut,
        b1_0.income,
        b1_0.insurance,
        b1_0.internet,
        b1_0.medical,
        b1_0.misc,
        b1_0.mobilePhone,
        b1_0.month,
        b1_0.mortgage,
        b1_0.retirement,
        b1_0.savings,
        b1_0.tax,
        b1_0.transport,
        b1_0.utilities 
    from
        budget b1_0
2026-06-01T20:36:29.859+08:00 DEBUG 31280 --- [pfms] [http-nio-8080-exec-9] o.s.orm.jpa.JpaTransactionManager        : Initiating transaction commit
2026-06-01T20:36:29.860+08:00 DEBUG 31280 --- [pfms] [http-nio-8080-exec-9] o.s.orm.jpa.JpaTransactionManager        : Committing JPA transaction on EntityManager [SessionImpl(735783098<open>)]
2026-06-01T20:36:29.860+08:00 DEBUG 31280 --- [pfms] [http-nio-8080-exec-9] o.s.jdbc.datasource.DataSourceUtils      : Resetting read-only flag of JDBC Connection [HikariProxyConnection@598929083 wrapping org.postgresql.jdbc.PgConnection@550fed2a]
2026-06-01T20:36:29.860+08:00 DEBUG 31280 --- [pfms] [http-nio-8080-exec-9] o.s.orm.jpa.JpaTransactionManager        : Not closing pre-bound JPA EntityManager after transaction
2026-06-01T20:36:29.861+08:00 DEBUG 31280 --- [pfms] [http-nio-8080-exec-9] o.s.w.s.m.m.a.HttpEntityMethodProcessor  : Using 'application/json', given [application/json, text/plain, */*] and supported [application/json, application/*+json, application/yaml]
2026-06-01T20:36:29.861+08:00 DEBUG 31280 --- [pfms] [http-nio-8080-exec-9] o.s.w.s.m.m.a.HttpEntityMethodProcessor  : Writing [[com.app.pfms.Budget.BudgetDTO@6fd6ae56, com.app.pfms.Budget.BudgetDTO@5896267f, com.app.pfms.Budget (truncated)...]
2026-06-01T20:36:29.862+08:00 DEBUG 31280 --- [pfms] [http-nio-8080-exec-9] o.j.s.OpenEntityManagerInViewInterceptor : Closing JPA EntityManager in OpenEntityManagerInViewInterceptor
2026-06-01T20:36:29.862+08:00 DEBUG 31280 --- [pfms] [http-nio-8080-exec-9] o.s.web.servlet.DispatcherServlet        : Completed 200 OK
2026-06-01T20:36:31.581+08:00 DEBUG 31280 --- [pfms] [http-nio-8080-exec-1] o.s.web.servlet.DispatcherServlet        : GET "/budgets/export/2026", parameters={}
2026-06-01T20:36:31.582+08:00 DEBUG 31280 --- [pfms] [http-nio-8080-exec-1] s.w.s.m.m.a.RequestMappingHandlerMapping : Mapped to com.app.pfms.Budget.BudgetController#exportBudgetRecords(Year)
2026-06-01T20:36:31.582+08:00 DEBUG 31280 --- [pfms] [http-nio-8080-exec-1] o.j.s.OpenEntityManagerInViewInterceptor : Opening JPA EntityManager in OpenEntityManagerInViewInterceptor
2026-06-01T20:36:31.584+08:00 DEBUG 31280 --- [pfms] [http-nio-8080-exec-1] o.s.d.j.r.query.PartTreeJpaQuery         : QueryPreparer: Derived query for query method [public abstract java.util.List com.app.pfms.Budget.BudgetDAO.findByMonthBetween(java.time.YearMonth,java.time.YearMonth)]: 'SELECT b FROM Budget b WHERE b.month BETWEEN :start AND :end'
2026-06-01T20:36:31.586+08:00 DEBUG 31280 --- [pfms] [http-nio-8080-exec-1] org.hibernate.SQL                        : 
    select
        b1_0.id,
        b1_0.allowancesForParents,
        b1_0.debt,
        b1_0.food,
        b1_0.groceries,
        b1_0.haircut,
        b1_0.income,
        b1_0.insurance,
        b1_0.internet,
        b1_0.medical,
        b1_0.misc,
        b1_0.mobilePhone,
        b1_0.month,
        b1_0.mortgage,
        b1_0.retirement,
        b1_0.savings,
        b1_0.tax,
        b1_0.transport,
        b1_0.utilities 
    from
        budget b1_0 
    where
        b1_0.month between ? and ?
2026-06-01T20:36:33.253+08:00 DEBUG 31280 --- [pfms] [http-nio-8080-exec-1] o.s.w.s.m.m.a.HttpEntityMethodProcessor  : Found 'Content-Type:application/vnd.openxmlformats-officedocument.spreadsheetml.sheet' in response
2026-06-01T20:36:33.253+08:00 DEBUG 31280 --- [pfms] [http-nio-8080-exec-1] o.s.w.s.m.m.a.HttpEntityMethodProcessor  : Writing [InputStream resource [resource loaded through InputStream]]
2026-06-01T20:36:33.255+08:00 DEBUG 31280 --- [pfms] [http-nio-8080-exec-1] o.j.s.OpenEntityManagerInViewInterceptor : Closing JPA EntityManager in OpenEntityManagerInViewInterceptor
2026-06-01T20:36:33.255+08:00 DEBUG 31280 --- [pfms] [http-nio-8080-exec-1] o.s.web.servlet.DispatcherServlet        : Completed 200 OK
2026-06-01T20:36:50.028+08:00 DEBUG 31280 --- [pfms] [http-nio-8080-exec-2] o.s.web.servlet.DispatcherServlet        : GET "/expenses", parameters={}
2026-06-01T20:36:50.028+08:00 DEBUG 31280 --- [pfms] [http-nio-8080-exec-2] s.w.s.m.m.a.RequestMappingHandlerMapping : Mapped to com.app.pfms.Expense.ExpenseController#retrieveExpenses()
2026-06-01T20:36:50.029+08:00 DEBUG 31280 --- [pfms] [http-nio-8080-exec-2] o.j.s.OpenEntityManagerInViewInterceptor : Opening JPA EntityManager in OpenEntityManagerInViewInterceptor
2026-06-01T20:36:50.030+08:00 DEBUG 31280 --- [pfms] [http-nio-8080-exec-2] o.s.orm.jpa.JpaTransactionManager        : Found thread-bound EntityManager [SessionImpl(2132778910<open>)] for JPA transaction
2026-06-01T20:36:50.032+08:00 DEBUG 31280 --- [pfms] [http-nio-8080-exec-2] o.s.orm.jpa.JpaTransactionManager        : Creating new transaction with name [org.springframework.data.jpa.repository.support.SimpleJpaRepository.findAll]: PROPAGATION_REQUIRED,ISOLATION_DEFAULT,readOnly
2026-06-01T20:36:50.032+08:00 DEBUG 31280 --- [pfms] [http-nio-8080-exec-2] o.s.jdbc.datasource.DataSourceUtils      : Setting JDBC Connection [HikariProxyConnection@1190499008 wrapping org.postgresql.jdbc.PgConnection@550fed2a] read-only
2026-06-01T20:36:50.033+08:00 DEBUG 31280 --- [pfms] [http-nio-8080-exec-2] o.s.orm.jpa.JpaTransactionManager        : Exposing JPA transaction as JDBC [org.springframework.orm.jpa.vendor.HibernateJpaDialect$HibernateConnectionHandle@7c6e81ba]
2026-06-01T20:36:50.034+08:00 DEBUG 31280 --- [pfms] [http-nio-8080-exec-2] org.hibernate.SQL                        : 
    select
        e1_0.id,
        e1_0.aia,
        e1_0.allowancesForParents,
        e1_0.breakfast,
        e1_0.criticare,
        e1_0.date,
        e1_0.debt,
        e1_0.dinner,
        e1_0.eatingOut,
        e1_0.entertainment,
        e1_0.groceries,
        e1_0.haircut,
        e1_0.holiday,
        e1_0.incomeTax,
        e1_0.internet,
        e1_0.lunch,
        e1_0.medical,
        e1_0.mobilePhone,
        e1_0.mortgage,
        e1_0.others,
        e1_0.privateTransport,
        e1_0.propertyTax,
        e1_0.publicTransport,
        e1_0.shopping,
        e1_0.sports,
        e1_0.tech,
        e1_0.termProtector,
        e1_0.utilities 
    from
        expense e1_0
2026-06-01T20:36:50.046+08:00 DEBUG 31280 --- [pfms] [http-nio-8080-exec-2] o.s.orm.jpa.JpaTransactionManager        : Initiating transaction commit
2026-06-01T20:36:50.047+08:00 DEBUG 31280 --- [pfms] [http-nio-8080-exec-2] o.s.orm.jpa.JpaTransactionManager        : Committing JPA transaction on EntityManager [SessionImpl(2132778910<open>)]
2026-06-01T20:36:50.049+08:00 DEBUG 31280 --- [pfms] [http-nio-8080-exec-2] o.s.jdbc.datasource.DataSourceUtils      : Resetting read-only flag of JDBC Connection [HikariProxyConnection@1190499008 wrapping org.postgresql.jdbc.PgConnection@550fed2a]
2026-06-01T20:36:50.049+08:00 DEBUG 31280 --- [pfms] [http-nio-8080-exec-2] o.s.orm.jpa.JpaTransactionManager        : Not closing pre-bound JPA EntityManager after transaction
2026-06-01T20:36:50.050+08:00 DEBUG 31280 --- [pfms] [http-nio-8080-exec-2] o.s.w.s.m.m.a.HttpEntityMethodProcessor  : Using 'application/json', given [application/json, text/plain, */*] and supported [application/json, application/*+json, application/yaml]
2026-06-01T20:36:50.051+08:00 DEBUG 31280 --- [pfms] [http-nio-8080-exec-2] o.s.w.s.m.m.a.HttpEntityMethodProcessor  : Writing [[com.app.pfms.Expense.ExpenseDTO@7358bbcc, com.app.pfms.Expense.ExpenseDTO@5ba1ac56, com.app.pfms.Ex (truncated)...]
2026-06-01T20:36:50.057+08:00 DEBUG 31280 --- [pfms] [http-nio-8080-exec-3] o.s.web.servlet.DispatcherServlet        : GET "/expenses", parameters={}
2026-06-01T20:36:50.058+08:00 DEBUG 31280 --- [pfms] [http-nio-8080-exec-3] s.w.s.m.m.a.RequestMappingHandlerMapping : Mapped to com.app.pfms.Expense.ExpenseController#retrieveExpenses()
2026-06-01T20:36:50.059+08:00 DEBUG 31280 --- [pfms] [http-nio-8080-exec-3] o.j.s.OpenEntityManagerInViewInterceptor : Opening JPA EntityManager in OpenEntityManagerInViewInterceptor
2026-06-01T20:36:50.059+08:00 DEBUG 31280 --- [pfms] [http-nio-8080-exec-3] o.s.orm.jpa.JpaTransactionManager        : Found thread-bound EntityManager [SessionImpl(459236026<open>)] for JPA transaction
2026-06-01T20:36:50.059+08:00 DEBUG 31280 --- [pfms] [http-nio-8080-exec-3] o.s.orm.jpa.JpaTransactionManager        : Creating new transaction with name [org.springframework.data.jpa.repository.support.SimpleJpaRepository.findAll]: PROPAGATION_REQUIRED,ISOLATION_DEFAULT,readOnly
2026-06-01T20:36:50.060+08:00 DEBUG 31280 --- [pfms] [http-nio-8080-exec-3] o.s.jdbc.datasource.DataSourceUtils      : Setting JDBC Connection [HikariProxyConnection@1503341322 wrapping org.postgresql.jdbc.PgConnection@1e123914] read-only
2026-06-01T20:36:50.060+08:00 DEBUG 31280 --- [pfms] [http-nio-8080-exec-3] o.s.orm.jpa.JpaTransactionManager        : Exposing JPA transaction as JDBC [org.springframework.orm.jpa.vendor.HibernateJpaDialect$HibernateConnectionHandle@565b9fe]
2026-06-01T20:36:50.064+08:00 DEBUG 31280 --- [pfms] [http-nio-8080-exec-3] org.hibernate.SQL                        : 
    select
        e1_0.id,
        e1_0.aia,
        e1_0.allowancesForParents,
        e1_0.breakfast,
        e1_0.criticare,
        e1_0.date,
        e1_0.debt,
        e1_0.dinner,
        e1_0.eatingOut,
        e1_0.entertainment,
        e1_0.groceries,
        e1_0.haircut,
        e1_0.holiday,
        e1_0.incomeTax,
        e1_0.internet,
        e1_0.lunch,
        e1_0.medical,
        e1_0.mobilePhone,
        e1_0.mortgage,
        e1_0.others,
        e1_0.privateTransport,
        e1_0.propertyTax,
        e1_0.publicTransport,
        e1_0.shopping,
        e1_0.sports,
        e1_0.tech,
        e1_0.termProtector,
        e1_0.utilities 
    from
        expense e1_0
2026-06-01T20:36:50.073+08:00 DEBUG 31280 --- [pfms] [http-nio-8080-exec-3] o.s.orm.jpa.JpaTransactionManager        : Initiating transaction commit
2026-06-01T20:36:50.074+08:00 DEBUG 31280 --- [pfms] [http-nio-8080-exec-3] o.s.orm.jpa.JpaTransactionManager        : Committing JPA transaction on EntityManager [SessionImpl(459236026<open>)]
2026-06-01T20:36:50.075+08:00 DEBUG 31280 --- [pfms] [http-nio-8080-exec-3] o.s.jdbc.datasource.DataSourceUtils      : Resetting read-only flag of JDBC Connection [HikariProxyConnection@1503341322 wrapping org.postgresql.jdbc.PgConnection@1e123914]
2026-06-01T20:36:50.075+08:00 DEBUG 31280 --- [pfms] [http-nio-8080-exec-3] o.s.orm.jpa.JpaTransactionManager        : Not closing pre-bound JPA EntityManager after transaction
2026-06-01T20:36:50.076+08:00 DEBUG 31280 --- [pfms] [http-nio-8080-exec-3] o.s.w.s.m.m.a.HttpEntityMethodProcessor  : Using 'application/json', given [application/json, text/plain, */*] and supported [application/json, application/*+json, application/yaml]
2026-06-01T20:36:50.076+08:00 DEBUG 31280 --- [pfms] [http-nio-8080-exec-3] o.s.w.s.m.m.a.HttpEntityMethodProcessor  : Writing [[com.app.pfms.Expense.ExpenseDTO@239ff3fa, com.app.pfms.Expense.ExpenseDTO@7d931e98, com.app.pfms.Ex (truncated)...]
2026-06-01T20:36:50.078+08:00 DEBUG 31280 --- [pfms] [http-nio-8080-exec-2] o.j.s.OpenEntityManagerInViewInterceptor : Closing JPA EntityManager in OpenEntityManagerInViewInterceptor
2026-06-01T20:36:50.079+08:00 DEBUG 31280 --- [pfms] [http-nio-8080-exec-2] o.s.web.servlet.DispatcherServlet        : Completed 200 OK
2026-06-01T20:36:50.084+08:00 DEBUG 31280 --- [pfms] [http-nio-8080-exec-3] o.j.s.OpenEntityManagerInViewInterceptor : Closing JPA EntityManager in OpenEntityManagerInViewInterceptor
2026-06-01T20:36:50.085+08:00 DEBUG 31280 --- [pfms] [http-nio-8080-exec-3] o.s.web.servlet.DispatcherServlet        : Completed 200 OK
2026-06-01T20:36:58.727+08:00 DEBUG 31280 --- [pfms] [http-nio-8080-exec-4] o.s.web.servlet.DispatcherServlet        : GET "/budgets/summary", parameters={}
2026-06-01T20:36:58.727+08:00 DEBUG 31280 --- [pfms] [http-nio-8080-exec-4] s.w.s.m.m.a.RequestMappingHandlerMapping : Mapped to com.app.pfms.Budget.BudgetController#retrieveYearlySummaries()
2026-06-01T20:36:58.728+08:00 DEBUG 31280 --- [pfms] [http-nio-8080-exec-4] o.j.s.OpenEntityManagerInViewInterceptor : Opening JPA EntityManager in OpenEntityManagerInViewInterceptor
2026-06-01T20:36:58.728+08:00 DEBUG 31280 --- [pfms] [http-nio-8080-exec-4] o.s.orm.jpa.JpaTransactionManager        : Found thread-bound EntityManager [SessionImpl(1738740967<open>)] for JPA transaction
2026-06-01T20:36:58.728+08:00 DEBUG 31280 --- [pfms] [http-nio-8080-exec-4] o.s.orm.jpa.JpaTransactionManager        : Creating new transaction with name [org.springframework.data.jpa.repository.support.SimpleJpaRepository.findAll]: PROPAGATION_REQUIRED,ISOLATION_DEFAULT,readOnly
2026-06-01T20:36:58.730+08:00 DEBUG 31280 --- [pfms] [http-nio-8080-exec-4] o.s.jdbc.datasource.DataSourceUtils      : Setting JDBC Connection [HikariProxyConnection@31380331 wrapping org.postgresql.jdbc.PgConnection@550fed2a] read-only
2026-06-01T20:36:58.730+08:00 DEBUG 31280 --- [pfms] [http-nio-8080-exec-4] o.s.orm.jpa.JpaTransactionManager        : Exposing JPA transaction as JDBC [org.springframework.orm.jpa.vendor.HibernateJpaDialect$HibernateConnectionHandle@3b74e83]
2026-06-01T20:36:58.734+08:00 DEBUG 31280 --- [pfms] [http-nio-8080-exec-4] org.hibernate.SQL                        : 
    select
        b1_0.id,
        b1_0.allowancesForParents,
        b1_0.debt,
        b1_0.food,
        b1_0.groceries,
        b1_0.haircut,
        b1_0.income,
        b1_0.insurance,
        b1_0.internet,
        b1_0.medical,
        b1_0.misc,
        b1_0.mobilePhone,
        b1_0.month,
        b1_0.mortgage,
        b1_0.retirement,
        b1_0.savings,
        b1_0.tax,
        b1_0.transport,
        b1_0.utilities 
    from
        budget b1_0
2026-06-01T20:36:58.736+08:00 DEBUG 31280 --- [pfms] [http-nio-8080-exec-4] o.s.orm.jpa.JpaTransactionManager        : Initiating transaction commit
2026-06-01T20:36:58.736+08:00 DEBUG 31280 --- [pfms] [http-nio-8080-exec-4] o.s.orm.jpa.JpaTransactionManager        : Committing JPA transaction on EntityManager [SessionImpl(1738740967<open>)]
2026-06-01T20:36:58.737+08:00 DEBUG 31280 --- [pfms] [http-nio-8080-exec-4] o.s.jdbc.datasource.DataSourceUtils      : Resetting read-only flag of JDBC Connection [HikariProxyConnection@31380331 wrapping org.postgresql.jdbc.PgConnection@550fed2a]
2026-06-01T20:36:58.737+08:00 DEBUG 31280 --- [pfms] [http-nio-8080-exec-4] o.s.orm.jpa.JpaTransactionManager        : Not closing pre-bound JPA EntityManager after transaction
2026-06-01T20:36:58.737+08:00 DEBUG 31280 --- [pfms] [http-nio-8080-exec-4] o.s.w.s.m.m.a.HttpEntityMethodProcessor  : Using 'application/json', given [application/json, text/plain, */*] and supported [application/json, application/*+json, application/yaml]
2026-06-01T20:36:58.738+08:00 DEBUG 31280 --- [pfms] [http-nio-8080-exec-4] o.s.w.s.m.m.a.HttpEntityMethodProcessor  : Writing [[com.app.pfms.Budget.BudgetSummaryDTO@4236cbaf, com.app.pfms.Budget.BudgetSummaryDTO@63c034e4, com.a (truncated)...]
2026-06-01T20:36:58.738+08:00 DEBUG 31280 --- [pfms] [http-nio-8080-exec-4] o.j.s.OpenEntityManagerInViewInterceptor : Closing JPA EntityManager in OpenEntityManagerInViewInterceptor
2026-06-01T20:36:58.739+08:00 DEBUG 31280 --- [pfms] [http-nio-8080-exec-4] o.s.web.servlet.DispatcherServlet        : Completed 200 OK
2026-06-01T20:36:58.739+08:00 DEBUG 31280 --- [pfms] [http-nio-8080-exec-4] o.s.web.servlet.DispatcherServlet        : GET "/budgets/summary", parameters={}
2026-06-01T20:36:58.740+08:00 DEBUG 31280 --- [pfms] [http-nio-8080-exec-4] s.w.s.m.m.a.RequestMappingHandlerMapping : Mapped to com.app.pfms.Budget.BudgetController#retrieveYearlySummaries()
2026-06-01T20:36:58.740+08:00 DEBUG 31280 --- [pfms] [http-nio-8080-exec-4] o.j.s.OpenEntityManagerInViewInterceptor : Opening JPA EntityManager in OpenEntityManagerInViewInterceptor
2026-06-01T20:36:58.740+08:00 DEBUG 31280 --- [pfms] [http-nio-8080-exec-4] o.s.orm.jpa.JpaTransactionManager        : Found thread-bound EntityManager [SessionImpl(1622625311<open>)] for JPA transaction
2026-06-01T20:36:58.740+08:00 DEBUG 31280 --- [pfms] [http-nio-8080-exec-4] o.s.orm.jpa.JpaTransactionManager        : Creating new transaction with name [org.springframework.data.jpa.repository.support.SimpleJpaRepository.findAll]: PROPAGATION_REQUIRED,ISOLATION_DEFAULT,readOnly
2026-06-01T20:36:58.740+08:00 DEBUG 31280 --- [pfms] [http-nio-8080-exec-4] o.s.jdbc.datasource.DataSourceUtils      : Setting JDBC Connection [HikariProxyConnection@45229049 wrapping org.postgresql.jdbc.PgConnection@550fed2a] read-only
2026-06-01T20:36:58.740+08:00 DEBUG 31280 --- [pfms] [http-nio-8080-exec-4] o.s.orm.jpa.JpaTransactionManager        : Exposing JPA transaction as JDBC [org.springframework.orm.jpa.vendor.HibernateJpaDialect$HibernateConnectionHandle@76ef90d4]
2026-06-01T20:36:58.742+08:00 DEBUG 31280 --- [pfms] [http-nio-8080-exec-4] org.hibernate.SQL                        : 
    select
        b1_0.id,
        b1_0.allowancesForParents,
        b1_0.debt,
        b1_0.food,
        b1_0.groceries,
        b1_0.haircut,
        b1_0.income,
        b1_0.insurance,
        b1_0.internet,
        b1_0.medical,
        b1_0.misc,
        b1_0.mobilePhone,
        b1_0.month,
        b1_0.mortgage,
        b1_0.retirement,
        b1_0.savings,
        b1_0.tax,
        b1_0.transport,
        b1_0.utilities 
    from
        budget b1_0
2026-06-01T20:36:58.744+08:00 DEBUG 31280 --- [pfms] [http-nio-8080-exec-4] o.s.orm.jpa.JpaTransactionManager        : Initiating transaction commit
2026-06-01T20:36:58.744+08:00 DEBUG 31280 --- [pfms] [http-nio-8080-exec-4] o.s.orm.jpa.JpaTransactionManager        : Committing JPA transaction on EntityManager [SessionImpl(1622625311<open>)]
2026-06-01T20:36:58.744+08:00 DEBUG 31280 --- [pfms] [http-nio-8080-exec-4] o.s.jdbc.datasource.DataSourceUtils      : Resetting read-only flag of JDBC Connection [HikariProxyConnection@45229049 wrapping org.postgresql.jdbc.PgConnection@550fed2a]
2026-06-01T20:36:58.744+08:00 DEBUG 31280 --- [pfms] [http-nio-8080-exec-4] o.s.orm.jpa.JpaTransactionManager        : Not closing pre-bound JPA EntityManager after transaction
2026-06-01T20:36:58.745+08:00 DEBUG 31280 --- [pfms] [http-nio-8080-exec-4] o.s.w.s.m.m.a.HttpEntityMethodProcessor  : Using 'application/json', given [application/json, text/plain, */*] and supported [application/json, application/*+json, application/yaml]
2026-06-01T20:36:58.745+08:00 DEBUG 31280 --- [pfms] [http-nio-8080-exec-4] o.s.w.s.m.m.a.HttpEntityMethodProcessor  : Writing [[com.app.pfms.Budget.BudgetSummaryDTO@4fd29652, com.app.pfms.Budget.BudgetSummaryDTO@4b3a7586, com.a (truncated)...]
2026-06-01T20:36:58.746+08:00 DEBUG 31280 --- [pfms] [http-nio-8080-exec-4] o.j.s.OpenEntityManagerInViewInterceptor : Closing JPA EntityManager in OpenEntityManagerInViewInterceptor
2026-06-01T20:36:58.746+08:00 DEBUG 31280 --- [pfms] [http-nio-8080-exec-4] o.s.web.servlet.DispatcherServlet        : Completed 200 OK
2026-06-01T20:37:00.824+08:00 DEBUG 31280 --- [pfms] [http-nio-8080-exec-6] o.s.web.servlet.DispatcherServlet        : GET "/budgets/summary/export", parameters={}
2026-06-01T20:37:00.825+08:00 DEBUG 31280 --- [pfms] [http-nio-8080-exec-6] s.w.s.m.m.a.RequestMappingHandlerMapping : Mapped to com.app.pfms.Budget.BudgetController#exportYearlySummaries()
2026-06-01T20:37:00.825+08:00 DEBUG 31280 --- [pfms] [http-nio-8080-exec-6] o.j.s.OpenEntityManagerInViewInterceptor : Opening JPA EntityManager in OpenEntityManagerInViewInterceptor
2026-06-01T20:37:00.826+08:00 DEBUG 31280 --- [pfms] [http-nio-8080-exec-6] o.s.orm.jpa.JpaTransactionManager        : Found thread-bound EntityManager [SessionImpl(838190826<open>)] for JPA transaction
2026-06-01T20:37:00.826+08:00 DEBUG 31280 --- [pfms] [http-nio-8080-exec-6] o.s.orm.jpa.JpaTransactionManager        : Creating new transaction with name [org.springframework.data.jpa.repository.support.SimpleJpaRepository.findAll]: PROPAGATION_REQUIRED,ISOLATION_DEFAULT,readOnly
2026-06-01T20:37:00.826+08:00 DEBUG 31280 --- [pfms] [http-nio-8080-exec-6] o.s.jdbc.datasource.DataSourceUtils      : Setting JDBC Connection [HikariProxyConnection@1781527477 wrapping org.postgresql.jdbc.PgConnection@550fed2a] read-only
2026-06-01T20:37:00.826+08:00 DEBUG 31280 --- [pfms] [http-nio-8080-exec-6] o.s.orm.jpa.JpaTransactionManager        : Exposing JPA transaction as JDBC [org.springframework.orm.jpa.vendor.HibernateJpaDialect$HibernateConnectionHandle@2a6c622e]
2026-06-01T20:37:00.828+08:00 DEBUG 31280 --- [pfms] [http-nio-8080-exec-6] org.hibernate.SQL                        : 
    select
        b1_0.id,
        b1_0.allowancesForParents,
        b1_0.debt,
        b1_0.food,
        b1_0.groceries,
        b1_0.haircut,
        b1_0.income,
        b1_0.insurance,
        b1_0.internet,
        b1_0.medical,
        b1_0.misc,
        b1_0.mobilePhone,
        b1_0.month,
        b1_0.mortgage,
        b1_0.retirement,
        b1_0.savings,
        b1_0.tax,
        b1_0.transport,
        b1_0.utilities 
    from
        budget b1_0
2026-06-01T20:37:00.829+08:00 DEBUG 31280 --- [pfms] [http-nio-8080-exec-6] o.s.orm.jpa.JpaTransactionManager        : Initiating transaction commit
2026-06-01T20:37:00.829+08:00 DEBUG 31280 --- [pfms] [http-nio-8080-exec-6] o.s.orm.jpa.JpaTransactionManager        : Committing JPA transaction on EntityManager [SessionImpl(838190826<open>)]
2026-06-01T20:37:00.829+08:00 DEBUG 31280 --- [pfms] [http-nio-8080-exec-6] o.s.jdbc.datasource.DataSourceUtils      : Resetting read-only flag of JDBC Connection [HikariProxyConnection@1781527477 wrapping org.postgresql.jdbc.PgConnection@550fed2a]
2026-06-01T20:37:00.830+08:00 DEBUG 31280 --- [pfms] [http-nio-8080-exec-6] o.s.orm.jpa.JpaTransactionManager        : Not closing pre-bound JPA EntityManager after transaction
2026-06-01T20:37:00.873+08:00 DEBUG 31280 --- [pfms] [http-nio-8080-exec-6] o.s.w.s.m.m.a.HttpEntityMethodProcessor  : Found 'Content-Type:application/vnd.openxmlformats-officedocument.spreadsheetml.sheet' in response
2026-06-01T20:37:00.874+08:00 DEBUG 31280 --- [pfms] [http-nio-8080-exec-6] o.s.w.s.m.m.a.HttpEntityMethodProcessor  : Writing [InputStream resource [resource loaded through InputStream]]
2026-06-01T20:37:00.874+08:00 DEBUG 31280 --- [pfms] [http-nio-8080-exec-6] o.j.s.OpenEntityManagerInViewInterceptor : Closing JPA EntityManager in OpenEntityManagerInViewInterceptor
2026-06-01T20:37:00.874+08:00 DEBUG 31280 --- [pfms] [http-nio-8080-exec-6] o.s.web.servlet.DispatcherServlet        : Completed 200 OK
2026-06-01T20:38:27.936+08:00 DEBUG 31280 --- [pfms] [SpringApplicationShutdownHook] o.s.b.a.ApplicationAvailabilityBean      : Application availability state ReadinessState changed from ACCEPTING_TRAFFIC to REFUSING_TRAFFIC
2026-06-01T20:38:27.936+08:00 DEBUG 31280 --- [pfms] [SpringApplicationShutdownHook] ConfigServletWebServerApplicationContext : Closing org.springframework.boot.web.server.servlet.context.AnnotationConfigServletWebServerApplicationContext@5a013a75, started on Mon Jun 01 20:33:28 SGT 2026
2026-06-01T20:38:27.937+08:00 DEBUG 31280 --- [pfms] [SpringApplicationShutdownHook] o.s.c.support.DefaultLifecycleProcessor  : Stopping beans in phase 2147482623
2026-06-01T20:38:27.937+08:00  INFO 31280 --- [pfms] [SpringApplicationShutdownHook] o.s.boot.tomcat.GracefulShutdown         : Commencing graceful shutdown. Waiting for active requests to complete
2026-06-01T20:38:27.940+08:00  INFO 31280 --- [pfms] [tomcat-shutdown] o.s.boot.tomcat.GracefulShutdown         : Graceful shutdown complete
2026-06-01T20:38:27.940+08:00 DEBUG 31280 --- [pfms] [tomcat-shutdown] o.s.c.support.DefaultLifecycleProcessor  : Bean 'webServerGracefulShutdown' completed its stop procedure
2026-06-01T20:38:27.940+08:00 DEBUG 31280 --- [pfms] [SpringApplicationShutdownHook] o.s.c.support.DefaultLifecycleProcessor  : Stopping beans in phase 2147481599
2026-06-01T20:38:27.942+08:00 DEBUG 31280 --- [pfms] [SpringApplicationShutdownHook] o.s.c.support.DefaultLifecycleProcessor  : Bean 'webServerStartStop' completed its stop procedure
2026-06-01T20:38:27.942+08:00 DEBUG 31280 --- [pfms] [SpringApplicationShutdownHook] o.s.c.support.DefaultLifecycleProcessor  : Stopping beans in phase 1073741823
2026-06-01T20:38:27.942+08:00 DEBUG 31280 --- [pfms] [SpringApplicationShutdownHook] o.s.c.support.DefaultLifecycleProcessor  : Bean 'applicationTaskExecutor' completed its stop procedure
2026-06-01T20:38:27.942+08:00 DEBUG 31280 --- [pfms] [SpringApplicationShutdownHook] o.s.c.support.DefaultLifecycleProcessor  : Stopping beans in phase -2147483647
2026-06-01T20:38:27.942+08:00 DEBUG 31280 --- [pfms] [SpringApplicationShutdownHook] o.s.c.support.DefaultLifecycleProcessor  : Bean 'springBootLoggingLifecycle' completed its stop procedure
2026-06-01T20:38:27.943+08:00 DEBUG 31280 --- [pfms] [SpringApplicationShutdownHook] o.s.s.c.ThreadPoolTaskScheduler          : Shutting down ExecutorService 'taskScheduler'
2026-06-01T20:38:27.943+08:00  INFO 31280 --- [pfms] [SpringApplicationShutdownHook] j.LocalContainerEntityManagerFactoryBean : Closing JPA EntityManagerFactory for persistence unit 'default'
2026-06-01T20:38:27.944+08:00  INFO 31280 --- [pfms] [SpringApplicationShutdownHook] com.zaxxer.hikari.HikariDataSource       : HikariPool-2 - Shutdown initiated...
2026-06-01T20:38:27.946+08:00  INFO 31280 --- [pfms] [SpringApplicationShutdownHook] com.zaxxer.hikari.HikariDataSource       : HikariPool-2 - Shutdown completed.
2026-06-01T20:38:27.946+08:00 DEBUG 31280 --- [pfms] [SpringApplicationShutdownHook] o.s.s.concurrent.ThreadPoolTaskExecutor  : Shutting down ExecutorService 'applicationTaskExecutor'
